order_id,customer_id,order_date,product_category,product_name,quantity,unit_price,discount_percent,subtotal,shipping_cost,tax_amount,total_amount,payment_method,order_status,shipping_method,sales_channel,coupon_code,delivery_days,customer_rating
84426079,547877,2025-12-20,Electronics,Bluetooth Speaker,1,69.95,21,69.95,5.9,11.05,72.21,Google Pay,Delivered,Standard,Mobile App,SAVE15,5,5
15571324,734767,2025-08-07,Books & Office,Office Chair,1,171.03,0,171.03,0.0,34.21,205.24,Google Pay,Delivered,Standard,Mobile App,,5,4
22016914,146198,2024-11-18,Home & Kitchen,Air Fryer,2,113.01,8,226.02,0.0,41.59,249.53,Credit Card,Delivered,Standard,Marketplace,FREESHIP,3,4
84877538,657545,2025-12-17,Beauty,Skin Care Set,1,92.21,6,92.21,5.9,17.34,109.92,Credit Card,Delivered,Standard,Website,,5,4
86534254,990071,2024-09-14,Beauty,Electric Toothbrush,3,83.48,5,250.44,0.0,47.58,285.5,Apple Pay,Delivered,Standard,Mobile App,SAVE15,4,4
76202063,644311,2024-12-10,Home & Kitchen,Cookware Set,1,147.47,16,147.47,0.0,18.58,142.45,Apple Pay,Delivered,Standard,Marketplace,FREESHIP,3,4
35442165,412096,2025-11-01,Electronics,Mechanical Keyboard,1,97.27,29,97.27,12.9,13.81,95.77,Credit Card,Delivered,Express,Mobile App,,2,4
44683364,136007,2025-06-07,Beauty,Perfume,1,95.85,10,95.85,5.9,17.25,109.41,Credit Card,Delivered,Standard,Marketplace,WELCOME10,2,5
98956378,908200,2025-08-07,Electronics,Bluetooth Speaker,2,69.22,32,138.44,0.0,18.83,112.97,Google Pay,Delivered,Standard,Mobile App,FREESHIP,4,5
22524350,725173,2025-08-14,Sports,Cycling Helmet,1,71.27,0,71.27,5.9,14.25,91.42,Apple Pay,Delivered,Standard,Website,,5,4
86293474,746525,2025-12-08,Fashion,Cotton Hoodie,2,67.06,4,134.12,12.9,25.75,167.41,Apple Pay,Delivered,Express,Website,VIP20,5,4
73179027,550396,2024-05-05,Home & Kitchen,Cookware Set,1,174.07,4,174.07,0.0,33.42,200.53,Credit Card,Delivered,Standard,Mobile App,SAVE15,3,4
53237834,323672,2025-11-11,Sports,Fitness Tracker,1,96.96,9,96.96,5.9,17.65,111.78,Bank Transfer,Delivered,Standard,Mobile App,SAVE15,3,5
40818525,953303,2025-05-05,Sports,Dumbbell Set,1,119.31,25,119.31,0.0,17.9,0.0,Google Pay,Cancelled,Pickup,Website,VIP20,,
81938871,372597,2025-08-25,Sports,Dumbbell Set,3,123.03,2,369.09,0.0,72.34,0.0,Apple Pay,Cancelled,Standard,Website,VIP20,,
61899015,799268,2025-09-18,Beauty,Makeup Kit,3,61.47,12,184.41,0.0,32.46,194.74,Credit Card,Delivered,Standard,Website,FREESHIP,4,5
38225660,571089,2025-07-22,Fashion,Running Shoes,3,99.91,19,299.73,0.0,48.56,291.34,Credit Card,Delivered,Pickup,Website,,2,4
52970107,955069,2025-07-14,Electronics,Smart Watch,3,119.16,2,357.48,0.0,52.55,402.88,Credit Card,Delivered,Standard,Website,,3,5
91382111,833845,2024-05-17,Electronics,USB-C Hub,1,44.81,24,44.81,5.9,6.81,0.0,Credit Card,Cancelled,Standard,Marketplace,FREESHIP,,
56060524,422958,2025-10-08,Beauty,Perfume,1,100.31,20,100.31,0.0,16.05,96.3,Credit Card,Delivered,Pickup,Mobile App,SAVE15,1,5
55515566,775778,2025-12-18,Home & Kitchen,Air Fryer,1,135.18,4,135.18,0.0,25.95,155.72,PayPal,Delivered,Standard,Marketplace,,6,4
83038688,940815,2025-08-11,Beauty,Perfume,1,90.73,15,90.73,5.9,15.42,98.44,Google Pay,Delivered,Standard,Mobile App,VIP20,5,4
90203162,633842,2025-11-16,Electronics,USB-C Hub,2,47.19,13,94.38,5.9,6.32,94.33,Credit Card,Delivered,Standard,Mobile App,,3,3
63572784,726493,2025-05-26,Beauty,Skin Care Set,2,83.1,12,166.2,0.0,11.26,157.52,PayPal,Delivered,Standard,Mobile App,VIP20,3,4
92243121,452641,2025-10-02,Home & Kitchen,Coffee Maker,1,107.69,12,107.69,5.9,18.95,119.62,Bank Transfer,Delivered,Standard,Website,,3,5
41677774,463147,2025-09-24,Home & Kitchen,Air Fryer,1,123.46,0,123.46,0.0,24.69,148.15,Bank Transfer,Delivered,Standard,Website,,5,4
19219722,940815,2025-10-08,Electronics,Wireless Headphones,1,104.69,20,104.69,5.9,16.75,106.4,Apple Pay,Delivered,Standard,Website,WELCOME10,7,3
69346183,799268,2025-07-04,Home & Kitchen,Desk Lamp,2,48.49,14,96.98,5.9,16.68,105.98,PayPal,Delivered,Standard,Mobile App,,3,5
70846991,444949,2024-05-21,Fashion,Running Shoes,5,109.13,7,545.65,0.0,101.49,608.94,Credit Card,Delivered,Pickup,Mobile App,VIP20,1,3
95404636,433309,2025-12-31,Fashion,Running Shoes,1,112.03,14,112.03,5.9,19.27,121.52,Credit Card,Delivered,Standard,Website,,3,4
78680216,766181,2025-11-04,Books & Office,Office Chair,1,208.95,19,208.95,0.0,33.85,203.1,Credit Card,Delivered,Standard,Mobile App,SAVE15,6,5
57026246,889635,2025-05-22,Sports,Dumbbell Set,3,116.01,22,348.03,0.0,54.29,325.75,Bank Transfer,Delivered,Standard,Website,,3,4
29507589,536837,2025-09-01,Home & Kitchen,Cookware Set,1,168.98,5,168.98,0.0,32.11,192.64,Credit Card,Delivered,Standard,Mobile App,VIP20,5,4
98739046,334627,2024-12-01,Fashion,Backpack,1,73.82,29,73.82,12.9,10.48,75.79,Apple Pay,Delivered,Express,Website,VIP20,1,4
88174148,597105,2025-10-09,Electronics,USB-C Hub,2,47.85,12,95.7,12.9,16.84,113.96,PayPal,Delivered,Express,Mobile App,SAVE15,1,5
67004877,129611,2025-05-17,Fashion,Running Shoes,1,114.21,15,114.21,5.9,19.42,122.4,Credit Card,Delivered,Standard,Website,SAVE15,5,5
27915795,703633,2025-09-29,Sports,Dumbbell Set,1,106.77,5,106.77,5.9,20.29,127.62,Credit Card,Delivered,Standard,Website,WELCOME10,5,5
43596193,166447,2025-10-19,Beauty,Electric Toothbrush,2,75.74,15,151.48,0.0,25.75,154.51,Credit Card,Delivered,Standard,Website,,5,5
61399988,593958,2025-08-23,Beauty,Hair Dryer,1,62.56,15,62.56,5.9,10.64,69.72,Credit Card,Delivered,Standard,Mobile App,,3,5
39529181,243318,2025-12-21,Sports,Fitness Tracker,1,90.34,13,90.34,5.9,15.72,100.22,PayPal,Delivered,Standard,Mobile App,,6,
98610572,222579,2025-04-30,Fashion,Classic Jeans,1,68.73,2,68.73,5.9,13.47,86.73,Apple Pay,Delivered,Standard,Mobile App,FREESHIP,4,5
51772511,985158,2025-08-02,Books & Office,Data Analytics Book,3,41.03,2,123.09,12.9,24.13,157.66,PayPal,Delayed,Express,Website,,2,4
15898412,455270,2025-02-16,Fashion,Running Shoes,2,118.43,19,236.86,0.0,38.37,230.23,Bank Transfer,Delivered,Pickup,Mobile App,,1,4
60322952,815011,2025-05-30,Electronics,USB-C Hub,3,44.94,10,134.82,0.0,24.27,145.61,Credit Card,Returned,Standard,Marketplace,,6,
39081984,743949,2025-01-23,Home & Kitchen,Blender,1,91.64,16,91.64,5.9,5.93,88.81,Apple Pay,Delivered,Standard,Mobile App,WELCOME10,5,4
47065616,152133,2025-12-18,Electronics,Smart Watch,4,136.4,14,545.6,0.0,93.84,563.06,Credit Card,Delivered,Standard,Mobile App,VIP20,4,4
93915249,616780,2025-08-05,Electronics,Bluetooth Speaker,2,67.14,12,134.28,0.0,23.63,141.8,Credit Card,Delivered,Standard,Mobile App,,5,3
61501091,684041,2025-12-26,Electronics,Bluetooth Speaker,2,73.48,14,146.96,12.9,25.28,164.57,Credit Card,Delivered,Express,Marketplace,,3,3
97482280,900448,2025-12-10,Fashion,Classic Jeans,1,68.92,26,68.92,5.9,7.65,64.55,Credit Card,Delivered,Standard,Mobile App,,4,5
19423631,401624,2025-08-08,Home & Kitchen,Blender,3,78.42,0,235.26,0.0,47.05,282.31,Apple Pay,Delivered,Standard,Website,,3,4
64476390,429479,2025-10-14,Home & Kitchen,Blender,2,80.47,27,160.94,0.0,23.5,140.99,PayPal,Delivered,Standard,Website,WELCOME10,4,5
34550944,784382,2025-12-30,Beauty,Makeup Kit,2,66.25,4,132.5,0.0,25.44,152.64,Credit Card,Delivered,Standard,Website,,5,4
72517670,249658,2025-06-15,Sports,Fitness Tracker,1,106.16,10,106.16,0.0,19.11,114.65,PayPal,Returned,Pickup,Website,,2,
50284542,888971,2025-11-11,Home & Kitchen,Coffee Maker,1,99.49,14,99.49,0.0,12.83,98.39,Credit Card,Delivered,Pickup,Website,WELCOME10,1,4
66992445,888971,2025-05-30,Electronics,Wireless Headphones,1,82.24,25,82.24,5.9,9.25,76.83,Credit Card,Delivered,Standard,Website,VIP20,5,5
80883678,947580,2024-09-08,Beauty,Electric Toothbrush,1,72.87,0,72.87,0.0,14.57,87.44,Credit Card,Delivered,Pickup,Mobile App,,1,4
12974183,900924,2024-10-29,Electronics,Wireless Headphones,2,78.08,5,156.16,12.9,29.67,190.92,Bank Transfer,Delivered,Express,Website,WELCOME10,1,3
59194461,807287,2025-03-07,Sports,Dumbbell Set,1,130.16,24,130.16,12.9,19.78,0.0,Apple Pay,Cancelled,Express,Mobile App,,,
93512562,323345,2024-06-28,Fashion,Winter Jacket,1,160.31,5,160.31,0.0,30.46,182.75,Credit Card,Delivered,Standard,Marketplace,WELCOME10,3,5
45567312,866265,2024-10-20,Fashion,Winter Jacket,1,179.84,2,179.84,12.9,35.25,224.39,Credit Card,Delivered,Express,Mobile App,,2,4
20318619,657545,2024-11-17,Fashion,Winter Jacket,1,192.56,6,192.56,0.0,36.2,217.21,Apple Pay,Delivered,Pickup,Mobile App,FREESHIP,1,
35487154,503699,2025-01-05,Books & Office,Data Analytics Book,1,41.14,24,41.14,5.9,6.25,43.42,Google Pay,Delivered,Standard,Website,WELCOME10,4,5
42360072,363814,2025-12-16,Home & Kitchen,Cookware Set,1,165.06,18,165.06,0.0,27.07,162.42,Google Pay,Delivered,Standard,Mobile App,,4,5
21514406,149113,2024-12-08,Home & Kitchen,Blender,2,76.78,21,153.56,12.9,24.26,158.47,PayPal,Delivered,Express,Website,,1,4
15892067,521348,2025-12-26,Fashion,Cotton Hoodie,3,63.0,19,189.0,0.0,30.62,183.71,Bank Transfer,Delivered,Standard,Website,WELCOME10,3,5
58027391,249557,2025-07-02,Fashion,Running Shoes,1,99.61,2,99.61,0.0,19.52,117.14,Google Pay,Delivered,Pickup,Mobile App,FREESHIP,2,4
32044871,549554,2025-11-04,Sports,Dumbbell Set,2,102.09,8,204.18,0.0,37.57,225.42,Google Pay,Delivered,Standard,Marketplace,SAVE15,5,3
24303926,722493,2025-08-02,Beauty,Hair Dryer,4,69.67,20,278.68,0.0,44.59,267.53,Credit Card,Delivered,Standard,Marketplace,,5,5
58529799,888971,2025-05-10,Beauty,Electric Toothbrush,1,80.81,5,80.81,5.9,11.52,94.19,Google Pay,Returned,Standard,Website,FREESHIP,3,
71759562,913479,2024-09-02,Electronics,Smart Watch,2,150.81,15,301.62,0.0,51.28,307.66,Bank Transfer,Delivered,Pickup,Mobile App,,1,5
91811316,874848,2025-05-03,Sports,Resistance Bands,1,30.51,30,30.51,0.0,4.27,25.63,Credit Card,Delivered,Pickup,Mobile App,SAVE15,1,5
64448250,319377,2024-09-16,Electronics,USB-C Hub,1,45.81,14,45.81,12.9,7.88,60.18,Apple Pay,Delivered,Express,Mobile App,,1,3
41829421,736777,2025-11-07,Books & Office,Data Analytics Book,1,42.84,29,42.84,0.0,6.08,36.5,Credit Card,Delivered,Pickup,Website,,3,5
20016921,871400,2025-11-24,Sports,Fitness Tracker,2,98.11,31,196.22,0.0,27.08,162.47,Credit Card,Delivered,Standard,Marketplace,FREESHIP,5,
46787031,317282,2025-04-19,Beauty,Perfume,1,100.7,19,100.7,5.9,16.31,103.78,Credit Card,Delivered,Standard,Mobile App,,5,4
64941789,295940,2025-01-26,Sports,Cycling Helmet,1,71.86,6,71.86,5.9,13.51,86.96,Credit Card,Delivered,Standard,Mobile App,VIP20,3,5
14007706,391759,2025-06-23,Fashion,Backpack,1,67.79,2,67.79,0.0,9.96,76.39,Credit Card,Delivered,Pickup,Marketplace,VIP20,1,4
98426136,754716,2024-10-29,Sports,Resistance Bands,3,29.8,0,89.4,5.9,17.88,113.18,Apple Pay,Delivered,Standard,Website,,4,4
35016582,295623,2025-12-16,Home & Kitchen,Air Fryer,1,152.51,9,152.51,0.0,10.69,149.47,Credit Card,Delivered,Standard,Mobile App,,4,5
30334769,743949,2025-06-23,Fashion,Winter Jacket,2,199.11,14,398.22,0.0,26.37,368.84,Credit Card,Delivered,Standard,Mobile App,,4,4
19630745,499852,2025-03-01,Beauty,Electric Toothbrush,1,73.91,27,73.91,5.9,10.79,70.64,Credit Card,Delivered,Standard,Website,,5,3
35196027,357823,2024-02-22,Home & Kitchen,Coffee Maker,1,106.12,20,106.12,0.0,12.74,97.64,Bank Transfer,Delivered,Pickup,Website,WELCOME10,1,5
78577473,746525,2025-11-19,Home & Kitchen,Desk Lamp,1,48.02,14,48.02,5.9,8.26,55.46,Credit Card,Delivered,Standard,Mobile App,FREESHIP,4,4
72925834,422131,2024-10-20,Beauty,Perfume,2,101.79,5,203.58,12.9,38.68,244.98,PayPal,Delivered,Express,Mobile App,WELCOME10,1,3
76775195,927673,2025-07-17,Home & Kitchen,Coffee Maker,1,92.4,9,92.4,5.9,16.82,106.8,Apple Pay,Delayed,Standard,Website,,7,3
42861329,322768,2025-04-21,Sports,Dumbbell Set,1,110.22,7,110.22,5.9,20.5,128.9,Credit Card,Delivered,Standard,Mobile App,,3,4
54227315,473815,2025-11-15,Sports,Dumbbell Set,1,106.05,4,106.05,0.0,15.27,117.08,Bank Transfer,Delivered,Pickup,Mobile App,,1,4
67647391,265833,2025-11-21,Beauty,Makeup Kit,1,59.61,16,59.61,5.9,10.01,65.98,Bank Transfer,Delivered,Standard,Website,FREESHIP,4,5
77035738,688526,2025-09-04,Beauty,Perfume,1,99.2,5,99.2,5.9,18.85,118.99,Bank Transfer,Delivered,Standard,Website,,2,5
90934653,688526,2025-11-02,Books & Office,Data Analytics Book,3,41.61,4,124.83,0.0,23.97,143.81,Apple Pay,Delayed,Standard,Website,VIP20,7,3
97548404,433309,2025-12-22,Home & Kitchen,Coffee Maker,2,80.86,29,161.72,0.0,22.96,137.78,Apple Pay,Delivered,Standard,Website,,6,5
86887303,593958,2025-06-10,Books & Office,Notebook Set,5,22.85,20,114.25,5.9,18.28,115.58,Credit Card,Delayed,Standard,Website,,8,4
30707919,649861,2024-12-06,Books & Office,Data Analytics Book,1,45.1,4,45.1,12.9,8.66,64.86,Google Pay,Delivered,Express,Mobile App,SAVE15,1,4
89514367,100813,2025-10-20,Sports,Yoga Mat,1,37.78,15,37.78,12.9,6.42,51.43,Apple Pay,Delivered,Express,Mobile App,VIP20,2,4
73380531,395181,2025-08-16,Beauty,Skin Care Set,2,84.0,5,168.0,0.0,31.92,191.52,Credit Card,Delivered,Standard,Marketplace,VIP20,4,5
40477354,352457,2025-09-07,Home & Kitchen,Coffee Maker,3,106.62,22,319.86,0.0,49.9,299.39,Credit Card,Delivered,Standard,Website,VIP20,6,3
44270243,481750,2025-12-06,Electronics,Mechanical Keyboard,1,105.79,14,105.79,12.9,18.2,122.08,Credit Card,Delayed,Express,Marketplace,FREESHIP,6,4
75252591,740180,2025-12-15,Sports,Dumbbell Set,2,123.42,19,246.84,0.0,39.99,239.93,Credit Card,Delivered,Standard,Website,,5,5
39112365,801451,2025-12-05,Home & Kitchen,Air Fryer,4,142.87,4,571.48,0.0,82.29,630.91,Apple Pay,Delivered,Pickup,Mobile App,WELCOME10,1,5
22555400,119473,2025-10-24,Electronics,Mechanical Keyboard,1,103.95,10,103.95,5.9,18.71,0.0,Apple Pay,Cancelled,Standard,Mobile App,,,
66874280,627996,2024-12-01,Home & Kitchen,Air Fryer,1,136.34,11,136.34,0.0,18.2,139.54,Credit Card,Delivered,Standard,Marketplace,,7,4
65838043,547877,2025-01-25,Fashion,Classic Jeans,1,67.81,14,67.81,0.0,11.66,69.98,Bank Transfer,Delivered,Pickup,Mobile App,,1,5
32971883,773617,2024-01-27,Beauty,Electric Toothbrush,1,77.41,7,77.41,0.0,10.8,82.79,Credit Card,Delivered,Pickup,Website,WELCOME10,1,4
17226583,847964,2025-10-13,Books & Office,Office Chair,2,212.41,5,424.82,0.0,80.72,0.0,Apple Pay,Cancelled,Standard,Website,,,
73846339,492888,2025-12-04,Electronics,USB-C Hub,2,48.63,4,97.26,5.9,18.67,117.94,Apple Pay,Delivered,Standard,Mobile App,,3,4
62897508,694107,2025-12-02,Home & Kitchen,Cookware Set,1,187.65,21,187.65,0.0,29.65,177.89,Credit Card,Delivered,Standard,Mobile App,,3,5
90218402,866265,2025-06-07,Electronics,Wireless Headphones,1,63.18,27,63.18,5.9,9.22,61.24,Credit Card,Delivered,Standard,Website,,6,4
21505810,867969,2024-08-07,Fashion,Winter Jacket,1,184.21,29,184.21,0.0,26.16,156.95,PayPal,Delivered,Standard,Mobile App,FREESHIP,5,4
55483969,178261,2025-05-12,Fashion,Winter Jacket,1,175.46,2,175.46,0.0,34.39,206.34,Credit Card,Delivered,Standard,Mobile App,WELCOME10,4,3
81108533,218807,2025-03-01,Books & Office,Office Chair,2,228.56,20,457.12,12.9,73.14,451.74,Bank Transfer,Delivered,Express,Marketplace,,1,3
60371502,853843,2024-06-05,Electronics,USB-C Hub,1,44.22,12,44.22,5.9,7.78,52.59,PayPal,Delivered,Standard,Website,WELCOME10,3,4
58262718,914638,2025-05-16,Home & Kitchen,Cookware Set,1,148.88,7,148.88,0.0,27.69,166.15,PayPal,Delivered,Standard,Website,,5,5
29424287,178261,2025-08-28,Home & Kitchen,Desk Lamp,2,50.83,2,101.66,0.0,19.93,119.56,Apple Pay,Delivered,Pickup,Website,SAVE15,1,5
58262988,238295,2025-11-20,Sports,Dumbbell Set,3,128.09,4,384.27,0.0,73.78,442.68,PayPal,Delivered,Pickup,Website,,1,4
78078868,250538,2025-06-13,Beauty,Hair Dryer,2,61.02,12,122.04,0.0,21.48,128.88,,Delivered,Standard,Website,,5,3
78498590,711699,2025-12-09,Electronics,Wireless Headphones,1,90.74,9,90.74,12.9,6.36,101.83,Credit Card,Delivered,Express,Website,,1,3
16603821,272038,2025-06-16,Home & Kitchen,Blender,1,80.05,5,80.05,0.0,15.21,0.0,Apple Pay,Cancelled,Pickup,Website,VIP20,,
51084355,152133,2025-05-18,Beauty,Electric Toothbrush,1,73.91,10,73.91,5.9,13.3,85.72,PayPal,Delivered,Standard,Website,SAVE15,5,4
61537191,343698,2025-01-08,Sports,Yoga Mat,1,38.95,12,38.95,5.9,6.86,47.04,Apple Pay,Delivered,Standard,Website,VIP20,2,4
78252118,634219,2025-12-28,Electronics,USB-C Hub,2,44.82,4,89.64,5.9,17.21,109.16,Bank Transfer,Delivered,Standard,Website,VIP20,5,4
73647297,949242,2025-11-06,Beauty,Hair Dryer,1,63.16,34,63.16,12.9,8.34,62.93,Credit Card,Delivered,Express,Website,VIP20,2,4
50542774,226741,2025-08-10,Books & Office,Monitor Stand,2,43.66,0,87.32,0.0,17.46,104.78,Credit Card,Returned,Pickup,Website,,1,
95661654,433309,2025-12-29,Electronics,Wireless Headphones,2,100.0,24,200.0,12.9,30.4,195.3,Credit Card,Delivered,Express,Mobile App,VIP20,2,4
78091047,477026,2024-04-09,Home & Kitchen,Air Fryer,1,136.89,20,136.89,0.0,21.9,131.41,Credit Card,Delivered,Standard,Website,,5,5
16413461,527499,2025-06-03,Electronics,USB-C Hub,4,44.97,15,179.88,0.0,30.58,183.48,Bank Transfer,Delivered,Standard,Website,WELCOME10,2,5
51265765,136522,2025-09-30,Books & Office,Data Analytics Book,2,45.67,17,91.34,5.9,15.16,96.87,PayPal,Delivered,Standard,Marketplace,,3,3
60139475,906510,2025-07-31,Beauty,Hair Dryer,1,67.07,19,67.07,5.9,4.18,64.41,PayPal,Delivered,Standard,Website,FREESHIP,4,5
89572380,648698,2025-11-04,Electronics,Smart Watch,1,127.05,4,127.05,0.0,18.3,140.27,Credit Card,Delivered,Pickup,Mobile App,,1,
11804981,791320,2025-02-20,Home & Kitchen,Air Fryer,1,142.18,7,142.18,0.0,26.45,158.68,PayPal,Delivered,Standard,Mobile App,,6,5
57296898,328733,2025-03-24,Fashion,Cotton Hoodie,1,61.81,27,61.81,5.9,9.02,60.04,PayPal,Delayed,Standard,Mobile App,WELCOME10,5,4
43248446,233651,2025-11-07,Electronics,USB-C Hub,2,42.2,4,84.4,5.9,16.2,103.12,Credit Card,Delivered,Standard,Website,FREESHIP,4,5
18375640,951634,2025-05-02,Home & Kitchen,Desk Lamp,1,55.75,14,55.75,5.9,9.59,63.44,Bank Transfer,Delivered,Standard,Mobile App,,6,4
88222887,958830,2025-12-14,Electronics,USB-C Hub,4,43.87,4,175.48,12.9,12.97,194.33,PayPal,Delivered,Express,Website,VIP20,3,4
71199801,114582,2025-06-14,Electronics,USB-C Hub,3,40.21,12,120.63,12.9,21.23,140.28,Bank Transfer,Delivered,Express,Mobile App,,3,5
63087148,560426,2025-07-04,Fashion,Winter Jacket,1,180.42,4,180.42,0.0,34.64,207.84,Google Pay,Delivered,Standard,Mobile App,,5,3
83485237,801451,2025-12-30,Home & Kitchen,Coffee Maker,4,100.92,19,403.68,0.0,49.05,376.03,Credit Card,Delivered,Standard,Mobile App,,2,4
82978766,657545,2025-11-06,Books & Office,Office Chair,2,217.68,16,435.36,12.9,73.14,451.74,Credit Card,Delivered,Express,Mobile App,,2,4
28493120,825650,2025-08-24,Electronics,Smart Watch,1,136.97,17,136.97,12.9,22.74,149.33,,Delivered,Express,Mobile App,FREESHIP,1,3
88019584,167359,2025-03-04,Electronics,Smart Watch,2,152.79,4,305.58,12.9,58.67,364.93,Bank Transfer,Delivered,Express,Website,VIP20,2,5
14467415,869875,2025-07-25,Electronics,Mechanical Keyboard,1,108.24,12,108.24,5.9,19.05,120.2,PayPal,Delivered,Standard,Mobile App,,4,5
17410957,443824,2025-06-28,Electronics,Smart Watch,1,151.6,4,151.6,0.0,29.11,174.65,Credit Card,Delivered,Standard,Mobile App,FREESHIP,2,5
57853801,588766,2025-10-07,Home & Kitchen,Desk Lamp,4,49.65,10,198.6,0.0,35.75,214.49,PayPal,Delivered,Standard,Website,WELCOME10,4,3
39132486,676297,2025-01-17,Fashion,Running Shoes,1,111.91,11,111.91,5.9,7.67,113.17,Bank Transfer,Delivered,Standard,Mobile App,VIP20,4,5
88799163,608992,2025-07-04,Beauty,Perfume,2,88.39,17,176.78,0.0,29.35,176.08,Google Pay,Delivered,Standard,Website,,5,5
81140453,284211,2025-12-18,Beauty,Perfume,1,80.35,9,80.35,12.9,14.62,100.64,Credit Card,Delivered,Express,Website,SAVE15,2,3
75319677,990071,2024-11-11,Beauty,Perfume,2,102.85,14,205.7,0.0,35.38,212.28,Credit Card,Delivered,Standard,Website,WELCOME10,5,5
82648345,248706,2024-10-27,Fashion,Winter Jacket,1,179.19,7,179.19,0.0,33.33,199.98,PayPal,Delivered,Pickup,Website,WELCOME10,1,5
71391153,527499,2024-10-14,Books & Office,Ergonomic Mouse,1,46.38,5,46.38,5.9,8.81,58.77,Bank Transfer,Delivered,Standard,Website,SAVE15,7,3
73008615,681133,2024-08-04,Electronics,Smart Watch,1,134.94,32,134.94,0.0,13.76,105.52,Credit Card,Delivered,Pickup,Website,SAVE15,2,3
63255750,287149,2025-06-15,Fashion,Classic Jeans,2,76.47,12,152.94,0.0,26.92,161.51,PayPal,Delivered,Standard,Website,SAVE15,4,5
45799805,656035,2025-08-29,Fashion,Cotton Hoodie,2,63.03,10,126.06,0.0,22.69,136.14,Apple Pay,Delivered,Standard,Mobile App,WELCOME10,3,5
93479108,771111,2025-05-17,Fashion,Running Shoes,1,122.55,17,122.55,0.0,20.34,122.06,PayPal,Delivered,Standard,Mobile App,VIP20,5,4
82880654,981921,2024-11-10,Fashion,Winter Jacket,1,187.61,6,187.61,0.0,35.27,211.62,PayPal,Delivered,Pickup,Mobile App,SAVE15,1,4
73766616,920398,2025-10-14,Books & Office,Office Chair,1,210.77,15,210.77,0.0,35.83,214.98,Credit Card,Delivered,Standard,Website,,3,5
83474353,883140,2024-10-02,Electronics,Mechanical Keyboard,1,104.06,22,104.06,5.9,16.23,103.3,Bank Transfer,Delivered,Standard,Mobile App,WELCOME10,5,5
98541782,921568,2025-02-07,Electronics,Bluetooth Speaker,1,69.39,9,69.39,12.9,12.63,88.67,Google Pay,Delivered,Express,Mobile App,SAVE15,2,4
11436689,394335,2025-03-21,Sports,Dumbbell Set,1,117.57,27,117.57,5.9,17.17,108.9,Credit Card,Delivered,Standard,Website,FREESHIP,5,4
75639058,923517,2025-07-04,Books & Office,Office Chair,1,206.98,14,206.98,12.9,35.6,226.5,Bank Transfer,Delivered,Express,Website,VIP20,1,5
50065891,463147,2025-09-18,Beauty,Hair Dryer,2,73.41,10,146.82,0.0,26.43,158.57,Apple Pay,Delivered,Standard,Website,,3,5
75102461,247992,2025-01-18,Fashion,Winter Jacket,1,170.39,2,170.39,12.9,33.4,213.28,Bank Transfer,Delayed,Express,Mobile App,FREESHIP,4,2
77784863,888971,2025-11-14,Fashion,Backpack,2,67.99,24,135.98,0.0,15.5,118.84,Google Pay,Delivered,Standard,Website,VIP20,5,4
73952470,272038,2025-04-12,Electronics,Smart Watch,1,142.38,0,142.38,0.0,28.48,170.86,Credit Card,Delivered,Pickup,Website,,1,4
79233567,487033,2025-07-05,Electronics,Wireless Headphones,1,86.42,12,86.42,5.9,15.21,97.16,Apple Pay,Delivered,Standard,Website,FREESHIP,5,3
37047905,990071,2025-12-20,Beauty,Hair Dryer,2,72.14,24,144.28,12.9,21.93,144.48,Credit Card,Delivered,Express,Website,,2,5
48705680,322264,2024-08-26,Books & Office,Ergonomic Mouse,1,46.98,5,46.98,5.9,8.93,59.46,Bank Transfer,Delivered,Standard,Website,WELCOME10,6,5
92481007,152133,2024-11-18,Books & Office,Ergonomic Mouse,1,52.48,4,52.48,12.9,10.08,73.36,Credit Card,Delivered,Express,Mobile App,VIP20,1,4
73048603,522620,2025-10-04,Fashion,Cotton Hoodie,1,62.87,5,62.87,5.9,4.6,70.23,Credit Card,Delayed,Standard,Mobile App,,8,3
38832715,167359,2025-03-24,Electronics,Bluetooth Speaker,1,68.93,9,68.93,5.9,12.55,81.18,PayPal,Delivered,Standard,Website,,3,5
37917173,434429,2025-10-22,Sports,Cycling Helmet,2,62.9,5,125.8,0.0,9.2,128.71,Bank Transfer,Delivered,Standard,Website,VIP20,5,3
74363652,729914,2025-12-18,Beauty,Electric Toothbrush,1,78.11,19,78.11,5.9,12.65,81.82,Credit Card,Delivered,Standard,Mobile App,SAVE15,4,4
52051597,746011,2025-11-23,Books & Office,Ergonomic Mouse,1,53.66,19,53.66,5.9,8.69,58.05,PayPal,Returned,Standard,Mobile App,,3,
37179586,551094,2025-10-12,Electronics,Smart Watch,2,167.36,15,334.72,0.0,56.9,341.41,Apple Pay,Returned,Standard,Website,WELCOME10,6,
79475262,478691,2025-11-02,Electronics,Mechanical Keyboard,1,80.37,29,80.37,0.0,11.41,68.47,Google Pay,Delivered,Pickup,Website,VIP20,1,4
96815573,215222,2025-01-16,Fashion,Winter Jacket,1,164.8,6,164.8,0.0,30.98,185.89,Bank Transfer,Delivered,Standard,Mobile App,,6,5
98704577,967709,2025-12-17,Beauty,Electric Toothbrush,1,77.23,21,77.23,5.9,12.2,79.11,Credit Card,Delivered,Standard,Mobile App,,3,5
18954981,801451,2025-12-25,Home & Kitchen,Coffee Maker,1,98.35,4,98.35,12.9,14.16,121.48,Credit Card,Delivered,Express,Website,FREESHIP,1,4
34651841,830099,2025-09-17,Home & Kitchen,Cookware Set,1,150.39,20,150.39,0.0,24.06,144.37,Apple Pay,Delivered,Standard,Mobile App,FREESHIP,4,5
87577305,311826,2025-05-18,Fashion,Backpack,2,69.57,10,139.14,0.0,25.05,150.28,Credit Card,Delivered,Standard,Website,,3,5
29263285,373683,2025-09-22,Electronics,Wireless Headphones,1,90.63,0,90.63,5.9,18.13,114.66,Credit Card,Delivered,Standard,Website,,3,4
50944986,843951,2025-12-30,Books & Office,Notebook Set,1,23.03,4,23.03,0.0,4.42,26.53,Bank Transfer,Delivered,Pickup,Mobile App,WELCOME10,1,3
99387445,726063,2025-06-22,Fashion,Classic Jeans,2,73.13,17,146.26,12.9,24.28,0.0,Credit Card,Cancelled,Express,Mobile App,,,
88802675,149113,2024-10-23,Fashion,Cotton Hoodie,1,62.66,22,62.66,12.9,9.77,71.54,PayPal,Delivered,Express,Website,WELCOME10,1,4
10391471,604533,2025-01-07,Beauty,Perfume,1,94.65,2,94.65,5.9,18.55,117.21,PayPal,Delivered,Standard,Mobile App,,5,4
66083357,888237,2025-03-25,Sports,Yoga Mat,1,41.49,17,41.49,0.0,6.89,41.33,Credit Card,Delivered,Pickup,Mobile App,,1,4
58022165,258802,2024-06-01,Electronics,Wireless Headphones,1,88.22,2,88.22,5.9,17.29,109.65,PayPal,Delivered,Standard,Marketplace,VIP20,4,4
25329940,416349,2025-09-05,Home & Kitchen,Air Fryer,1,111.18,5,111.18,5.9,21.12,132.64,Credit Card,Delivered,Standard,Mobile App,,5,4
69956195,883353,2025-12-27,Electronics,Bluetooth Speaker,2,69.93,9,139.86,0.0,25.45,152.72,Credit Card,Delivered,Standard,Website,,6,5
22437496,574720,2025-06-28,Beauty,Electric Toothbrush,3,75.64,22,226.92,0.0,35.4,212.4,Credit Card,Delivered,Standard,Mobile App,SAVE15,6,5
47144369,397499,2025-12-16,Beauty,Makeup Kit,1,60.74,4,60.74,5.9,11.66,75.87,PayPal,Delivered,Standard,Website,,7,4
97761435,272706,2025-11-08,Home & Kitchen,Desk Lamp,2,42.94,4,85.88,5.9,16.49,104.83,Credit Card,Delivered,Standard,Mobile App,SAVE15,5,4
37699323,385226,2024-12-13,Fashion,Classic Jeans,1,72.07,6,72.07,5.9,13.55,87.2,PayPal,Delivered,Standard,Website,WELCOME10,6,4
51350811,416349,2025-03-30,Electronics,USB-C Hub,1,47.55,25,47.55,5.9,7.13,48.69,Credit Card,Delivered,Standard,Website,FREESHIP,4,4
27669390,450952,2025-10-29,Beauty,Perfume,1,90.08,15,90.08,5.9,15.31,97.78,PayPal,Delivered,Standard,Website,,4,
89120379,478316,2025-11-15,Electronics,Wireless Headphones,1,96.69,9,96.69,5.9,17.6,111.49,Credit Card,Delivered,Standard,Website,VIP20,5,5
57374432,391759,2025-03-19,Fashion,Running Shoes,1,117.95,22,117.95,12.9,13.8,118.7,Google Pay,Returned,Express,Website,WELCOME10,1,
95747886,405338,2025-04-17,Electronics,Wireless Headphones,2,90.06,25,180.12,0.0,27.02,162.11,Credit Card,Delivered,Standard,Mobile App,,6,5
11045811,701299,2025-06-14,Sports,Fitness Tracker,1,95.79,10,95.79,5.9,17.24,109.35,PayPal,Delivered,Standard,Website,WELCOME10,6,4
96052555,791189,2025-12-31,Books & Office,Notebook Set,2,22.71,9,45.42,0.0,8.27,49.6,Apple Pay,Delivered,Pickup,Mobile App,VIP20,1,4
76868863,464541,2025-06-29,Electronics,Mechanical Keyboard,1,98.89,20,98.89,12.9,15.82,107.83,PayPal,Delivered,Express,Website,SAVE15,2,4
88997716,958830,2025-09-14,Electronics,Smart Watch,1,151.33,5,151.33,0.0,11.07,154.83,Apple Pay,Delivered,Standard,Website,,4,5
38053960,471028,2025-12-27,Sports,Dumbbell Set,2,114.88,4,229.76,12.9,44.11,277.58,Apple Pay,Delivered,Express,Mobile App,WELCOME10,3,4
66159810,624376,2025-08-31,Electronics,Bluetooth Speaker,1,82.21,19,82.21,5.9,13.32,85.81,PayPal,Delivered,Standard,Mobile App,,5,4
88086631,535113,2025-11-21,Sports,Resistance Bands,3,28.97,14,86.91,5.9,14.95,95.59,Credit Card,Delivered,Standard,Mobile App,VIP20,5,5
61573321,487033,2025-08-24,Books & Office,Notebook Set,2,21.4,5,42.8,12.9,8.13,61.69,Credit Card,Delivered,Express,Website,,1,5
30514255,372597,2025-07-12,Fashion,Classic Jeans,4,55.33,4,221.32,0.0,42.49,254.96,Bank Transfer,Delivered,Standard,Mobile App,,5,4
55365615,648698,2025-11-23,Fashion,Winter Jacket,2,171.71,4,343.42,0.0,49.45,379.13,Bank Transfer,Delivered,Standard,Marketplace,SAVE15,4,4
17001240,250538,2025-12-08,Fashion,Running Shoes,2,102.38,26,204.76,0.0,30.3,181.82,Credit Card,Returned,Pickup,Mobile App,,1,
41354318,433309,2025-12-20,Electronics,Smart Watch,1,142.52,24,142.52,0.0,21.66,129.98,Credit Card,Delivered,Standard,Website,FREESHIP,5,5
60513897,900924,2025-07-20,Beauty,Skin Care Set,2,79.96,17,159.92,12.9,26.55,172.18,Credit Card,Delivered,Express,Website,SAVE15,3,4
45006323,364720,2025-12-04,Beauty,Skin Care Set,2,76.26,16,152.52,0.0,25.62,153.74,Apple Pay,Delivered,Standard,Mobile App,,5,4
33854043,657571,2025-12-26,Home & Kitchen,Cookware Set,2,161.15,35,322.3,0.0,41.9,251.39,PayPal,Delivered,Pickup,Website,WELCOME10,1,5
80533235,443824,2024-05-27,Electronics,Bluetooth Speaker,1,70.94,4,70.94,5.9,13.62,87.62,Credit Card,Delivered,Standard,Mobile App,FREESHIP,3,5
97820153,204963,2025-12-06,Electronics,Smart Watch,1,163.41,4,163.41,12.9,31.37,201.14,PayPal,Delayed,Express,Website,FREESHIP,6,4
11013594,791320,2025-09-15,Sports,Yoga Mat,1,38.27,12,38.27,5.9,6.74,46.32,Credit Card,Delivered,Standard,Marketplace,FREESHIP,2,4
79448824,842218,2025-10-19,Books & Office,Ergonomic Mouse,4,61.45,10,245.8,0.0,44.24,265.46,Credit Card,Delivered,Standard,Website,SAVE15,2,5
13024053,718197,2025-04-23,Sports,Fitness Tracker,2,92.43,10,184.86,12.9,33.27,212.54,Apple Pay,Delayed,Express,Website,SAVE15,5,1
13185270,827812,2025-10-07,Beauty,Perfume,1,96.51,15,96.51,5.9,16.41,104.34,Credit Card,Delivered,Standard,Website,VIP20,4,4
14248262,135253,2024-12-05,Sports,Fitness Tracker,1,94.91,29,94.91,12.9,13.48,93.77,Credit Card,Delivered,Express,Website,,1,5
75911233,270516,2025-12-14,Fashion,Running Shoes,1,116.42,4,116.42,5.9,8.61,126.27,Bank Transfer,Delivered,Standard,Mobile App,,3,4
40297806,633555,2025-08-14,Fashion,Backpack,1,77.34,10,77.34,0.0,13.92,83.53,Credit Card,Delivered,Pickup,Mobile App,VIP20,2,4
94158283,243925,2024-12-15,Home & Kitchen,Cookware Set,1,167.14,21,167.14,0.0,26.41,158.45,Apple Pay,Delivered,Standard,Mobile App,,4,5
43497181,294889,2025-11-25,Electronics,Bluetooth Speaker,2,61.34,4,122.68,0.0,9.07,126.84,Credit Card,Returned,Standard,Website,SAVE15,7,
48513150,451365,2025-11-06,Electronics,Mechanical Keyboard,1,105.16,4,105.16,0.0,20.19,121.14,Credit Card,Delivered,Pickup,Mobile App,FREESHIP,2,3
37933596,535113,2025-08-19,Home & Kitchen,Coffee Maker,2,98.95,0,197.9,12.9,39.58,250.38,Credit Card,Delivered,Express,Website,,2,4
66501549,942724,2025-10-22,Beauty,Skin Care Set,1,72.6,0,72.6,12.9,14.52,100.02,,Delivered,Express,Mobile App,,1,5
28054728,364459,2024-10-22,Electronics,Smart Watch,1,165.01,10,165.01,12.9,29.7,191.11,Bank Transfer,Delivered,Express,Mobile App,WELCOME10,1,4
89657276,921568,2025-04-22,Beauty,Hair Dryer,2,62.76,9,125.52,0.0,22.84,137.06,Credit Card,Delivered,Standard,Marketplace,,5,4
44148151,476735,2025-08-09,Fashion,Winter Jacket,2,172.58,2,345.16,0.0,50.74,389.0,Credit Card,Delivered,Standard,Website,WELCOME10,3,4
67179382,912428,2025-04-27,Books & Office,Notebook Set,2,21.52,4,43.04,5.9,8.26,55.48,Credit Card,Delayed,Standard,Mobile App,SAVE15,8,2
26819344,272490,2025-09-29,Sports,Cycling Helmet,1,73.15,5,73.15,5.9,13.9,89.29,Credit Card,Delivered,Standard,Website,,4,5
25329600,664532,2025-12-10,Electronics,USB-C Hub,3,46.51,4,139.53,0.0,26.79,160.74,Credit Card,Delivered,Standard,Mobile App,,5,5
82312416,405338,2025-04-02,Sports,Cycling Helmet,3,77.25,30,231.75,0.0,32.44,194.66,Credit Card,Delivered,Standard,Website,,4,5
62527887,990675,2025-02-10,Books & Office,Ergonomic Mouse,1,57.36,5,57.36,5.9,10.9,71.29,PayPal,Delivered,Standard,Website,,3,5
52833784,364459,2025-10-06,Electronics,Bluetooth Speaker,3,62.83,10,188.49,0.0,33.93,203.57,Google Pay,Delivered,Standard,Website,,4,3
58321411,789592,2025-08-17,Electronics,USB-C Hub,1,43.51,2,43.51,5.9,6.4,54.94,Credit Card,Delivered,Standard,Website,FREESHIP,4,5
87397808,272038,2025-01-20,Fashion,Winter Jacket,1,175.89,2,175.89,0.0,34.47,206.84,Credit Card,Delivered,Pickup,Website,FREESHIP,1,4
98869950,625384,2025-10-13,Beauty,Skin Care Set,2,91.66,20,183.32,0.0,22.0,168.66,Credit Card,Delivered,Standard,Website,FREESHIP,5,4
22287059,924659,2025-05-05,Electronics,Mechanical Keyboard,1,101.32,7,101.32,5.9,18.85,118.98,Credit Card,Delivered,Standard,Website,,7,4
45974866,498838,2025-09-28,Home & Kitchen,Blender,1,88.98,10,88.98,0.0,16.02,96.1,Credit Card,Delivered,Pickup,Website,,1,4
79315459,789592,2024-10-07,Beauty,Perfume,1,101.62,12,101.62,5.9,13.41,108.74,Apple Pay,Delivered,Standard,Mobile App,,8,4
69150625,317282,2025-10-21,Home & Kitchen,Cookware Set,1,163.88,19,163.88,0.0,26.55,159.29,Credit Card,Delayed,Standard,Website,,8,4
99212944,286370,2025-08-14,Books & Office,Notebook Set,3,23.82,0,71.46,0.0,10.72,82.18,Google Pay,Delivered,Pickup,Mobile App,,1,4
99127723,548453,2024-06-09,Fashion,Winter Jacket,1,183.33,22,183.33,0.0,28.6,171.6,Credit Card,Delivered,Standard,Mobile App,,4,
43673415,851397,2024-11-25,Beauty,Skin Care Set,1,79.27,6,79.27,5.9,5.74,86.15,Credit Card,Delivered,Standard,Marketplace,,5,5
34125101,623469,2025-11-15,Electronics,Wireless Headphones,1,95.97,4,95.97,5.9,18.43,116.46,Credit Card,Delivered,Standard,Website,SAVE15,2,4
26748663,658396,2025-09-02,Electronics,Wireless Headphones,2,80.11,10,160.22,12.9,28.84,185.94,Apple Pay,Delivered,Express,Website,,1,4
41191841,657545,2024-10-22,Fashion,Running Shoes,1,112.23,7,112.23,12.9,20.87,138.14,Credit Card,Delivered,Express,Mobile App,WELCOME10,1,4
40212328,857434,2025-12-11,Electronics,Mechanical Keyboard,2,95.49,6,190.98,0.0,35.9,215.42,Credit Card,Delivered,Standard,Website,VIP20,3,3
24450578,119473,2025-11-14,Home & Kitchen,Cookware Set,5,153.55,4,767.75,12.9,147.41,897.35,Credit Card,Delivered,Express,Mobile App,,2,5
62179993,422472,2025-09-18,Books & Office,Data Analytics Book,1,39.78,17,39.78,12.9,6.6,52.52,Credit Card,Delivered,Express,Website,VIP20,2,4
42099714,322768,2024-10-05,Fashion,Backpack,1,71.72,7,71.72,5.9,13.34,85.94,Credit Card,Delivered,Standard,Marketplace,FREESHIP,6,5
69227164,958235,2024-09-24,Books & Office,Office Chair,1,188.68,2,188.68,0.0,36.98,221.89,Credit Card,Delivered,Standard,Mobile App,WELCOME10,3,5
31918295,366627,2025-06-08,Books & Office,Ergonomic Mouse,1,56.01,2,56.01,5.9,10.98,71.77,,Delivered,Standard,Website,,3,4
63698723,282434,2025-02-04,Home & Kitchen,Desk Lamp,1,49.17,7,49.17,5.9,9.15,60.78,Credit Card,Delayed,Standard,Mobile App,WELCOME10,7,3
32487549,900924,2025-10-12,Home & Kitchen,Air Fryer,3,119.4,15,358.2,12.9,60.89,378.26,Credit Card,Delivered,Express,Mobile App,,2,5
35013745,621846,2024-08-04,Sports,Fitness Tracker,2,107.33,19,214.66,0.0,34.77,208.64,PayPal,Delivered,Standard,Mobile App,,3,5
57123854,748344,2025-09-04,Sports,Resistance Bands,1,27.38,25,27.38,12.9,4.11,37.55,Credit Card,Delivered,Express,Mobile App,,2,4
85104592,243469,2025-02-21,Fashion,Winter Jacket,1,189.55,17,189.55,12.9,31.47,201.7,Google Pay,Delivered,Express,Mobile App,,2,4
87784202,637623,2025-12-17,Sports,Resistance Bands,2,30.45,16,60.9,5.9,10.23,67.29,Apple Pay,Delivered,Standard,Website,,4,4
13795391,719528,2025-04-07,Electronics,Bluetooth Speaker,1,74.4,32,74.4,12.9,10.12,73.61,Bank Transfer,Delivered,Express,Website,SAVE15,1,5
18430545,287149,2025-05-21,Electronics,Bluetooth Speaker,1,70.77,12,70.77,12.9,12.46,87.64,Credit Card,Delivered,Express,Marketplace,FREESHIP,2,5
75399107,658396,2025-09-20,Electronics,Mechanical Keyboard,1,103.06,30,103.06,5.9,14.43,92.47,Google Pay,Delivered,Standard,Marketplace,,5,4
92414828,358151,2024-07-11,Books & Office,Notebook Set,1,23.92,6,23.92,0.0,4.5,26.98,Apple Pay,Delayed,Pickup,Mobile App,FREESHIP,3,2
25237337,600680,2025-06-03,Books & Office,Monitor Stand,1,56.46,2,56.46,5.9,11.07,72.3,PayPal,Delivered,Standard,Mobile App,FREESHIP,4,4
34337044,178261,2025-01-26,Books & Office,Notebook Set,2,24.73,14,49.46,12.9,8.51,63.95,PayPal,Delivered,Express,Mobile App,VIP20,1,
29197134,534490,2025-11-22,Fashion,Classic Jeans,1,74.26,19,74.26,12.9,12.03,85.08,Bank Transfer,Delivered,Express,Marketplace,VIP20,2,3
18958890,726493,2025-03-11,Beauty,Perfume,3,97.26,2,291.78,0.0,22.02,307.96,Credit Card,Delivered,Standard,Mobile App,SAVE15,6,3
97121745,736777,2025-10-30,Books & Office,Monitor Stand,5,51.29,5,256.45,12.9,48.73,305.26,Google Pay,Delivered,Express,Website,,1,5
80336910,916917,2024-12-13,Home & Kitchen,Blender,1,81.14,16,81.14,12.9,13.63,94.69,Credit Card,Delivered,Express,Website,WELCOME10,1,5
34353044,701299,2024-11-11,Beauty,Perfume,1,96.78,4,96.78,5.9,18.58,117.39,Credit Card,Delivered,Standard,Website,WELCOME10,4,5
82160272,603867,2025-10-29,Books & Office,Office Chair,1,199.98,17,199.98,0.0,33.2,199.18,Bank Transfer,Delivered,Standard,Mobile App,SAVE15,5,4
70330871,545439,2025-11-30,Sports,Dumbbell Set,1,110.43,16,110.43,0.0,18.55,111.31,Credit Card,Returned,Pickup,Website,,1,
33000984,791189,2025-12-30,Electronics,Wireless Headphones,3,90.73,24,272.19,12.9,41.37,261.13,Bank Transfer,Delivered,Express,Website,,3,5
19218114,821443,2025-12-29,Sports,Resistance Bands,2,28.76,6,57.52,5.9,10.81,0.0,,Cancelled,Standard,Mobile App,,,
72229029,746525,2025-12-03,Fashion,Winter Jacket,2,152.39,9,304.78,0.0,55.47,332.82,Credit Card,Delivered,Standard,Mobile App,,5,
72069861,827812,2025-11-15,Fashion,Classic Jeans,1,61.98,29,61.98,0.0,8.8,52.81,Bank Transfer,Delivered,Pickup,Mobile App,VIP20,1,4
85235704,614194,2025-11-01,Books & Office,Data Analytics Book,1,45.35,24,45.35,5.9,5.17,45.54,Credit Card,Delivered,Standard,Website,,7,5
45781260,287149,2025-07-13,Home & Kitchen,Desk Lamp,1,48.9,4,48.9,5.9,9.39,62.23,PayPal,Delivered,Standard,Website,,3,3
77563602,825293,2025-11-03,Fashion,Classic Jeans,1,62.05,9,62.05,5.9,11.29,73.66,PayPal,Delivered,Standard,Website,,3,5
77807633,151728,2024-07-27,Home & Kitchen,Desk Lamp,1,46.0,29,46.0,5.9,6.53,45.09,PayPal,Delayed,Standard,Marketplace,SAVE15,9,3
74953725,778915,2025-12-15,Home & Kitchen,Coffee Maker,2,95.87,31,191.74,12.9,26.46,171.66,PayPal,Returned,Express,Website,WELCOME10,2,
79927806,593958,2025-05-30,Electronics,Bluetooth Speaker,2,71.81,20,143.62,0.0,22.98,137.88,Credit Card,Delivered,Standard,Website,VIP20,4,5
17804338,243318,2024-08-28,Fashion,Backpack,2,74.3,19,148.6,0.0,24.07,144.44,Bank Transfer,Delivered,Standard,Mobile App,,4,4
87784853,225018,2025-03-05,Books & Office,Notebook Set,5,22.89,10,114.45,5.9,20.6,129.5,PayPal,Delivered,Standard,Mobile App,,4,
35854380,627996,2024-11-27,Home & Kitchen,Coffee Maker,1,99.11,16,99.11,5.9,12.49,101.64,Credit Card,Delivered,Standard,Website,SAVE15,5,3
87787971,487033,2024-12-17,Home & Kitchen,Cookware Set,1,155.04,24,155.04,12.9,23.57,154.3,Google Pay,Delivered,Express,Mobile App,WELCOME10,1,5
68367522,778915,2025-11-23,Electronics,Bluetooth Speaker,1,77.23,11,77.23,5.9,13.75,88.38,Credit Card,Delivered,Standard,Website,,4,5
56317290,287149,2025-10-25,Fashion,Running Shoes,1,112.98,7,112.98,5.9,21.01,131.98,Apple Pay,Delivered,Standard,Website,SAVE15,3,3
57458263,122041,2025-08-25,Home & Kitchen,Cookware Set,2,177.58,7,355.16,12.9,66.06,409.26,Credit Card,Delivered,Express,Mobile App,WELCOME10,1,4
45294324,215222,2024-12-04,Sports,Fitness Tracker,1,88.77,28,88.77,12.9,12.78,89.59,PayPal,Delivered,Express,Mobile App,,4,5
98071928,601338,2025-07-30,Beauty,Hair Dryer,2,69.87,7,139.74,0.0,25.99,155.95,Credit Card,Delivered,Standard,Website,FREESHIP,3,4
45555825,832849,2025-10-22,Sports,Yoga Mat,1,33.1,24,33.1,0.0,5.03,30.19,Bank Transfer,Delivered,Pickup,Marketplace,,1,5
19654615,372597,2025-12-29,Fashion,Classic Jeans,1,63.02,35,63.02,5.9,8.19,55.05,Apple Pay,Delivered,Standard,Marketplace,WELCOME10,5,5
68491633,597105,2025-12-14,Home & Kitchen,Coffee Maker,2,106.06,11,212.12,0.0,37.76,226.55,Credit Card,Delivered,Standard,Website,VIP20,6,4
78481173,874848,2025-02-14,Home & Kitchen,Blender,2,81.21,25,162.42,12.9,24.36,159.08,Credit Card,Delivered,Express,Mobile App,,2,5
23415246,391759,2025-10-30,Books & Office,Data Analytics Book,1,38.37,12,38.37,5.9,5.07,44.74,PayPal,Delivered,Standard,Website,VIP20,3,5
89508190,828973,2025-04-07,Books & Office,Office Chair,1,208.64,5,208.64,0.0,39.64,237.85,Google Pay,Delivered,Pickup,Mobile App,,3,5
37828472,136007,2024-11-30,Home & Kitchen,Blender,1,77.24,24,77.24,5.9,11.74,76.34,Credit Card,Returned,Standard,Marketplace,FREESHIP,4,
33123621,243318,2025-11-07,Books & Office,Office Chair,1,188.81,35,188.81,12.9,24.55,160.18,Credit Card,Delivered,Express,Website,FREESHIP,1,4
32357588,780313,2024-03-31,Home & Kitchen,Desk Lamp,3,50.02,12,150.06,0.0,26.41,158.46,Credit Card,Delivered,Standard,Mobile App,VIP20,4,4
96632962,874355,2025-02-10,Books & Office,Ergonomic Mouse,2,61.47,5,122.94,0.0,23.36,140.15,PayPal,Delivered,Standard,Mobile App,FREESHIP,5,5
31649944,888237,2025-10-25,Beauty,Hair Dryer,1,67.72,22,67.72,5.9,10.56,69.28,Apple Pay,Delivered,Standard,Website,,6,5
23415132,851397,2025-03-21,Books & Office,Notebook Set,1,23.63,22,23.63,5.9,1.42,25.75,Credit Card,Delivered,Standard,Website,SAVE15,7,4
66277340,105502,2025-12-01,Electronics,Smart Watch,1,121.23,31,121.23,0.0,16.73,100.38,Credit Card,Delivered,Standard,Mobile App,VIP20,6,4
76462742,703633,2025-08-23,Beauty,Perfume,2,96.35,25,192.7,0.0,28.91,173.44,Google Pay,Delivered,Standard,Website,VIP20,3,4
72925085,754716,2024-06-20,Books & Office,Monitor Stand,1,51.71,0,51.71,5.9,10.34,67.95,Credit Card,Delivered,Standard,Mobile App,,3,4
32302986,443824,2025-12-01,Electronics,Wireless Headphones,1,88.7,23,88.7,5.9,13.66,87.86,Bank Transfer,Delivered,Standard,Website,VIP20,3,3
45789052,791789,2024-01-29,Home & Kitchen,Coffee Maker,1,90.63,19,90.63,5.9,14.68,93.99,Bank Transfer,Delivered,Standard,Mobile App,,5,5
57970678,295940,2024-08-15,Fashion,Running Shoes,3,113.83,19,341.49,0.0,55.32,331.93,Apple Pay,Delayed,Standard,Mobile App,WELCOME10,9,2
72392257,343327,2025-09-30,Home & Kitchen,Blender,2,80.7,10,161.4,0.0,29.05,174.31,Bank Transfer,Delayed,Standard,Website,SAVE15,8,3
26285717,648235,2024-06-28,Home & Kitchen,Coffee Maker,2,93.46,2,186.92,0.0,36.64,219.82,Credit Card,Delivered,Standard,Website,,4,4
57524654,791320,2025-08-09,Electronics,Bluetooth Speaker,1,75.96,7,75.96,12.9,14.13,0.0,PayPal,Cancelled,Express,Website,,,
64392243,179027,2025-10-01,Fashion,Cotton Hoodie,1,55.7,9,55.7,5.9,10.14,66.73,PayPal,Delivered,Standard,Website,WELCOME10,6,4
80624984,889635,2025-09-25,Electronics,Smart Watch,1,152.09,2,152.09,0.0,29.81,178.86,Credit Card,Delivered,Standard,Marketplace,VIP20,3,
24437408,900924,2025-12-14,Sports,Dumbbell Set,1,122.55,9,122.55,0.0,22.3,133.82,Apple Pay,Delivered,Standard,Mobile App,WELCOME10,5,5
29347657,736777,2025-11-02,Electronics,Bluetooth Speaker,4,81.22,4,324.88,0.0,62.38,374.26,PayPal,Returned,Standard,Mobile App,VIP20,4,
84002906,620970,2025-04-09,Sports,Dumbbell Set,2,135.63,7,271.26,12.9,50.45,315.62,Credit Card,Delivered,Express,Website,,3,4
22029806,178261,2025-08-10,Electronics,Smart Watch,1,126.28,2,126.28,0.0,24.75,148.5,PayPal,Delivered,Standard,Mobile App,,5,5
11841531,412156,2024-06-16,Home & Kitchen,Cookware Set,2,161.44,0,322.88,0.0,64.58,387.46,PayPal,Delivered,Standard,Website,,5,5
45360313,990675,2025-10-26,Fashion,Running Shoes,2,110.97,5,221.94,0.0,42.17,253.01,Credit Card,Delayed,Standard,Website,,9,3
24353935,153668,2025-05-15,Books & Office,Ergonomic Mouse,1,57.73,0,57.73,5.9,11.55,75.18,PayPal,Delivered,Standard,Website,,3,4
28489980,889134,2025-10-30,Books & Office,Ergonomic Mouse,4,53.27,15,213.08,12.9,36.22,230.24,Credit Card,Delayed,Express,Mobile App,,5,3
89277214,651126,2025-12-06,Fashion,Backpack,1,66.71,4,66.71,12.9,12.81,0.0,Bank Transfer,Cancelled,Express,Website,SAVE15,,
59255966,104473,2025-12-30,Fashion,Winter Jacket,1,180.22,14,180.22,0.0,31.0,185.99,Credit Card,Delivered,Standard,Website,SAVE15,4,4
21076324,119133,2025-09-27,Home & Kitchen,Coffee Maker,1,89.49,12,89.49,5.9,11.81,0.0,Apple Pay,Cancelled,Standard,Mobile App,SAVE15,,
95209029,151623,2025-09-18,Fashion,Cotton Hoodie,1,57.66,22,57.66,12.9,8.99,0.0,Credit Card,Cancelled,Express,Website,VIP20,,
86794944,638662,2025-09-12,Books & Office,Ergonomic Mouse,1,54.39,15,54.39,5.9,9.25,61.38,Google Pay,Delivered,Standard,Website,SAVE15,3,4
12147100,807947,2025-07-29,Fashion,Winter Jacket,2,173.04,17,346.08,0.0,43.09,330.34,,Delivered,Standard,Website,SAVE15,4,5
87021181,272038,2025-08-18,Beauty,Electric Toothbrush,1,77.73,0,77.73,12.9,15.55,106.18,Credit Card,Delivered,Express,Marketplace,,3,4
57690981,935758,2025-07-06,Electronics,Smart Watch,1,143.17,16,143.17,0.0,24.05,144.31,PayPal,Delivered,Standard,Website,,6,4
60335315,358151,2025-08-27,Fashion,Backpack,2,67.25,19,134.5,0.0,21.79,130.74,PayPal,Delayed,Standard,Mobile App,,9,2
81650981,524592,2025-12-07,Home & Kitchen,Cookware Set,1,149.91,4,149.91,12.9,28.78,185.59,Apple Pay,Delivered,Express,Website,FREESHIP,2,4
94735021,934753,2025-01-20,Sports,Cycling Helmet,1,73.72,14,73.72,5.9,12.68,81.98,Credit Card,Delivered,Standard,Website,FREESHIP,7,4
19917631,666728,2025-04-25,Sports,Fitness Tracker,2,101.73,22,203.46,0.0,31.74,190.44,Credit Card,Delivered,Standard,Website,,6,5
59455222,119113,2025-11-01,Home & Kitchen,Air Fryer,2,136.31,19,272.62,12.9,44.16,277.88,Credit Card,Delayed,Express,Website,,5,2
32506672,834475,2025-08-24,Sports,Fitness Tracker,1,87.08,2,87.08,12.9,17.07,115.31,Bank Transfer,Delayed,Express,Mobile App,WELCOME10,3,3
42651476,496342,2025-07-24,Electronics,Bluetooth Speaker,1,73.29,22,73.29,5.9,11.43,74.5,Credit Card,Delivered,Standard,Website,,4,2
71288282,694107,2025-03-07,Fashion,Cotton Hoodie,1,60.12,22,60.12,0.0,9.38,56.27,Credit Card,Delivered,Pickup,Website,VIP20,1,4
19255625,839525,2025-06-30,Sports,Yoga Mat,1,41.24,12,41.24,0.0,7.26,43.55,Apple Pay,Delivered,Pickup,Website,WELCOME10,1,4
82228102,445918,2024-12-19,Beauty,Makeup Kit,1,51.07,31,51.07,5.9,7.05,48.19,Credit Card,Returned,Standard,Mobile App,WELCOME10,4,
39689323,215222,2024-10-10,Electronics,Smart Watch,1,142.67,14,142.67,0.0,24.54,147.24,Bank Transfer,Delivered,Standard,Marketplace,FREESHIP,5,5
80337795,496342,2025-09-28,Fashion,Winter Jacket,4,168.63,0,674.52,0.0,134.9,809.42,Credit Card,Delivered,Standard,Mobile App,,4,4
23249077,215222,2025-12-07,Beauty,Electric Toothbrush,2,78.29,23,156.58,0.0,24.11,144.68,Credit Card,Delivered,Standard,Mobile App,,4,
27128566,888237,2025-04-09,Books & Office,Data Analytics Book,2,41.07,17,82.14,12.9,13.64,94.72,Apple Pay,Delivered,Express,Website,,2,5
11750783,871400,2024-12-02,Electronics,USB-C Hub,1,39.75,21,39.75,12.9,6.28,50.58,Apple Pay,Delivered,Express,Website,WELCOME10,1,4
96109832,930697,2025-03-16,Fashion,Backpack,1,76.44,0,76.44,5.9,15.29,97.63,Bank Transfer,Delivered,Standard,Marketplace,,2,4
27111269,847964,2025-11-23,Books & Office,Ergonomic Mouse,1,53.31,34,53.31,5.9,7.04,48.12,PayPal,Delivered,Standard,Website,FREESHIP,5,4
96294442,239214,2025-08-27,Electronics,Wireless Headphones,2,94.03,10,188.06,12.9,33.85,216.0,PayPal,Delivered,Express,Mobile App,VIP20,1,4
11871906,496342,2025-08-14,Sports,Dumbbell Set,1,125.55,20,125.55,0.0,20.09,120.53,Credit Card,Delayed,Standard,Mobile App,SAVE15,8,2
85536263,889134,2025-08-26,Books & Office,Notebook Set,3,21.65,10,64.95,5.9,11.69,76.04,PayPal,Delivered,Standard,Website,WELCOME10,6,4
61730442,993630,2025-03-20,Electronics,Bluetooth Speaker,1,60.01,0,60.01,5.9,12.0,77.91,Apple Pay,Returned,Standard,Marketplace,,5,
84531385,136522,2025-04-02,Home & Kitchen,Desk Lamp,1,45.68,2,45.68,12.9,8.95,66.62,Credit Card,Delivered,Express,Mobile App,SAVE15,1,4
80589620,843951,2025-11-12,Home & Kitchen,Cookware Set,1,184.27,14,184.27,0.0,31.69,0.0,Apple Pay,Cancelled,Standard,Marketplace,SAVE15,,
86195998,770578,2025-12-11,Fashion,Running Shoes,2,103.63,24,207.26,12.9,31.5,201.92,PayPal,Delivered,Express,Mobile App,,1,4
24619516,858006,2025-08-17,Electronics,Wireless Headphones,1,90.41,25,90.41,0.0,13.56,81.37,PayPal,Delivered,Pickup,Mobile App,,1,4
71926196,441490,2025-09-27,Electronics,USB-C Hub,1,51.28,7,51.28,12.9,9.54,70.13,Credit Card,Delivered,Express,Mobile App,VIP20,2,4
65983131,760709,2025-06-21,Beauty,Perfume,1,84.13,10,84.13,5.9,15.14,0.0,Credit Card,Cancelled,Standard,Mobile App,,,
37717182,412125,2025-09-19,Home & Kitchen,Blender,1,89.25,20,89.25,5.9,14.28,91.58,PayPal,Delivered,Standard,Website,,5,4
98044331,487033,2025-12-23,Home & Kitchen,Cookware Set,2,159.99,9,319.98,0.0,58.24,349.42,Credit Card,Delivered,Standard,Website,SAVE15,5,5
44296392,686999,2024-10-27,Books & Office,Ergonomic Mouse,2,59.49,2,118.98,12.9,23.32,152.82,Google Pay,Delivered,Express,Website,WELCOME10,3,4
74454893,277840,2025-12-08,Fashion,Running Shoes,1,103.13,4,103.13,0.0,19.8,118.8,Bank Transfer,Delivered,Pickup,Website,,2,5
38498521,319377,2025-09-23,Sports,Dumbbell Set,1,140.54,4,140.54,12.9,26.98,174.8,Credit Card,Delivered,Express,Mobile App,SAVE15,1,4
84054882,597105,2025-12-18,Books & Office,Office Chair,1,206.46,16,206.46,0.0,34.69,208.12,Credit Card,Delivered,Standard,Website,,2,5
21342866,791189,2025-12-29,Fashion,Winter Jacket,1,169.94,19,169.94,0.0,27.53,165.18,Credit Card,Delivered,Standard,Website,SAVE15,4,5
77632628,914638,2025-12-21,Books & Office,Monitor Stand,1,47.6,6,47.6,5.9,8.95,59.59,PayPal,Delayed,Standard,Mobile App,,6,4
17098670,638662,2025-11-06,Fashion,Running Shoes,2,116.59,4,233.18,0.0,44.77,268.62,Credit Card,Delivered,Standard,Mobile App,SAVE15,3,5
18202336,590251,2025-09-27,Beauty,Skin Care Set,1,80.62,20,80.62,12.9,12.9,90.3,Credit Card,Delivered,Express,Marketplace,WELCOME10,1,5
41673161,249557,2024-11-09,Home & Kitchen,Air Fryer,1,116.48,4,116.48,5.9,22.36,140.08,Google Pay,Delayed,Standard,Mobile App,SAVE15,9,2
25803280,524502,2025-07-25,Sports,Cycling Helmet,3,70.23,9,210.69,12.9,38.35,242.98,Credit Card,Delivered,Express,Mobile App,WELCOME10,2,5
50243311,136522,2025-10-31,Fashion,Running Shoes,2,102.87,7,205.74,0.0,38.27,229.61,Credit Card,Delivered,Standard,Mobile App,,5,5
11003956,455270,2024-12-24,Beauty,Perfume,1,90.47,13,90.47,5.9,15.74,100.35,PayPal,Returned,Standard,Website,VIP20,4,
78925070,167359,2025-12-19,Fashion,Cotton Hoodie,1,66.76,23,66.76,5.9,10.28,67.59,Credit Card,Delivered,Standard,Mobile App,WELCOME10,6,4
73326445,204963,2025-11-15,Books & Office,Ergonomic Mouse,5,52.84,4,264.2,12.9,50.73,317.26,PayPal,Delivered,Express,Website,,1,5
61360026,744782,2025-01-31,Home & Kitchen,Air Fryer,5,124.44,17,622.2,0.0,103.29,619.72,Apple Pay,Delivered,Standard,Marketplace,VIP20,6,5
33757184,621846,2024-10-15,Sports,Fitness Tracker,1,102.71,24,102.71,5.9,15.61,99.57,Apple Pay,Delivered,Standard,Mobile App,FREESHIP,6,3
43263341,537368,2025-05-07,Sports,Dumbbell Set,2,134.18,15,268.36,12.9,45.62,0.0,Credit Card,Cancelled,Express,Mobile App,FREESHIP,,
68899542,179027,2025-04-30,Electronics,Bluetooth Speaker,1,67.11,4,67.11,12.9,12.89,0.0,Credit Card,Cancelled,Express,Website,,,
62711020,746233,2024-12-26,Electronics,Smart Watch,1,155.58,26,155.58,0.0,23.03,138.16,Credit Card,Delivered,Standard,Mobile App,VIP20,4,5
64814938,480449,2025-12-21,Books & Office,Monitor Stand,3,47.67,14,143.01,12.9,24.6,160.49,Apple Pay,Delivered,Express,Mobile App,VIP20,1,5
78442079,912428,2024-06-05,Electronics,Smart Watch,2,137.78,9,275.56,0.0,50.15,300.91,Apple Pay,Delivered,Standard,Website,VIP20,3,3
24539758,859344,2025-08-06,Home & Kitchen,Desk Lamp,1,51.7,10,51.7,5.9,9.31,61.74,Google Pay,Delivered,Standard,Mobile App,SAVE15,5,5
80085145,633842,2025-12-12,Books & Office,Office Chair,1,218.7,23,218.7,0.0,12.97,181.37,Credit Card,Delivered,Standard,Website,VIP20,4,4
21331231,665255,2024-10-15,Home & Kitchen,Coffee Maker,1,93.19,9,93.19,12.9,16.96,114.66,Google Pay,Delivered,Express,Website,,3,4
56246395,606510,2024-05-26,Home & Kitchen,Blender,1,84.49,2,84.49,5.9,16.56,105.26,Google Pay,Delivered,Standard,Mobile App,VIP20,1,3
59296318,225761,2025-09-10,Electronics,Mechanical Keyboard,1,102.18,14,102.18,5.9,17.57,111.34,Credit Card,Delivered,Standard,Mobile App,WELCOME10,5,5
48473727,357048,2024-11-03,Home & Kitchen,Blender,1,80.48,13,80.48,5.9,14.0,89.92,Credit Card,Delivered,Standard,Website,WELCOME10,5,4
96366055,759117,2025-07-29,Fashion,Classic Jeans,1,64.96,2,64.96,5.9,12.73,82.29,Credit Card,Delivered,Standard,Website,FREESHIP,3,4
45273349,232146,2025-05-08,Fashion,Backpack,2,71.4,12,142.8,0.0,25.13,150.79,Credit Card,Delivered,Standard,Mobile App,,5,4
66530310,807947,2024-12-23,Electronics,Wireless Headphones,1,99.74,14,99.74,5.9,12.87,104.55,PayPal,Delivered,Standard,Marketplace,WELCOME10,6,5
53762526,178261,2025-10-07,Beauty,Electric Toothbrush,1,63.74,22,63.74,5.9,9.94,65.56,Credit Card,Delivered,Standard,Website,FREESHIP,5,4
59881736,565703,2024-05-12,Fashion,Running Shoes,1,109.27,10,109.27,5.9,19.67,123.91,Google Pay,Delivered,Standard,Mobile App,,4,2
11136831,433309,2025-12-25,Home & Kitchen,Desk Lamp,3,45.03,4,135.09,0.0,25.94,155.63,Credit Card,Delivered,Standard,Mobile App,,4,4
30603800,637623,2025-07-15,Beauty,Makeup Kit,1,55.87,4,55.87,12.9,10.73,77.27,Bank Transfer,Delivered,Express,Website,,1,3
40222745,599202,2025-12-07,Books & Office,Monitor Stand,2,43.45,9,86.9,5.9,15.82,100.8,PayPal,Delivered,Standard,Website,SAVE15,2,5
23923873,178261,2025-01-26,Beauty,Electric Toothbrush,1,84.14,4,84.14,5.9,16.15,102.82,Credit Card,Delivered,Standard,Mobile App,,4,5
98746039,105502,2025-12-29,Fashion,Cotton Hoodie,1,63.72,26,63.72,5.9,9.43,62.48,Apple Pay,Delivered,Standard,Mobile App,SAVE15,5,4
96979457,587217,2025-09-08,Fashion,Cotton Hoodie,1,65.38,10,65.38,5.9,4.53,69.27,Credit Card,Delivered,Standard,Website,SAVE15,5,3
38909621,866265,2025-04-08,Electronics,Mechanical Keyboard,4,88.72,7,354.88,0.0,66.01,396.05,PayPal,Delivered,Standard,Website,,4,5
90648134,487033,2025-09-17,Fashion,Classic Jeans,1,58.65,10,58.65,5.9,10.56,69.24,Credit Card,Delivered,Standard,Website,,6,3
13348419,985158,2025-12-07,Home & Kitchen,Blender,2,74.65,31,149.3,12.9,20.6,136.52,Bank Transfer,Delivered,Express,Mobile App,,1,4
61487431,694107,2025-08-25,Beauty,Skin Care Set,2,86.3,12,172.6,0.0,30.38,182.27,PayPal,Delivered,Pickup,Mobile App,VIP20,1,4
81445441,443824,2025-06-16,Fashion,Winter Jacket,1,172.42,4,172.42,0.0,33.1,198.62,Credit Card,Delivered,Standard,Website,VIP20,4,4
19800619,914638,2025-03-09,Home & Kitchen,Air Fryer,3,134.52,27,403.56,12.9,58.92,366.42,PayPal,Returned,Express,Website,,1,
23969142,227387,2025-12-06,Home & Kitchen,Coffee Maker,1,84.12,6,84.12,5.9,15.81,100.78,Credit Card,Delayed,Standard,Mobile App,FREESHIP,6,2
91027025,302877,2025-10-13,Beauty,Makeup Kit,1,63.61,15,63.61,5.9,10.81,0.0,Credit Card,Cancelled,Standard,Mobile App,,,
72610502,252422,2025-08-05,Sports,Resistance Bands,2,28.95,4,57.9,0.0,11.12,66.7,Credit Card,Delivered,Pickup,Website,,1,4
11276205,429479,2025-07-30,Fashion,Running Shoes,1,113.83,4,113.83,5.9,21.86,137.04,Credit Card,Returned,Standard,Website,,3,
48625675,900924,2024-11-29,Fashion,Backpack,1,80.72,19,80.72,5.9,13.08,84.36,PayPal,Delivered,Standard,Website,,4,3
62533890,322768,2025-07-09,Home & Kitchen,Air Fryer,1,135.49,29,135.49,12.9,19.24,128.34,Bank Transfer,Delivered,Express,Website,SAVE15,1,4
57723875,433309,2025-12-25,Electronics,Bluetooth Speaker,2,63.87,14,127.74,0.0,21.97,131.83,PayPal,Delivered,Standard,Marketplace,WELCOME10,6,5
94201524,935758,2025-08-28,Electronics,Smart Watch,2,128.72,14,257.44,0.0,44.28,265.68,Bank Transfer,Delivered,Standard,Website,WELCOME10,7,5
30114705,908200,2025-03-19,Electronics,Wireless Headphones,1,89.97,2,89.97,5.9,17.63,111.7,PayPal,Delivered,Standard,Marketplace,VIP20,6,5
90143881,888237,2025-03-19,Books & Office,Data Analytics Book,3,42.6,32,127.8,12.9,17.38,117.18,Credit Card,Delivered,Express,Mobile App,,4,5
79447089,218735,2025-07-20,Books & Office,Office Chair,1,213.01,9,213.01,12.9,29.08,235.82,Apple Pay,Delivered,Express,Website,,2,5
42601482,243925,2024-09-28,Home & Kitchen,Coffee Maker,1,103.73,7,103.73,0.0,19.29,115.76,Apple Pay,Delivered,Pickup,Website,,1,4
95326779,257178,2025-10-26,Fashion,Winter Jacket,1,184.28,17,184.28,0.0,30.59,183.54,Credit Card,Delivered,Standard,Website,,4,5
72430453,217277,2024-12-30,Fashion,Running Shoes,1,118.26,8,118.26,5.9,21.76,136.46,Credit Card,Delivered,Standard,Website,FREESHIP,6,4
95339075,843951,2025-08-25,Electronics,Bluetooth Speaker,3,63.29,10,189.87,12.9,34.18,217.96,Credit Card,Delayed,Express,Website,FREESHIP,6,4
79784200,405090,2025-12-30,Fashion,Classic Jeans,2,60.66,9,121.32,0.0,22.08,132.48,Credit Card,Delayed,Standard,Mobile App,FREESHIP,7,4
68714984,527499,2025-05-12,Books & Office,Office Chair,1,221.85,15,221.85,12.9,37.71,239.18,Credit Card,Delivered,Express,Website,,1,5
28130551,204963,2025-12-28,Electronics,Wireless Headphones,4,92.25,19,369.0,0.0,59.78,358.67,,Delivered,Standard,Mobile App,SAVE15,5,4
30843632,847964,2025-12-18,Fashion,Backpack,3,81.54,4,244.62,0.0,46.97,281.81,Apple Pay,Delivered,Standard,Mobile App,,4,5
62981493,215222,2025-08-04,Beauty,Skin Care Set,2,84.82,19,169.64,0.0,27.48,164.89,Credit Card,Delivered,Standard,Mobile App,FREESHIP,4,5
55433979,412752,2025-10-31,Beauty,Hair Dryer,3,68.79,10,206.37,0.0,37.15,222.88,Credit Card,Delivered,Pickup,Mobile App,VIP20,1,4
13653270,244304,2025-12-08,Sports,Dumbbell Set,1,125.15,14,125.15,12.9,21.53,142.06,Bank Transfer,Returned,Express,Mobile App,VIP20,1,
13012840,287149,2025-05-23,Electronics,USB-C Hub,1,44.78,17,44.78,5.9,7.43,50.5,Credit Card,Delivered,Standard,Mobile App,SAVE15,4,5
51237750,414596,2025-10-12,Fashion,Cotton Hoodie,3,70.55,0,211.65,12.9,42.33,266.88,Credit Card,Delivered,Express,Website,,2,4
27441276,832849,2025-07-10,Fashion,Cotton Hoodie,1,69.21,21,69.21,5.9,10.94,71.52,Credit Card,Delivered,Standard,Mobile App,,5,4
38443790,243318,2025-06-29,Electronics,Bluetooth Speaker,3,75.75,9,227.25,12.9,41.36,261.06,PayPal,Delivered,Express,Mobile App,FREESHIP,3,4
16662218,710272,2025-04-24,Sports,Yoga Mat,1,42.42,25,42.42,12.9,6.36,51.07,PayPal,Delivered,Express,Website,VIP20,1,5
46899788,985158,2025-05-27,Sports,Resistance Bands,1,35.02,22,35.02,12.9,5.46,45.68,Credit Card,Delivered,Express,Website,SAVE15,1,5
90918216,648715,2025-03-14,Sports,Cycling Helmet,1,66.25,10,66.25,5.9,11.93,77.46,Google Pay,Delivered,Standard,Mobile App,VIP20,5,5
44989390,784382,2025-12-30,Fashion,Backpack,2,71.95,19,143.9,0.0,23.31,139.87,Credit Card,Delivered,Standard,Website,,4,4
56151429,287149,2025-12-29,Fashion,Cotton Hoodie,4,57.01,16,228.04,12.9,38.31,242.76,Credit Card,Delivered,Express,Marketplace,,1,3
34798571,620936,2025-11-04,Fashion,Cotton Hoodie,2,62.63,16,125.26,12.9,21.04,139.16,Apple Pay,Delivered,Express,Mobile App,,3,5
56758779,391759,2025-11-19,Fashion,Running Shoes,2,113.65,6,227.3,0.0,32.05,245.71,Apple Pay,Delivered,Standard,Website,SAVE15,4,5
31329778,616780,2025-07-14,Fashion,Winter Jacket,1,200.29,4,200.29,12.9,38.46,243.64,Credit Card,Delivered,Express,Mobile App,,4,4
48242364,601669,2025-09-08,Fashion,Running Shoes,1,106.13,7,106.13,5.9,19.74,0.0,Google Pay,Cancelled,Standard,Website,SAVE15,,
89520428,927673,2024-11-21,Books & Office,Notebook Set,1,22.23,16,22.23,12.9,3.73,35.3,Credit Card,Delivered,Express,Website,,1,5
34411104,323672,2025-10-29,Home & Kitchen,Cookware Set,1,136.96,10,136.96,0.0,24.65,147.91,Apple Pay,Delivered,Standard,Website,FREESHIP,4,4
70133246,990675,2025-11-22,Fashion,Classic Jeans,1,66.97,4,66.97,5.9,12.86,83.05,Google Pay,Returned,Standard,Mobile App,SAVE15,4,
54659237,571089,2024-09-26,Electronics,Bluetooth Speaker,4,66.17,12,264.68,0.0,46.58,279.5,Credit Card,Delivered,Standard,Website,SAVE15,6,5
56186985,924659,2024-08-12,Electronics,Smart Watch,1,150.08,7,150.08,0.0,27.91,167.48,PayPal,Delivered,Standard,Website,VIP20,4,4
99361104,958830,2025-04-04,Electronics,USB-C Hub,1,42.83,5,42.83,5.9,3.13,49.72,Credit Card,Delivered,Standard,Mobile App,FREESHIP,6,4
29470858,621846,2025-07-12,Electronics,Bluetooth Speaker,1,77.02,31,77.02,0.0,10.63,63.77,PayPal,Delivered,Pickup,Mobile App,VIP20,1,4
51770481,916096,2025-12-13,Electronics,Wireless Headphones,1,80.97,4,80.97,12.9,15.55,106.18,Apple Pay,Delivered,Express,Mobile App,FREESHIP,1,3
14640302,152133,2025-12-16,Fashion,Classic Jeans,1,74.78,14,74.78,0.0,12.86,77.17,Credit Card,Delivered,Pickup,Mobile App,FREESHIP,1,5
63605318,468629,2025-10-25,Fashion,Cotton Hoodie,3,59.74,10,179.22,0.0,32.26,193.56,Credit Card,Delivered,Standard,Website,,4,4
88372827,759117,2025-02-28,Home & Kitchen,Blender,1,84.86,15,84.86,0.0,14.43,86.56,Credit Card,Delivered,Pickup,Website,VIP20,1,4
69544497,570380,2025-03-11,Fashion,Running Shoes,1,121.78,0,121.78,0.0,24.36,146.14,Credit Card,Delivered,Standard,Website,,4,4
77521524,694215,2025-12-07,Books & Office,Notebook Set,3,23.52,9,70.56,5.9,12.84,82.95,PayPal,Delivered,Standard,Mobile App,,6,4
47678744,725173,2025-10-19,Beauty,Hair Dryer,1,63.66,30,63.66,5.9,8.91,59.37,Apple Pay,Returned,Standard,Mobile App,,6,
15749412,412156,2025-03-19,Sports,Dumbbell Set,1,113.17,0,113.17,12.9,22.63,148.7,Credit Card,Delivered,Express,Mobile App,,3,5
99659728,507468,2025-07-21,Electronics,Wireless Headphones,1,96.45,4,96.45,0.0,18.52,111.11,PayPal,Delivered,Pickup,Website,VIP20,1,4
46161254,995196,2024-05-02,Beauty,Electric Toothbrush,1,80.88,7,80.88,12.9,15.04,103.16,Google Pay,Returned,Express,Website,,1,
70673771,731524,2025-12-20,Beauty,Electric Toothbrush,1,84.3,16,84.3,0.0,14.16,84.97,Credit Card,Delivered,Pickup,Mobile App,,2,5
85533885,927734,2024-06-16,Sports,Resistance Bands,1,28.07,7,28.07,5.9,5.22,37.23,Bank Transfer,Delivered,Standard,Mobile App,,5,5
24827576,832292,2025-12-17,Beauty,Hair Dryer,2,59.1,14,118.2,5.9,20.33,127.88,Credit Card,Delivered,Standard,Website,,4,4
42628802,249557,2025-06-20,Electronics,Bluetooth Speaker,2,80.7,10,161.4,0.0,29.05,174.31,Credit Card,Delivered,Standard,Mobile App,SAVE15,3,4
12735005,322768,2024-12-08,Home & Kitchen,Air Fryer,2,113.61,16,227.22,0.0,38.17,229.03,Bank Transfer,Delivered,Standard,Website,FREESHIP,6,5
56104079,850369,2025-09-27,Sports,Resistance Bands,1,30.34,20,30.34,5.9,4.85,35.02,PayPal,Delivered,Standard,Mobile App,,5,4
28600809,225018,2025-12-13,Fashion,Classic Jeans,2,67.0,9,134.0,0.0,24.39,146.33,Apple Pay,Delivered,Standard,Website,,3,5
70598172,747145,2025-06-18,Sports,Resistance Bands,3,30.19,0,90.57,5.9,18.11,114.58,Credit Card,Delivered,Standard,Mobile App,,4,5
83257202,167359,2025-10-21,Beauty,Hair Dryer,1,68.94,19,68.94,5.9,11.17,72.91,Bank Transfer,Returned,Standard,Mobile App,,4,
88980469,100813,2025-08-24,Beauty,Makeup Kit,1,63.04,0,63.04,5.9,12.61,81.55,Credit Card,Delivered,Standard,Website,,4,2
45355251,866265,2024-11-17,Fashion,Backpack,4,73.38,11,293.52,12.9,52.25,326.38,Credit Card,Delivered,Express,Mobile App,,2,5
79969161,104428,2025-11-20,Fashion,Winter Jacket,2,170.67,11,341.34,0.0,60.76,364.55,PayPal,Delivered,Standard,Mobile App,WELCOME10,5,4
89230183,953413,2025-08-22,Home & Kitchen,Air Fryer,1,122.16,24,122.16,0.0,18.57,111.41,Credit Card,Delivered,Standard,Website,,6,4
12423610,478691,2025-11-22,Sports,Dumbbell Set,2,141.03,14,282.06,0.0,48.51,291.08,Google Pay,Delivered,Standard,Website,WELCOME10,4,4
71921925,357048,2024-08-08,Fashion,Running Shoes,2,95.48,24,190.96,12.9,29.03,187.06,Credit Card,Returned,Express,Website,SAVE15,2,
90586968,243925,2025-12-09,Beauty,Hair Dryer,1,71.07,26,71.07,5.9,10.52,69.01,Credit Card,Delivered,Standard,Mobile App,,4,3
79037568,684041,2025-11-24,Fashion,Backpack,3,68.51,14,205.53,0.0,35.35,212.11,Credit Card,Returned,Standard,Website,SAVE15,5,
70993375,236070,2025-10-26,Fashion,Backpack,2,69.0,10,138.0,0.0,24.84,149.04,Credit Card,Delayed,Standard,Website,,7,3
17229898,981921,2025-08-27,Fashion,Winter Jacket,1,198.37,2,198.37,0.0,38.88,233.28,Credit Card,Delivered,Pickup,Mobile App,,1,4
83080796,633842,2024-11-15,Home & Kitchen,Desk Lamp,1,51.51,8,51.51,12.9,3.65,63.94,Credit Card,Delivered,Express,Mobile App,,2,5
89701147,264538,2025-06-05,Electronics,Mechanical Keyboard,1,113.02,0,113.02,5.9,22.6,141.52,Credit Card,Delivered,Standard,Mobile App,,3,5
35026978,224914,2025-01-21,Electronics,Bluetooth Speaker,1,72.77,17,72.77,0.0,12.08,72.48,Credit Card,Delivered,Pickup,Mobile App,SAVE15,1,5
54255217,433309,2025-12-24,Electronics,USB-C Hub,2,45.14,4,90.28,5.9,17.33,109.9,Credit Card,Delivered,Standard,Marketplace,,4,4
59887427,178261,2025-05-09,Fashion,Running Shoes,5,104.86,2,524.3,0.0,102.76,616.57,Credit Card,Delivered,Standard,Mobile App,SAVE15,7,4
69146315,721362,2025-12-31,Home & Kitchen,Cookware Set,1,170.64,9,170.64,0.0,31.06,186.34,Credit Card,Delivered,Standard,Mobile App,,4,3
72919462,415734,2025-03-12,Books & Office,Notebook Set,1,21.03,10,21.03,12.9,3.79,35.62,Bank Transfer,Delivered,Express,Mobile App,VIP20,1,4
74275860,149154,2025-10-15,Electronics,Smart Watch,2,157.76,5,315.52,12.9,59.95,372.59,Google Pay,Delivered,Express,Mobile App,SAVE15,2,5
39831579,743949,2025-07-12,Fashion,Running Shoes,1,118.12,16,118.12,5.9,7.64,112.76,Credit Card,Delivered,Standard,Mobile App,SAVE15,5,3
35835732,194345,2025-11-10,Fashion,Running Shoes,2,107.08,14,214.16,0.0,36.84,221.02,Credit Card,Delivered,Pickup,Website,,1,4
98638526,641029,2025-12-18,Home & Kitchen,Blender,1,78.97,24,78.97,5.9,12.0,77.92,PayPal,Delayed,Standard,Mobile App,,7,3
44622965,791789,2025-03-19,Electronics,Wireless Headphones,1,96.29,27,96.29,5.9,14.06,90.25,Credit Card,Delivered,Standard,Website,WELCOME10,4,4
55536327,606428,2025-06-29,Books & Office,Notebook Set,2,24.54,2,49.08,12.9,9.62,70.62,Credit Card,Delivered,Express,Website,,1,4
62462506,681133,2024-10-08,Sports,Resistance Bands,2,32.5,12,65.0,5.9,8.58,71.68,Apple Pay,Delivered,Standard,Marketplace,FREESHIP,3,5
76424445,254665,2025-11-18,Fashion,Winter Jacket,2,183.51,4,367.02,0.0,70.47,422.81,Credit Card,Delivered,Pickup,Mobile App,VIP20,1,4
60674583,504154,2025-04-02,Fashion,Cotton Hoodie,2,68.1,12,136.2,0.0,17.98,137.84,Credit Card,Delivered,Pickup,Website,FREESHIP,1,4
55370624,256405,2025-06-02,Home & Kitchen,Desk Lamp,2,46.39,7,92.78,0.0,17.26,103.55,Credit Card,Delivered,Pickup,Mobile App,WELCOME10,1,5
50060132,617166,2025-01-08,Electronics,Smart Watch,1,157.8,2,157.8,12.9,30.93,198.47,Credit Card,Delivered,Express,Mobile App,,2,5
76282568,178261,2025-04-16,Books & Office,Ergonomic Mouse,5,58.0,2,290.0,0.0,56.84,341.04,Bank Transfer,Delivered,Standard,Mobile App,,5,3
94766903,606510,2025-12-07,Home & Kitchen,Cookware Set,2,139.42,16,278.84,0.0,46.85,281.08,Credit Card,Delayed,Standard,Website,,7,4
97806773,433309,2025-12-27,Electronics,Bluetooth Speaker,1,72.05,14,72.05,0.0,12.39,74.35,Credit Card,Delivered,Pickup,Website,,1,4
23089373,711699,2025-12-07,Electronics,Mechanical Keyboard,1,108.06,14,108.06,5.9,7.16,105.99,PayPal,Delivered,Standard,Mobile App,,3,3
40772109,801451,2025-12-10,Home & Kitchen,Blender,1,73.55,14,73.55,5.9,9.49,78.64,Credit Card,Delivered,Standard,Mobile App,SAVE15,4,5
89500291,906510,2025-06-16,Beauty,Makeup Kit,3,55.35,7,166.05,0.0,11.89,166.32,Bank Transfer,Delayed,Standard,Mobile App,SAVE15,6,3
53277467,889635,2025-02-10,Fashion,Winter Jacket,1,159.32,7,159.32,0.0,29.63,177.8,Google Pay,Delivered,Pickup,Mobile App,,1,3
78774914,547877,2024-08-13,Beauty,Hair Dryer,1,71.92,17,71.92,5.9,11.94,77.53,Credit Card,Returned,Standard,Mobile App,FREESHIP,6,
37116892,327341,2025-09-06,Beauty,Electric Toothbrush,3,83.41,15,250.23,0.0,42.54,255.24,Credit Card,Delayed,Standard,Mobile App,,8,4
13179770,471028,2025-12-15,Home & Kitchen,Desk Lamp,1,48.22,24,48.22,12.9,7.33,56.88,Google Pay,Delivered,Express,Mobile App,WELCOME10,1,5
22685673,719528,2025-12-13,Sports,Resistance Bands,2,30.71,11,61.42,12.9,10.93,78.49,Credit Card,Delivered,Express,Mobile App,,3,4
46463288,921568,2024-09-10,Electronics,Wireless Headphones,3,93.92,9,281.76,0.0,51.28,0.0,PayPal,Cancelled,Standard,Mobile App,,,
68769093,477026,2024-04-19,Books & Office,Office Chair,1,198.83,5,198.83,0.0,37.78,226.67,Credit Card,Delivered,Standard,Mobile App,VIP20,4,5
18300573,874848,2025-10-27,Sports,Resistance Bands,1,31.79,10,31.79,0.0,5.72,34.33,Credit Card,Delivered,Pickup,Website,,1,5
26161048,807287,2025-07-05,Fashion,Backpack,1,77.0,6,77.0,12.9,14.48,99.76,PayPal,Delivered,Express,Mobile App,SAVE15,1,5
80196879,709706,2025-11-22,Beauty,Perfume,1,98.1,14,98.1,5.9,16.87,107.14,Apple Pay,Delivered,Standard,Marketplace,FREESHIP,4,4
72487773,815011,2025-12-17,Electronics,Smart Watch,1,166.15,4,166.15,0.0,31.9,191.4,PayPal,Delayed,Standard,Website,,8,3
35972526,290261,2025-01-02,Sports,Yoga Mat,5,33.17,12,165.85,0.0,29.19,175.14,Credit Card,Delivered,Standard,Website,FREESHIP,3,5
43457475,633842,2025-11-03,Fashion,Classic Jeans,2,65.15,23,130.3,12.9,7.73,120.96,Credit Card,Delivered,Express,Marketplace,,2,4
82540289,645394,2025-10-14,Beauty,Perfume,1,87.08,22,87.08,5.9,5.23,79.05,Credit Card,Delivered,Standard,Marketplace,,6,5
68463490,888237,2024-11-25,Home & Kitchen,Air Fryer,2,112.56,21,225.12,0.0,35.57,213.41,Credit Card,Delivered,Standard,Mobile App,,4,5
50327648,242246,2025-10-08,Fashion,Classic Jeans,1,70.53,22,70.53,5.9,11.0,71.91,Credit Card,Delivered,Standard,Marketplace,WELCOME10,4,4
45851499,543532,2025-10-04,Home & Kitchen,Coffee Maker,1,107.42,12,107.42,5.9,7.28,107.71,Google Pay,Delivered,Standard,Marketplace,,3,4
92143630,225761,2024-07-08,Books & Office,Office Chair,2,186.3,6,372.6,0.0,70.05,420.29,PayPal,Delivered,Standard,Mobile App,,5,4
48359203,349706,2025-09-29,Beauty,Makeup Kit,1,55.78,20,55.78,0.0,8.92,53.54,Credit Card,Delivered,Pickup,Mobile App,,2,4
74106216,468629,2025-10-22,Books & Office,Ergonomic Mouse,1,54.77,10,54.77,5.9,9.86,65.05,PayPal,Delivered,Standard,Mobile App,,4,3
98556718,746011,2025-02-09,Home & Kitchen,Desk Lamp,1,39.28,25,39.28,12.9,5.89,48.25,Apple Pay,Delivered,Express,Website,VIP20,1,5
44641265,452641,2025-06-07,Books & Office,Monitor Stand,1,51.57,12,51.57,5.9,9.08,60.36,Credit Card,Delayed,Standard,Website,,9,3
59540178,620970,2025-07-15,Fashion,Cotton Hoodie,1,61.02,14,61.02,5.9,10.5,68.88,Credit Card,Delivered,Standard,Mobile App,,4,4
53191689,888237,2024-12-23,Home & Kitchen,Desk Lamp,2,51.87,26,103.74,0.0,15.35,92.12,PayPal,Delivered,Pickup,Website,FREESHIP,1,4
24079000,674593,2025-09-28,Electronics,USB-C Hub,1,41.61,12,41.61,0.0,7.32,43.94,PayPal,Returned,Pickup,Website,,1,
72351703,422958,2025-11-02,Electronics,Smart Watch,2,150.11,19,300.22,0.0,48.64,291.82,Credit Card,Delivered,Standard,Mobile App,SAVE15,4,3
92248550,744782,2025-08-20,Home & Kitchen,Desk Lamp,1,39.31,5,39.31,5.9,7.47,50.71,Credit Card,Delayed,Standard,Mobile App,,7,2
17902348,447274,2025-06-15,Fashion,Cotton Hoodie,4,58.04,10,232.16,0.0,41.79,250.73,Credit Card,Delivered,Standard,Mobile App,,6,4
63596852,831411,2025-07-19,Electronics,Smart Watch,1,131.52,17,131.52,0.0,21.83,130.99,Credit Card,Delivered,Standard,Website,FREESHIP,7,4
42524502,746525,2025-11-25,Electronics,Wireless Headphones,5,82.01,19,410.05,0.0,66.43,398.57,Bank Transfer,Delivered,Standard,Website,,4,5
72388637,264538,2024-08-05,Electronics,Bluetooth Speaker,1,75.68,15,75.68,5.9,12.87,83.1,PayPal,Delivered,Standard,Mobile App,FREESHIP,4,5
63345030,363608,2025-08-02,Sports,Fitness Tracker,1,96.41,17,96.41,5.9,16.0,101.92,Apple Pay,Delayed,Standard,Mobile App,,7,3
12054649,894892,2025-01-19,Books & Office,Monitor Stand,1,49.27,2,49.27,12.9,9.66,70.84,PayPal,Delivered,Express,Mobile App,,2,5
62142332,225018,2025-02-20,Sports,Resistance Bands,1,28.29,20,28.29,12.9,4.53,40.06,Credit Card,Delivered,Express,Mobile App,VIP20,1,4
36748224,487033,2025-07-31,Fashion,Cotton Hoodie,2,74.92,7,149.84,0.0,27.87,167.22,Credit Card,Delivered,Standard,Website,SAVE15,3,4
22729907,301022,2025-03-07,Books & Office,Monitor Stand,1,45.81,0,45.81,12.9,9.16,67.87,Credit Card,Delivered,Express,Mobile App,,3,4
44260235,709841,2025-11-30,Home & Kitchen,Cookware Set,1,149.54,26,149.54,0.0,22.13,0.0,PayPal,Cancelled,Standard,Marketplace,,,
41151726,883353,2025-12-30,Electronics,Mechanical Keyboard,1,109.22,14,109.22,0.0,18.79,112.72,PayPal,Delivered,Pickup,Website,FREESHIP,1,5
88604661,433309,2025-12-19,Fashion,Winter Jacket,1,173.82,14,173.82,0.0,29.9,179.39,Credit Card,Delivered,Standard,Mobile App,SAVE15,5,3
66352030,556094,2025-09-01,Home & Kitchen,Cookware Set,3,170.79,17,512.37,0.0,85.05,510.32,PayPal,Delivered,Standard,Website,,4,5
89759427,958830,2025-04-08,Books & Office,Notebook Set,2,22.07,25,44.14,5.9,2.55,41.55,Credit Card,Delivered,Standard,Website,,7,4
43313053,927285,2025-06-28,Electronics,Wireless Headphones,3,98.68,12,296.04,0.0,20.06,280.58,Credit Card,Delivered,Standard,Website,FREESHIP,4,4
37160815,264538,2024-04-25,Beauty,Hair Dryer,2,68.84,0,137.68,0.0,27.54,165.22,Credit Card,Delivered,Standard,Marketplace,,4,3
70441742,151728,2024-09-04,Home & Kitchen,Blender,2,90.46,2,180.92,12.9,35.46,225.66,Credit Card,Returned,Express,Website,WELCOME10,1,
92985718,298767,2025-12-28,Fashion,Running Shoes,1,103.75,4,103.75,5.9,19.92,125.42,Apple Pay,Delivered,Standard,Mobile App,,6,5
80234245,985158,2025-04-30,Books & Office,Ergonomic Mouse,2,55.57,2,111.14,5.9,21.78,136.6,PayPal,Delivered,Standard,Website,FREESHIP,4,4
84678604,119473,2025-08-27,Books & Office,Office Chair,2,216.07,25,432.14,12.9,64.82,401.83,Credit Card,Delayed,Express,Mobile App,WELCOME10,4,4
81880279,789592,2025-11-29,Electronics,Mechanical Keyboard,1,90.78,21,90.78,5.9,10.76,88.38,Google Pay,Delivered,Standard,Website,,5,5
91655662,741821,2025-06-12,Home & Kitchen,Cookware Set,2,151.73,9,303.46,12.9,55.23,344.28,PayPal,Delivered,Express,Mobile App,VIP20,1,4
31540908,912428,2025-08-02,Beauty,Skin Care Set,2,93.1,4,186.2,0.0,35.75,214.5,Apple Pay,Delivered,Standard,Marketplace,,5,4
15266166,511732,2025-04-13,Fashion,Winter Jacket,3,181.81,12,545.43,0.0,96.0,575.98,Credit Card,Delivered,Standard,Website,,7,4
39136452,298767,2025-11-09,Fashion,Classic Jeans,1,62.81,4,62.81,5.9,12.06,78.26,Google Pay,Delayed,Standard,Website,,7,2
97542931,549554,2025-09-20,Home & Kitchen,Cookware Set,1,176.79,4,176.79,0.0,33.94,203.66,PayPal,Delivered,Standard,Marketplace,SAVE15,5,4
36929064,930697,2025-12-20,Electronics,USB-C Hub,2,45.63,4,91.26,12.9,17.52,118.03,Credit Card,Delayed,Express,Website,,4,4
19856184,731524,2025-07-09,Beauty,Makeup Kit,1,52.6,4,52.6,5.9,10.1,66.5,Credit Card,Delivered,Standard,Marketplace,,7,4
14098445,985158,2025-11-01,Home & Kitchen,Desk Lamp,1,53.03,6,53.03,12.9,9.97,72.72,Apple Pay,Delivered,Express,Marketplace,,3,4
41494777,606428,2024-12-27,Fashion,Backpack,3,65.31,6,195.93,0.0,36.83,221.0,PayPal,Delivered,Standard,Website,WELCOME10,6,5
29986532,215222,2025-06-10,Electronics,Mechanical Keyboard,1,106.72,29,106.72,12.9,15.15,103.82,Credit Card,Delayed,Express,Mobile App,,4,3
46084952,930328,2025-08-25,Fashion,Backpack,1,89.83,17,89.83,12.9,14.91,102.37,Credit Card,Delivered,Express,Marketplace,FREESHIP,1,4
74953397,614194,2025-09-19,Electronics,USB-C Hub,2,42.22,5,84.44,5.9,12.03,98.15,Credit Card,Delivered,Standard,Mobile App,,3,5
32368343,574720,2025-04-09,Home & Kitchen,Desk Lamp,1,48.81,7,48.81,5.9,9.08,60.37,Google Pay,Delivered,Standard,Website,,6,3
95845862,606428,2025-08-07,Home & Kitchen,Coffee Maker,1,95.64,2,95.64,5.9,18.75,118.38,Credit Card,Delivered,Standard,Mobile App,,8,5
16009677,636450,2025-05-15,Electronics,Bluetooth Speaker,1,71.4,0,71.4,5.9,14.28,91.58,Credit Card,Delivered,Standard,Website,,3,4
24618553,772173,2025-02-10,Fashion,Classic Jeans,4,71.3,0,285.2,12.9,57.04,355.14,Credit Card,Delivered,Express,Website,,2,3
65746173,672950,2025-07-15,Fashion,Winter Jacket,2,195.31,9,390.62,0.0,71.09,426.55,Google Pay,Delivered,Standard,Mobile App,,5,4
85879956,571089,2024-11-13,Fashion,Backpack,1,76.63,11,76.63,5.9,13.64,87.74,Credit Card,Delivered,Standard,Mobile App,VIP20,5,5
40724090,957124,2025-01-24,Books & Office,Notebook Set,2,25.08,2,50.16,12.9,9.83,71.89,Credit Card,Delivered,Express,Website,,2,4
28384850,887269,2025-11-22,Fashion,Cotton Hoodie,2,55.78,4,111.56,12.9,21.42,141.42,Credit Card,Delivered,Express,Mobile App,WELCOME10,2,4
31722551,523660,2024-08-17,Home & Kitchen,Air Fryer,1,129.65,27,129.65,0.0,18.93,113.57,Google Pay,Delivered,Standard,Mobile App,,3,5
28338548,145895,2025-11-20,Books & Office,Notebook Set,1,22.25,14,22.25,5.9,3.83,28.86,Bank Transfer,Delivered,Standard,Website,SAVE15,6,5
22520492,295582,2025-07-16,Electronics,Mechanical Keyboard,1,98.4,19,98.4,12.9,15.94,108.54,Bank Transfer,Delivered,Express,Website,,1,4
10435455,746525,2025-11-22,Home & Kitchen,Coffee Maker,2,88.65,14,177.3,0.0,30.5,182.98,PayPal,Delivered,Pickup,Website,,1,3
45835670,903418,2025-12-25,Sports,Dumbbell Set,4,121.77,4,487.08,12.9,93.52,574.02,PayPal,Delivered,Express,Website,SAVE15,1,4
75757447,546434,2025-08-08,Sports,Fitness Tracker,2,101.72,0,203.44,0.0,40.69,0.0,Google Pay,Cancelled,Standard,Website,,,
40306775,405338,2025-12-31,Sports,Yoga Mat,1,37.88,24,37.88,5.9,5.76,40.45,Credit Card,Delivered,Standard,Mobile App,WELCOME10,4,4
83567778,105502,2025-12-29,Home & Kitchen,Blender,1,76.11,35,76.11,0.0,9.89,0.0,Credit Card,Cancelled,Pickup,Mobile App,,,
66489931,606510,2025-12-01,Fashion,Winter Jacket,2,175.07,11,350.14,0.0,62.32,373.94,Credit Card,Returned,Standard,Mobile App,SAVE15,4,
92983107,967709,2025-11-20,Electronics,Bluetooth Speaker,2,62.48,16,124.96,0.0,20.99,125.96,Credit Card,Delivered,Standard,Website,,5,
18177572,361412,2025-11-05,Electronics,Smart Watch,3,121.97,21,365.91,0.0,57.81,346.88,Credit Card,Delivered,Standard,Marketplace,SAVE15,6,4
80470702,893419,2025-09-14,Electronics,USB-C Hub,2,41.84,5,83.68,5.9,15.9,101.3,Credit Card,Delayed,Standard,Website,SAVE15,7,2
76364476,887269,2025-08-19,Fashion,Classic Jeans,1,62.55,0,62.55,5.9,12.51,80.96,Credit Card,Delivered,Standard,Marketplace,,2,4
20972470,606510,2025-04-18,Beauty,Skin Care Set,2,75.19,27,150.38,0.0,21.96,0.0,Credit Card,Cancelled,Standard,Mobile App,FREESHIP,,
46863281,218256,2025-11-09,Beauty,Hair Dryer,3,63.6,14,190.8,0.0,32.82,196.91,PayPal,Delivered,Standard,Marketplace,,6,4
96487093,215222,2025-03-17,Electronics,Bluetooth Speaker,3,65.97,19,197.91,0.0,32.06,192.37,Credit Card,Delivered,Standard,Mobile App,,5,5
16348533,225761,2025-10-05,Home & Kitchen,Desk Lamp,2,43.79,19,87.58,5.9,14.19,91.03,Credit Card,Delayed,Standard,Mobile App,,8,2
32323473,373683,2025-10-24,Home & Kitchen,Blender,1,74.67,15,74.67,5.9,12.69,82.06,Apple Pay,Delivered,Standard,Mobile App,,5,4
78488795,432782,2025-08-27,Electronics,Wireless Headphones,1,87.05,24,87.05,5.9,13.23,85.29,Credit Card,Delivered,Standard,Mobile App,VIP20,5,4
71061792,215775,2025-12-14,Electronics,Wireless Headphones,1,79.28,14,79.28,12.9,13.64,94.72,PayPal,Delivered,Express,Mobile App,SAVE15,2,5
12163071,447274,2025-12-21,Electronics,Mechanical Keyboard,2,105.49,29,210.98,12.9,29.96,192.66,Credit Card,Returned,Express,Mobile App,FREESHIP,2,
66754665,756226,2025-12-19,Beauty,Makeup Kit,2,66.13,6,132.26,0.0,24.86,149.18,Credit Card,Delivered,Standard,Mobile App,,4,4
26716551,152133,2025-05-24,Beauty,Hair Dryer,2,60.04,25,120.08,0.0,18.01,108.07,Apple Pay,Delivered,Standard,Website,SAVE15,4,4
61163477,784827,2024-12-07,Books & Office,Data Analytics Book,1,38.54,6,38.54,5.9,5.43,0.0,Bank Transfer,Cancelled,Standard,Mobile App,VIP20,,
23892215,478691,2025-12-16,Home & Kitchen,Blender,1,82.05,9,82.05,5.9,14.93,95.5,Bank Transfer,Delivered,Standard,Mobile App,,3,5
55000208,242246,2025-10-25,Sports,Cycling Helmet,1,73.32,7,73.32,5.9,13.64,87.73,Bank Transfer,Delayed,Standard,Mobile App,,7,3
71185909,621846,2024-10-02,Books & Office,Office Chair,1,206.51,4,206.51,0.0,39.65,237.9,Credit Card,Delivered,Pickup,Website,,1,4
43817713,104428,2025-09-11,Fashion,Running Shoes,1,108.86,32,108.86,12.9,14.8,101.72,PayPal,Delivered,Express,Website,,1,5
21759378,287149,2025-07-11,Beauty,Skin Care Set,1,78.33,19,78.33,5.9,12.69,82.04,Google Pay,Delivered,Standard,Website,WELCOME10,3,4
16083517,136522,2025-04-04,Electronics,Bluetooth Speaker,1,67.47,12,67.47,0.0,11.87,71.24,Apple Pay,Delivered,Pickup,Website,FREESHIP,1,3
16017611,295940,2025-03-24,Beauty,Perfume,1,97.46,14,97.46,12.9,16.76,113.48,PayPal,Delivered,Express,Website,FREESHIP,2,5
17511406,900924,2025-04-12,Fashion,Classic Jeans,1,61.2,20,61.2,12.9,9.79,71.65,Apple Pay,Delivered,Express,Marketplace,,1,5
76687402,242246,2025-12-24,Sports,Resistance Bands,1,33.73,31,33.73,5.9,4.65,33.82,PayPal,Delivered,Standard,Marketplace,SAVE15,3,5
33617066,240302,2024-12-31,Electronics,Bluetooth Speaker,1,68.24,24,68.24,5.9,10.37,68.13,Credit Card,Delivered,Standard,Website,,6,4
37750032,100813,2025-12-15,Home & Kitchen,Desk Lamp,5,50.33,9,251.65,12.9,45.8,287.7,Google Pay,Delivered,Express,Marketplace,SAVE15,3,5
42583766,985158,2025-09-16,Fashion,Winter Jacket,1,159.44,22,159.44,0.0,24.87,149.23,PayPal,Delivered,Standard,Website,,3,4
13997453,727033,2025-12-11,Electronics,Bluetooth Speaker,2,70.67,16,141.34,12.9,23.75,155.38,Credit Card,Delivered,Express,Mobile App,SAVE15,1,4
73631261,499852,2025-04-18,Home & Kitchen,Blender,1,71.37,7,71.37,5.9,13.27,85.54,Credit Card,Delivered,Standard,Marketplace,WELCOME10,5,5
15963442,243318,2025-12-28,Home & Kitchen,Desk Lamp,1,47.8,18,47.8,5.9,7.84,52.94,Apple Pay,Delayed,Standard,Website,WELCOME10,8,4
96303184,232347,2025-11-04,Electronics,Bluetooth Speaker,4,74.7,18,298.8,0.0,49.0,294.02,PayPal,Delivered,Standard,Marketplace,,5,4
25096947,799268,2025-12-22,Home & Kitchen,Blender,2,76.23,6,152.46,0.0,28.66,171.97,PayPal,Delayed,Standard,Website,,8,4
89005833,600680,2025-05-04,Fashion,Classic Jeans,1,65.52,12,65.52,12.9,11.53,82.09,Credit Card,Delivered,Express,Marketplace,,1,4
17935718,167359,2024-06-27,Electronics,USB-C Hub,3,51.74,14,155.22,0.0,26.7,160.19,Apple Pay,Delivered,Pickup,Mobile App,VIP20,1,4
10643291,230603,2025-06-19,Fashion,Cotton Hoodie,1,55.5,10,55.5,12.9,9.99,72.84,Credit Card,Delivered,Express,Mobile App,FREESHIP,1,5
63727535,955069,2025-07-31,Electronics,Bluetooth Speaker,3,78.42,12,235.26,12.9,31.05,250.98,Bank Transfer,Delayed,Express,Mobile App,SAVE15,3,4
38781576,709841,2025-04-01,Sports,Resistance Bands,1,30.36,12,30.36,5.9,5.34,37.96,Bank Transfer,Delayed,Standard,Mobile App,,7,3
41300016,142076,2025-12-11,Sports,Resistance Bands,1,34.0,4,34.0,5.9,6.53,45.07,Bank Transfer,Returned,Standard,Mobile App,SAVE15,5,
76526428,734767,2025-03-11,Home & Kitchen,Blender,1,67.8,15,67.8,12.9,11.53,82.06,Credit Card,Delivered,Express,Mobile App,FREESHIP,1,5
82289317,272038,2025-11-05,Books & Office,Office Chair,1,227.65,4,227.65,0.0,43.71,262.25,PayPal,Delayed,Standard,Mobile App,,7,3
26049079,204963,2025-12-18,Electronics,Mechanical Keyboard,2,112.27,14,224.54,12.9,38.62,244.62,Credit Card,Delivered,Express,Website,,1,5
90374807,859344,2025-07-26,Electronics,Mechanical Keyboard,1,100.92,12,100.92,5.9,17.76,112.47,Credit Card,Delivered,Standard,Website,,5,4
96041323,225761,2024-11-06,Sports,Dumbbell Set,1,122.36,18,122.36,0.0,20.07,120.41,Google Pay,Delivered,Standard,Website,SAVE15,3,5
43898614,487033,2024-11-27,Sports,Resistance Bands,1,33.97,24,33.97,5.9,5.16,36.88,PayPal,Delivered,Standard,Website,VIP20,4,5
57072784,771111,2025-07-30,Electronics,Smart Watch,2,167.35,19,334.7,12.9,54.22,338.23,Google Pay,Delivered,Express,Website,VIP20,1,4
45669902,886505,2025-09-16,Fashion,Winter Jacket,1,176.29,10,176.29,0.0,31.73,190.39,Apple Pay,Delivered,Standard,Mobile App,FREESHIP,4,5
27367638,451336,2025-02-28,Fashion,Classic Jeans,1,65.75,19,65.75,5.9,10.65,0.0,Credit Card,Cancelled,Standard,Website,VIP20,,
46436332,866265,2024-10-03,Home & Kitchen,Air Fryer,2,115.9,2,231.8,0.0,45.43,272.59,PayPal,Delivered,Standard,Mobile App,,5,4
12660731,215775,2025-12-07,Sports,Cycling Helmet,1,81.78,4,81.78,12.9,15.7,107.11,Credit Card,Delivered,Express,Mobile App,FREESHIP,3,5
70655601,149154,2025-10-18,Fashion,Classic Jeans,2,63.32,15,126.64,12.9,21.53,0.0,PayPal,Cancelled,Express,Marketplace,,,
20245554,981921,2024-10-12,Electronics,Bluetooth Speaker,2,73.39,22,146.78,12.9,22.9,150.29,,Delivered,Express,Website,SAVE15,1,4
12790487,499852,2024-10-27,Fashion,Winter Jacket,1,203.55,12,203.55,0.0,35.82,214.94,Credit Card,Delivered,Pickup,Mobile App,,1,5
44833832,358151,2024-07-10,Sports,Yoga Mat,3,38.56,31,115.68,5.9,15.96,101.68,Apple Pay,Delivered,Standard,Website,,5,3
33699138,518131,2025-05-30,Books & Office,Data Analytics Book,1,38.88,0,38.88,5.9,7.78,52.56,Apple Pay,Delivered,Standard,Mobile App,,3,5
18328667,463147,2025-06-07,Sports,Resistance Bands,1,34.38,0,34.38,5.9,6.88,47.16,Google Pay,Delivered,Standard,Mobile App,,9,4
66977149,664532,2025-12-25,Home & Kitchen,Coffee Maker,1,95.65,24,95.65,12.9,14.54,100.13,Credit Card,Returned,Express,Marketplace,,2,
28464027,303261,2025-11-05,Home & Kitchen,Cookware Set,2,162.91,24,325.82,0.0,49.52,297.14,Credit Card,Delivered,Standard,Website,VIP20,4,
41907571,264538,2024-06-10,Books & Office,Ergonomic Mouse,1,56.85,10,56.85,5.9,10.23,67.3,Apple Pay,Delivered,Standard,Mobile App,SAVE15,5,4
23850970,329367,2024-10-04,Beauty,Electric Toothbrush,5,76.12,12,380.6,0.0,50.24,385.17,PayPal,Delivered,Standard,Website,,5,3
24177070,166447,2025-11-12,Books & Office,Notebook Set,1,24.71,29,24.71,12.9,3.51,33.95,Credit Card,Delivered,Express,Website,SAVE15,1,5
84998071,643393,2025-09-03,Home & Kitchen,Cookware Set,1,138.48,5,138.48,0.0,26.31,157.87,Credit Card,Returned,Pickup,Mobile App,,3,
90071335,240044,2025-07-03,Books & Office,Ergonomic Mouse,2,53.04,2,106.08,5.9,20.79,130.65,Apple Pay,Returned,Standard,Mobile App,FREESHIP,3,
84619729,415769,2025-10-08,Electronics,Bluetooth Speaker,1,65.22,10,65.22,5.9,11.74,76.34,Credit Card,Delivered,Standard,Website,,4,3
69867032,250538,2025-05-25,Sports,Fitness Tracker,1,80.51,27,80.51,5.9,11.75,76.42,Bank Transfer,Delivered,Standard,Mobile App,WELCOME10,2,4
79417931,955069,2024-12-01,Electronics,Mechanical Keyboard,1,84.46,9,84.46,12.9,11.53,101.29,Credit Card,Delivered,Express,Mobile App,,2,5
88098400,414596,2025-12-08,Sports,Resistance Bands,2,32.22,24,64.44,5.9,9.79,0.0,Bank Transfer,Cancelled,Standard,Website,,,
87606940,463147,2025-09-22,Books & Office,Data Analytics Book,1,42.66,0,42.66,12.9,8.53,64.09,Credit Card,Delivered,Express,Website,,3,4
54710437,861112,2025-07-20,Home & Kitchen,Cookware Set,1,144.5,2,144.5,0.0,28.32,169.93,Google Pay,Delivered,Pickup,Website,SAVE15,2,4
29374887,453656,2025-03-12,Beauty,Perfume,2,101.15,2,202.3,0.0,39.65,237.9,Credit Card,Delivered,Standard,Mobile App,,5,5
94835094,878150,2025-06-28,Fashion,Running Shoes,4,103.62,0,414.48,0.0,82.9,497.38,Credit Card,Delivered,Standard,Website,,5,4
59519800,791789,2025-03-30,Fashion,Running Shoes,1,109.63,17,109.63,5.9,18.2,115.09,Credit Card,Delayed,Standard,Mobile App,,6,3
65883947,711699,2025-07-16,Fashion,Winter Jacket,2,186.0,7,372.0,12.9,26.64,385.5,Google Pay,Delivered,Express,Mobile App,VIP20,3,5
43813784,694107,2025-07-07,Beauty,Hair Dryer,1,63.74,9,63.74,12.9,11.6,82.5,Credit Card,Delivered,Express,Website,VIP20,3,5
57408878,953413,2025-02-11,Books & Office,Notebook Set,1,20.77,24,20.77,5.9,3.16,24.85,Credit Card,Delayed,Standard,Mobile App,SAVE15,8,2
83166877,655738,2025-07-26,Fashion,Running Shoes,1,117.03,4,117.03,5.9,22.47,140.72,PayPal,Delivered,Standard,Website,,5,4
94210009,243318,2025-06-14,Books & Office,Ergonomic Mouse,1,51.52,19,51.52,12.9,8.35,62.98,PayPal,Delivered,Express,Website,,1,3
94331458,833845,2025-08-11,Fashion,Cotton Hoodie,1,57.34,4,57.34,12.9,11.01,78.96,Google Pay,Delivered,Express,Mobile App,FREESHIP,1,4
62981656,614194,2025-10-22,Home & Kitchen,Blender,2,76.1,5,152.2,0.0,21.69,166.28,PayPal,Delayed,Standard,Mobile App,VIP20,9,4
34920302,529844,2025-05-19,Sports,Resistance Bands,1,31.88,10,31.88,12.9,5.74,47.33,Credit Card,Delivered,Express,Mobile App,,2,4
82026478,866265,2025-08-21,Books & Office,Data Analytics Book,1,41.57,12,41.57,5.9,7.32,49.8,Credit Card,Delivered,Standard,Website,FREESHIP,6,4
88761604,920139,2025-04-16,Fashion,Cotton Hoodie,1,49.45,15,49.45,5.9,8.41,56.34,,Delivered,Standard,Marketplace,VIP20,2,5
48608973,165857,2025-11-22,Electronics,Smart Watch,1,141.09,11,141.09,0.0,18.84,144.41,Google Pay,Delivered,Standard,Mobile App,VIP20,5,4
48892721,467610,2025-03-09,Home & Kitchen,Air Fryer,1,127.05,7,127.05,0.0,17.72,135.88,PayPal,Delivered,Standard,Website,,3,3
28164759,132668,2025-04-01,Fashion,Cotton Hoodie,1,60.39,32,60.39,0.0,8.21,49.28,Bank Transfer,Delivered,Pickup,Website,,1,5
84036655,181988,2025-12-30,Books & Office,Ergonomic Mouse,1,64.06,14,64.06,5.9,11.02,72.01,Credit Card,Delayed,Standard,Mobile App,SAVE15,8,3
97663959,186797,2025-01-09,Electronics,Mechanical Keyboard,4,116.7,6,466.8,0.0,87.76,526.55,Credit Card,Delivered,Pickup,Website,WELCOME10,1,5
80395903,507747,2025-06-11,Fashion,Classic Jeans,2,65.15,15,130.3,12.9,22.15,145.8,PayPal,Delivered,Express,Mobile App,FREESHIP,3,5
71839211,445918,2025-08-29,Beauty,Hair Dryer,2,68.21,17,136.42,0.0,22.65,135.88,Credit Card,Delivered,Standard,Marketplace,,3,4
46040734,603867,2025-04-26,Home & Kitchen,Blender,2,81.63,22,163.26,0.0,25.47,152.81,Credit Card,Delivered,Pickup,Website,FREESHIP,1,4
12537656,606510,2025-10-03,Fashion,Winter Jacket,1,192.85,12,192.85,12.9,33.94,216.55,Google Pay,Delivered,Express,Mobile App,,1,5
56803869,801451,2025-12-20,Books & Office,Notebook Set,1,23.2,19,23.2,0.0,2.82,21.61,Bank Transfer,Delivered,Pickup,Mobile App,,1,4
86813368,962186,2025-12-09,Electronics,Smart Watch,1,144.11,4,144.11,0.0,27.67,166.02,PayPal,Delivered,Standard,Website,WELCOME10,5,3
77502500,511732,2025-05-06,Electronics,USB-C Hub,1,48.36,17,48.36,0.0,8.03,48.17,Apple Pay,Delayed,Pickup,Website,SAVE15,4,2
31739499,842218,2025-10-02,Fashion,Cotton Hoodie,1,62.28,0,62.28,5.9,12.46,80.64,Credit Card,Delayed,Standard,Website,,8,4
84203502,867969,2025-11-11,Fashion,Backpack,2,75.34,28,150.68,0.0,21.7,130.19,Apple Pay,Delivered,Standard,Marketplace,FREESHIP,3,5
67678621,119634,2024-06-21,Sports,Fitness Tracker,1,95.85,0,95.85,5.9,19.17,120.92,Apple Pay,Delivered,Standard,Marketplace,,4,4
59684124,751566,2025-07-04,Sports,Resistance Bands,2,29.21,14,58.42,5.9,10.05,66.19,Credit Card,Delivered,Standard,Marketplace,,5,4
28356890,655738,2025-06-23,Books & Office,Notebook Set,1,26.95,7,26.95,5.9,5.01,35.97,Credit Card,Delivered,Standard,Mobile App,,1,3
39238900,461503,2025-08-09,Sports,Yoga Mat,3,35.69,15,107.07,5.9,18.2,115.11,PayPal,Delayed,Standard,Website,,8,3
13637925,296517,2024-07-26,Home & Kitchen,Coffee Maker,2,93.89,17,187.78,0.0,31.17,187.03,Apple Pay,Delivered,Standard,Website,,3,4
86011539,651126,2025-11-10,Fashion,Backpack,1,70.98,34,70.98,5.9,9.37,62.12,Credit Card,Delivered,Standard,Mobile App,SAVE15,4,4
21312459,438556,2025-06-07,Fashion,Cotton Hoodie,3,61.57,10,184.71,12.9,33.25,212.39,Google Pay,Delivered,Express,Marketplace,WELCOME10,1,3
27667703,319377,2025-04-06,Electronics,USB-C Hub,1,46.39,24,46.39,5.9,7.05,48.21,Bank Transfer,Delivered,Standard,Website,FREESHIP,7,5
69236039,230603,2024-12-07,Books & Office,Monitor Stand,1,52.08,9,52.08,12.9,9.48,69.77,Apple Pay,Delivered,Express,Website,,3,3
20986421,951634,2025-06-10,Home & Kitchen,Air Fryer,3,128.43,4,385.29,0.0,73.98,443.86,Credit Card,Delivered,Standard,Website,,4,5
73809943,340616,2024-12-29,Sports,Resistance Bands,1,29.56,19,29.56,0.0,4.79,28.73,Apple Pay,Delivered,Pickup,Mobile App,,1,5
44487788,319377,2025-01-22,Electronics,Wireless Headphones,1,83.1,11,83.1,5.9,14.79,94.65,Google Pay,Delivered,Standard,Website,SAVE15,2,3
94173498,463147,2025-10-14,Electronics,Smart Watch,5,145.96,10,729.8,12.9,131.36,801.08,Apple Pay,Delivered,Express,Website,,1,5
88734597,839525,2025-07-02,Home & Kitchen,Blender,1,72.17,19,72.17,0.0,11.69,70.15,PayPal,Delivered,Pickup,Mobile App,,1,5
15275480,658396,2025-06-24,Books & Office,Office Chair,1,201.13,0,201.13,0.0,40.23,241.36,Credit Card,Delivered,Standard,Website,,5,4
99547601,646360,2025-09-26,Electronics,Smart Watch,1,167.5,0,167.5,0.0,33.5,201.0,Apple Pay,Delayed,Standard,Mobile App,,7,3
95906660,557889,2025-08-26,Home & Kitchen,Cookware Set,3,142.56,15,427.68,0.0,72.71,436.24,Credit Card,Delivered,Standard,Mobile App,WELCOME10,2,5
89868752,935758,2025-08-09,Fashion,Classic Jeans,3,67.55,14,202.65,0.0,34.86,209.14,Credit Card,Delivered,Standard,Mobile App,VIP20,3,5
42289415,990071,2025-05-17,Electronics,Mechanical Keyboard,1,99.82,15,99.82,5.9,16.97,107.72,PayPal,Delayed,Standard,Mobile App,FREESHIP,8,3
90109078,295940,2025-01-22,Fashion,Backpack,3,73.61,11,220.83,0.0,39.31,235.85,Google Pay,Delivered,Standard,Mobile App,,2,4
69576493,167359,2025-10-31,Electronics,Wireless Headphones,1,91.45,24,91.45,5.9,13.9,89.3,Credit Card,Delivered,Standard,Mobile App,WELCOME10,3,5
93334876,674176,2025-10-07,Fashion,Cotton Hoodie,3,63.92,5,191.76,0.0,14.03,196.2,Apple Pay,Delivered,Standard,Website,,6,5
80119873,648698,2025-01-09,Electronics,USB-C Hub,1,48.61,2,48.61,0.0,7.15,54.79,,Delivered,Pickup,Mobile App,FREESHIP,1,3
15854991,680839,2025-11-07,Books & Office,Monitor Stand,2,47.21,19,94.42,5.9,15.3,97.68,PayPal,Delivered,Standard,Website,VIP20,4,4
74695394,900129,2025-12-31,Electronics,Wireless Headphones,1,85.87,14,85.87,12.9,14.77,101.52,Credit Card,Delivered,Express,Mobile App,,3,5
56572061,474664,2025-02-22,Home & Kitchen,Cookware Set,1,141.72,15,141.72,0.0,24.09,144.55,Bank Transfer,Delivered,Pickup,Mobile App,,2,4
48424785,178261,2025-06-13,Beauty,Skin Care Set,1,73.99,17,73.99,12.9,12.28,86.59,Credit Card,Delivered,Express,Website,SAVE15,2,5
56731147,136007,2025-06-07,Books & Office,Office Chair,1,205.62,20,205.62,0.0,32.9,197.4,Credit Card,Delivered,Standard,Website,,6,3
45046369,962186,2025-09-06,Home & Kitchen,Coffee Maker,1,87.62,25,87.62,0.0,13.14,78.85,Google Pay,Delivered,Pickup,Website,FREESHIP,1,5
84837998,676297,2025-04-10,Books & Office,Office Chair,2,165.67,24,331.34,12.9,19.39,0.0,Credit Card,Cancelled,Express,Website,VIP20,,
80570496,149154,2025-11-18,Home & Kitchen,Coffee Maker,2,99.33,34,198.66,12.9,26.22,170.24,Google Pay,Delivered,Express,Marketplace,,1,5
17062268,412096,2025-12-04,Sports,Fitness Tracker,1,98.07,24,98.07,5.9,14.91,95.34,Credit Card,Delivered,Standard,Website,,6,5
11981388,927673,2025-05-07,Beauty,Perfume,1,106.3,17,106.3,5.9,17.65,111.78,Apple Pay,Delivered,Standard,Website,,3,4
53717209,471028,2025-10-04,Home & Kitchen,Desk Lamp,1,46.9,0,46.9,12.9,9.38,69.18,Apple Pay,Delivered,Express,Website,,2,4
30118441,294889,2025-12-01,Sports,Yoga Mat,1,37.28,19,37.28,5.9,2.33,38.43,Credit Card,Delayed,Standard,Mobile App,,7,2
58567799,736049,2024-11-11,Sports,Fitness Tracker,4,89.41,29,357.64,0.0,38.09,292.01,Credit Card,Delivered,Standard,Mobile App,VIP20,4,5
77153312,204963,2025-12-11,Sports,Fitness Tracker,1,98.59,24,98.59,12.9,14.99,102.82,Credit Card,Delivered,Express,Website,SAVE15,3,5
43225591,249557,2025-11-14,Sports,Fitness Tracker,3,94.38,4,283.14,0.0,54.36,326.17,PayPal,Delivered,Standard,Website,,4,5
43972992,249796,2025-11-08,Fashion,Backpack,1,89.41,19,89.41,5.9,14.48,92.8,Credit Card,Delivered,Standard,Website,SAVE15,5,3
53657963,489771,2025-12-28,Home & Kitchen,Blender,1,69.67,19,69.67,12.9,11.29,0.0,PayPal,Cancelled,Express,Mobile App,WELCOME10,,
73400732,416349,2025-01-09,Electronics,Bluetooth Speaker,2,62.07,7,124.14,12.9,23.09,151.44,Credit Card,Delivered,Express,Website,,2,5
93259619,927285,2025-08-16,Sports,Resistance Bands,2,36.68,12,73.36,5.9,4.97,75.43,,Delivered,Standard,Mobile App,,3,4
72071962,565703,2025-04-06,Electronics,USB-C Hub,2,42.36,25,84.72,12.9,12.71,89.15,Bank Transfer,Delivered,Express,Marketplace,WELCOME10,1,3
90077783,226741,2025-10-14,Home & Kitchen,Desk Lamp,2,40.17,10,80.34,5.9,14.46,92.67,Credit Card,Returned,Standard,Website,,6,
56005020,606510,2025-04-08,Home & Kitchen,Blender,1,80.15,7,80.15,5.9,14.91,95.35,Credit Card,Delivered,Standard,Website,,5,4
22844152,780313,2025-03-12,Sports,Cycling Helmet,2,67.21,22,134.42,0.0,20.97,125.82,Credit Card,Delivered,Standard,Mobile App,VIP20,5,4
18355848,427852,2024-09-26,Sports,Cycling Helmet,1,78.38,10,78.38,12.9,10.58,94.02,Credit Card,Delivered,Express,Website,SAVE15,1,5
78256843,900924,2025-10-31,Beauty,Perfume,1,100.38,0,100.38,5.9,20.08,126.36,PayPal,Delivered,Standard,Mobile App,,3,4
14535625,731524,2025-12-23,Books & Office,Office Chair,1,186.76,26,186.76,0.0,27.64,165.84,PayPal,Delivered,Pickup,Website,FREESHIP,1,4
45396909,543532,2024-06-28,Electronics,USB-C Hub,2,44.49,17,88.98,5.9,5.69,85.44,Google Pay,Delivered,Standard,Marketplace,FREESHIP,5,3
97923556,648698,2025-06-26,Home & Kitchen,Coffee Maker,1,93.9,25,93.9,5.9,10.56,86.88,Bank Transfer,Delivered,Standard,Website,VIP20,5,4
78765217,924293,2025-12-07,Sports,Resistance Bands,1,33.36,4,33.36,12.9,6.41,51.34,Credit Card,Delivered,Express,Mobile App,,1,5
23739096,657891,2025-11-28,Home & Kitchen,Blender,1,76.22,26,76.22,5.9,8.46,0.0,Credit Card,Cancelled,Standard,Website,FREESHIP,,
86317467,625384,2025-09-27,Beauty,Makeup Kit,1,64.48,20,64.48,5.9,7.74,65.22,Credit Card,Delayed,Standard,Website,,8,3
81403897,796464,2025-04-15,Home & Kitchen,Coffee Maker,1,96.53,27,96.53,5.9,10.57,86.94,Apple Pay,Delivered,Standard,Website,,5,5
32904524,930697,2025-11-02,Beauty,Makeup Kit,2,61.71,4,123.42,12.9,23.7,155.08,Bank Transfer,Delivered,Express,Mobile App,VIP20,3,4
64244091,401833,2025-10-17,Beauty,Electric Toothbrush,1,71.53,5,71.53,5.9,13.59,87.44,Credit Card,Delivered,Standard,Website,VIP20,6,4
78998869,119133,2025-03-12,Electronics,Wireless Headphones,1,90.72,2,90.72,5.9,13.34,108.15,Credit Card,Delivered,Standard,Marketplace,WELCOME10,4,4
19365303,688526,2025-08-02,Beauty,Electric Toothbrush,2,76.07,10,152.14,0.0,27.39,164.32,Credit Card,Delivered,Standard,Marketplace,,6,3
22417650,524592,2025-09-13,Beauty,Makeup Kit,1,60.23,25,60.23,12.9,9.03,67.1,Credit Card,Delivered,Express,Mobile App,WELCOME10,1,5
18518076,958830,2025-03-12,Electronics,Smart Watch,1,138.8,20,138.8,0.0,8.55,119.59,Credit Card,Delivered,Standard,Mobile App,,3,4
93888245,806299,2024-10-21,Beauty,Skin Care Set,1,89.08,14,89.08,5.9,15.32,97.83,Google Pay,Returned,Standard,Website,FREESHIP,3,
77546126,990675,2025-03-24,Fashion,Classic Jeans,2,73.5,5,147.0,12.9,27.93,180.48,Google Pay,Delivered,Express,Marketplace,SAVE15,1,4
94709150,574710,2025-09-16,Beauty,Electric Toothbrush,1,81.88,22,81.88,0.0,12.77,76.64,Credit Card,Delivered,Pickup,Mobile App,FREESHIP,1,3
96337102,874848,2025-10-24,Beauty,Electric Toothbrush,1,70.87,0,70.87,0.0,14.17,85.04,Credit Card,Returned,Pickup,Website,,1,
34551649,574720,2025-08-21,Sports,Cycling Helmet,2,72.59,17,145.18,0.0,24.1,144.6,Apple Pay,Delivered,Standard,Marketplace,,5,5
19111862,657545,2024-11-03,Electronics,Mechanical Keyboard,1,99.12,26,99.12,5.9,14.67,93.92,Credit Card,Returned,Standard,Mobile App,WELCOME10,5,
82565914,878684,2025-12-22,Home & Kitchen,Air Fryer,1,132.1,16,132.1,0.0,22.19,133.15,Bank Transfer,Delivered,Standard,Website,FREESHIP,5,2
46856499,373683,2025-08-28,Home & Kitchen,Desk Lamp,1,47.38,15,47.38,5.9,8.05,54.22,Credit Card,Delivered,Standard,Website,WELCOME10,7,4
69003219,364720,2025-09-04,Books & Office,Office Chair,2,216.95,17,433.9,0.0,72.03,432.17,Credit Card,Delivered,Standard,Website,SAVE15,2,4
40575525,791897,2025-08-04,Electronics,Wireless Headphones,2,91.2,5,182.4,0.0,13.34,186.62,PayPal,Delivered,Standard,Website,,5,5
62688436,656035,2025-12-08,Books & Office,Office Chair,2,219.73,4,439.46,0.0,84.38,0.0,Credit Card,Cancelled,Pickup,Mobile App,SAVE15,,
84077516,463147,2025-05-08,Home & Kitchen,Cookware Set,5,162.98,5,814.9,0.0,154.83,928.99,Credit Card,Delivered,Standard,Website,,5,4
97398598,625384,2025-12-16,Sports,Fitness Tracker,1,94.24,4,94.24,5.9,13.57,109.94,Bank Transfer,Delivered,Standard,Mobile App,,6,3
53489304,740180,2025-12-11,Fashion,Classic Jeans,1,78.14,9,78.14,0.0,14.22,85.33,Google Pay,Delayed,Pickup,Mobile App,VIP20,4,2
24244573,194345,2025-11-21,Fashion,Classic Jeans,2,66.14,14,132.28,0.0,22.75,136.51,Bank Transfer,Delivered,Standard,Mobile App,,4,5
33678578,866265,2025-09-14,Fashion,Cotton Hoodie,1,62.43,12,62.43,5.9,10.99,71.83,PayPal,Delivered,Standard,Mobile App,WELCOME10,4,5
21342469,912428,2025-01-22,Home & Kitchen,Air Fryer,1,114.91,35,114.91,12.9,14.94,102.53,Apple Pay,Returned,Express,Mobile App,WELCOME10,3,
39805269,922923,2025-12-05,Beauty,Skin Care Set,3,78.69,9,236.07,0.0,42.96,257.78,Credit Card,Delivered,Pickup,Mobile App,,1,4
87104824,303261,2025-11-02,Beauty,Electric Toothbrush,1,81.61,4,81.61,5.9,15.67,99.92,Apple Pay,Delivered,Standard,Website,FREESHIP,4,5
92791309,934753,2025-01-17,Home & Kitchen,Air Fryer,5,121.39,19,606.95,0.0,98.33,589.96,Credit Card,Delivered,Standard,Website,,4,4
66307870,908200,2025-12-02,Beauty,Skin Care Set,1,82.6,6,82.6,12.9,15.53,106.07,PayPal,Delivered,Express,Website,,1,5
57430557,906510,2024-12-30,Electronics,Mechanical Keyboard,2,104.75,26,209.5,12.9,11.94,179.87,Google Pay,Delivered,Express,Mobile App,,1,4
99262120,167359,2024-05-27,Fashion,Classic Jeans,3,71.59,34,214.77,0.0,28.35,170.1,Credit Card,Delivered,Standard,Mobile App,WELCOME10,5,4
70228569,215222,2024-10-12,Sports,Yoga Mat,2,38.98,9,77.96,5.9,14.19,91.03,Credit Card,Delivered,Standard,Website,FREESHIP,3,4
38893234,104473,2025-07-14,Fashion,Classic Jeans,1,63.23,17,63.23,5.9,10.5,68.88,Bank Transfer,Delivered,Standard,Website,WELCOME10,3,5
22414176,443824,2024-12-07,Electronics,Wireless Headphones,3,85.85,18,257.55,0.0,42.24,253.43,PayPal,Delivered,Standard,Marketplace,WELCOME10,4,3
78083753,242246,2025-10-10,Fashion,Backpack,1,77.11,7,77.11,5.9,14.34,91.95,Credit Card,Delivered,Standard,Website,,5,4
71928327,119473,2025-07-16,Sports,Yoga Mat,2,35.8,27,71.6,12.9,10.45,75.62,Bank Transfer,Delivered,Express,Mobile App,WELCOME10,2,5
29584291,600680,2025-10-11,Fashion,Cotton Hoodie,1,52.25,12,52.25,5.9,9.2,61.08,Credit Card,Returned,Standard,Website,SAVE15,2,
44418424,443824,2025-07-18,Books & Office,Data Analytics Book,2,39.7,16,79.4,12.9,13.34,92.94,Credit Card,Delivered,Express,Website,WELCOME10,1,3
44307982,736629,2025-11-29,Sports,Yoga Mat,1,33.74,9,33.74,5.9,6.14,42.74,Credit Card,Delivered,Standard,Mobile App,VIP20,1,5
48660408,828794,2025-11-15,Electronics,USB-C Hub,1,40.72,4,40.72,5.9,7.82,52.81,Credit Card,Delivered,Standard,Marketplace,SAVE15,5,5
90005339,990675,2025-02-03,Electronics,Wireless Headphones,1,84.73,5,84.73,5.9,16.1,102.49,Credit Card,Delivered,Standard,Website,SAVE15,7,4
13674539,374084,2024-10-12,Sports,Cycling Helmet,1,70.32,5,70.32,5.9,13.36,86.06,Credit Card,Delivered,Standard,Mobile App,SAVE15,3,5
63510871,350075,2025-11-28,Electronics,Wireless Headphones,2,88.28,6,176.56,0.0,33.19,199.16,Credit Card,Delivered,Standard,Mobile App,FREESHIP,5,4
87562176,232347,2024-08-16,Home & Kitchen,Air Fryer,1,128.91,4,128.91,12.9,24.75,161.4,Bank Transfer,Delivered,Express,Marketplace,,2,4
67241203,953413,2024-05-14,Home & Kitchen,Desk Lamp,1,50.78,14,50.78,5.9,8.73,58.3,PayPal,Returned,Standard,Mobile App,,4,
43416755,841695,2025-05-16,Electronics,Mechanical Keyboard,2,102.36,0,204.72,12.9,40.94,258.56,Credit Card,Delivered,Express,Mobile App,,2,4
83289634,444949,2024-12-19,Beauty,Hair Dryer,1,65.69,16,65.69,12.9,11.04,79.12,Credit Card,Delivered,Express,Website,,1,5
68871937,611790,2025-09-10,Home & Kitchen,Cookware Set,1,134.79,17,134.79,0.0,22.38,134.26,Credit Card,Delivered,Standard,Website,VIP20,5,5
13637947,711699,2025-12-05,Home & Kitchen,Coffee Maker,1,97.82,9,97.82,5.9,6.85,101.77,Google Pay,Delivered,Standard,Mobile App,,6,5
22522066,859344,2025-05-08,Home & Kitchen,Coffee Maker,1,91.46,0,91.46,12.9,18.29,122.65,Credit Card,Delivered,Express,Website,,1,4
37583802,676297,2025-08-23,Beauty,Hair Dryer,3,62.3,9,186.9,12.9,13.1,196.08,PayPal,Delivered,Express,Mobile App,,1,4
56275699,791189,2025-12-31,Electronics,Mechanical Keyboard,1,94.55,34,94.55,5.9,12.48,80.78,Credit Card,Returned,Standard,Website,FREESHIP,7,
39645393,120293,2025-06-07,Electronics,USB-C Hub,1,52.84,0,52.84,12.9,10.57,76.31,Google Pay,Delivered,Express,Mobile App,,2,5
76708937,748344,2025-12-01,Fashion,Running Shoes,1,97.19,4,97.19,12.9,18.66,0.0,PayPal,Cancelled,Express,Website,WELCOME10,,
37176706,771111,2025-08-13,Books & Office,Monitor Stand,2,51.99,12,103.98,5.9,18.3,115.7,Credit Card,Delivered,Standard,Mobile App,WELCOME10,5,4
54513860,614194,2025-02-01,Electronics,USB-C Hub,2,36.93,5,73.86,12.9,10.53,93.6,Google Pay,Delivered,Express,Website,WELCOME10,2,3
16526104,773799,2025-07-02,Beauty,Skin Care Set,1,78.72,7,78.72,5.9,14.64,93.75,Credit Card,Delivered,Standard,Mobile App,,5,4
94390942,614194,2025-07-19,Books & Office,Monitor Stand,1,46.15,12,46.15,5.9,6.09,52.6,Google Pay,Delivered,Standard,Website,,4,4
81597297,499665,2025-11-13,Sports,Cycling Helmet,1,88.01,29,88.01,5.9,12.5,80.89,Credit Card,Delivered,Standard,Website,WELCOME10,2,5
33109127,433309,2025-12-27,Fashion,Winter Jacket,1,182.76,19,182.76,0.0,29.61,177.65,Bank Transfer,Delivered,Standard,Website,SAVE15,4,3
14018780,453744,2025-01-13,Sports,Fitness Tracker,1,91.96,7,91.96,5.9,17.1,108.52,Credit Card,Delivered,Standard,Website,,5,4
74149605,474664,2025-09-29,Books & Office,Office Chair,1,224.38,0,224.38,0.0,44.88,269.26,Credit Card,Delivered,Standard,Mobile App,,4,5
63158667,613208,2025-09-18,Sports,Cycling Helmet,1,72.68,0,72.68,5.9,14.54,93.12,Credit Card,Delayed,Standard,Website,,10,4
80254575,339209,2025-10-27,Beauty,Perfume,4,106.47,20,425.88,0.0,51.1,391.8,Credit Card,Delivered,Standard,Mobile App,,4,5
87267408,322199,2025-05-01,Home & Kitchen,Air Fryer,3,130.64,20,391.92,0.0,62.71,376.25,Bank Transfer,Delivered,Standard,Mobile App,,4,3
48816430,232347,2024-12-29,Electronics,Bluetooth Speaker,1,72.82,18,72.82,5.9,11.94,77.55,Credit Card,Delayed,Standard,Marketplace,,8,3
83151578,992612,2024-04-02,Electronics,Smart Watch,1,135.44,29,135.44,0.0,19.23,115.39,Credit Card,Delivered,Standard,Website,,3,4
63639768,958830,2025-10-27,Beauty,Hair Dryer,2,66.14,10,132.28,0.0,9.17,128.22,Apple Pay,Delivered,Standard,Website,SAVE15,5,4
58894650,716865,2025-04-22,Beauty,Hair Dryer,2,56.64,0,113.28,12.9,22.66,148.84,Credit Card,Delivered,Express,Website,,3,5
78883142,104428,2025-08-24,Beauty,Perfume,1,95.07,2,95.07,5.9,18.63,117.7,Credit Card,Delivered,Standard,Mobile App,,5,5
26446819,828973,2025-06-14,Home & Kitchen,Blender,1,78.56,25,78.56,5.9,11.78,76.6,Credit Card,Delivered,Standard,Website,WELCOME10,4,5
77205611,828973,2025-06-22,Home & Kitchen,Blender,2,86.04,0,172.08,12.9,34.42,219.4,Credit Card,Delivered,Express,Website,,1,5
73905531,878684,2025-10-24,Home & Kitchen,Blender,1,84.48,12,84.48,12.9,14.87,102.11,Credit Card,Delivered,Express,Marketplace,WELCOME10,1,3
97118685,215222,2025-09-27,Beauty,Hair Dryer,1,68.47,14,68.47,5.9,11.78,76.56,PayPal,Delivered,Standard,Website,,4,5
41648559,118818,2025-08-08,Beauty,Perfume,1,90.02,15,90.02,5.9,15.3,97.72,Credit Card,Delivered,Standard,Website,,7,5
71118043,250538,2025-11-03,Electronics,Smart Watch,1,144.23,6,144.23,12.9,27.12,175.6,Apple Pay,Delivered,Express,Website,VIP20,2,5
74340635,540730,2025-09-09,Home & Kitchen,Desk Lamp,1,52.65,15,52.65,5.9,8.95,59.6,PayPal,Delivered,Standard,Mobile App,FREESHIP,5,3
84351528,731524,2025-06-03,Fashion,Winter Jacket,1,194.84,2,194.84,0.0,38.19,229.13,Credit Card,Delivered,Standard,Mobile App,,5,4
24818843,914638,2025-02-04,Beauty,Perfume,1,99.97,17,99.97,5.9,16.6,105.48,Google Pay,Delivered,Standard,Mobile App,,8,5
72324151,521348,2025-10-07,Books & Office,Office Chair,1,237.89,10,237.89,0.0,42.82,256.92,PayPal,Delivered,Standard,Mobile App,VIP20,4,4
97346836,453656,2025-10-02,Home & Kitchen,Air Fryer,1,143.97,7,143.97,0.0,26.78,160.67,Credit Card,Delivered,Standard,Mobile App,,5,5
94460538,889635,2025-05-27,Home & Kitchen,Desk Lamp,1,49.86,17,49.86,5.9,8.28,55.56,Bank Transfer,Delivered,Standard,Website,VIP20,5,5
76595554,463147,2025-09-18,Electronics,Wireless Headphones,1,84.04,5,84.04,12.9,15.97,108.71,Credit Card,Delivered,Express,Website,FREESHIP,1,4
66330640,974572,2025-11-13,Fashion,Running Shoes,1,94.08,34,94.08,5.9,12.42,80.41,Credit Card,Returned,Standard,Mobile App,,5,
14088124,190935,2025-06-22,Home & Kitchen,Air Fryer,1,133.94,5,133.94,0.0,25.45,152.69,Credit Card,Delivered,Standard,Mobile App,,4,5
48722058,545439,2025-11-27,Home & Kitchen,Blender,2,71.54,6,143.08,0.0,26.9,161.4,Credit Card,Delivered,Standard,Mobile App,,8,4
66641741,456030,2025-11-07,Home & Kitchen,Blender,2,74.15,9,148.3,0.0,26.99,161.94,PayPal,Delivered,Pickup,Marketplace,,2,5
84269662,731524,2025-08-28,Beauty,Makeup Kit,1,53.8,17,53.8,5.9,8.93,59.48,Credit Card,Delayed,Standard,Website,,6,2
84667857,119133,2025-10-26,Beauty,Skin Care Set,1,89.38,7,89.38,5.9,12.47,101.49,Bank Transfer,Delivered,Standard,Mobile App,FREESHIP,5,4
60936342,159766,2025-03-30,Fashion,Backpack,2,91.44,10,182.88,0.0,32.92,197.51,Bank Transfer,Delivered,Standard,Website,,2,4
56506860,553514,2025-12-08,Electronics,Wireless Headphones,1,87.19,4,87.19,5.9,12.55,102.15,Apple Pay,Delivered,Standard,Website,,4,5
58088061,422131,2025-01-30,Beauty,Perfume,2,96.64,2,193.28,12.9,37.88,240.19,PayPal,Delivered,Express,Website,,1,4
90245013,940815,2025-12-31,Fashion,Backpack,2,75.68,14,151.36,0.0,26.03,156.2,Credit Card,Delivered,Standard,Mobile App,WELCOME10,5,5
60907025,279792,2025-12-22,Beauty,Hair Dryer,1,59.7,4,59.7,5.9,11.46,74.67,Bank Transfer,Delivered,Standard,Mobile App,SAVE15,7,5
92715292,900924,2025-05-10,Sports,Yoga Mat,1,37.37,10,37.37,5.9,6.73,46.26,Credit Card,Delivered,Standard,Website,SAVE15,4,4
95551583,265833,2025-08-23,Fashion,Running Shoes,1,121.77,22,121.77,12.9,19.0,126.88,PayPal,Delivered,Express,Mobile App,,1,5
64368620,105502,2025-11-28,Books & Office,Office Chair,2,217.05,26,434.1,12.9,64.25,398.38,Google Pay,Delayed,Express,Website,SAVE15,6,4
13220976,215222,2024-06-22,Books & Office,Monitor Stand,5,41.0,14,205.0,0.0,35.26,211.56,Credit Card,Delivered,Standard,Mobile App,,4,3
88629665,204963,2025-11-15,Electronics,USB-C Hub,2,41.12,4,82.24,0.0,15.79,94.74,Credit Card,Delivered,Pickup,Mobile App,,2,5
71891838,626632,2025-12-06,Electronics,Bluetooth Speaker,1,76.76,26,76.76,5.9,11.36,74.06,PayPal,Delivered,Standard,Marketplace,,4,5
22855598,611790,2024-12-02,Fashion,Running Shoes,1,100.78,26,100.78,5.9,14.92,95.4,Apple Pay,Delivered,Standard,Mobile App,WELCOME10,3,4
62632174,319377,2024-07-11,Electronics,Smart Watch,1,160.92,21,160.92,0.0,25.43,152.56,Credit Card,Delivered,Standard,Website,FREESHIP,5,4
47385692,613208,2025-09-26,Home & Kitchen,Blender,2,77.18,15,154.36,0.0,26.24,157.45,Credit Card,Delayed,Standard,Mobile App,WELCOME10,4,2
82570782,136007,2025-11-16,Electronics,Smart Watch,1,155.21,14,155.21,12.9,26.7,173.08,Credit Card,Delivered,Express,Website,,1,5
74604352,684762,2025-12-21,Electronics,Mechanical Keyboard,3,91.72,31,275.16,0.0,37.97,227.83,Bank Transfer,Delivered,Standard,Marketplace,,4,4
15282842,242246,2025-12-09,Home & Kitchen,Coffee Maker,1,94.28,6,94.28,5.9,17.72,112.24,Credit Card,Delivered,Standard,Website,WELCOME10,5,5
79568391,859344,2025-04-17,Beauty,Skin Care Set,1,73.02,0,73.02,12.9,14.6,100.52,Apple Pay,Delivered,Express,Website,,2,3
94328571,118311,2025-12-16,Fashion,Cotton Hoodie,1,48.92,16,48.92,5.9,8.22,55.21,Bank Transfer,Delivered,Standard,Website,,4,5
29373795,194345,2025-11-30,Home & Kitchen,Coffee Maker,1,86.39,34,86.39,12.9,11.4,81.32,Credit Card,Delivered,Express,Mobile App,VIP20,3,5
17680449,129611,2025-06-14,Books & Office,Notebook Set,1,20.04,30,20.04,5.9,2.81,22.74,Credit Card,Delivered,Standard,Mobile App,WELCOME10,3,4
31323258,204963,2025-12-12,Fashion,Running Shoes,4,110.13,24,440.52,12.9,66.96,414.66,Google Pay,Delivered,Express,Website,VIP20,2,4
23946058,287149,2025-10-19,Books & Office,Monitor Stand,1,52.68,12,52.68,12.9,9.27,68.53,Bank Transfer,Delivered,Express,Marketplace,FREESHIP,1,5
91815671,759117,2025-10-23,Books & Office,Ergonomic Mouse,2,51.34,0,102.68,5.9,20.54,129.12,Credit Card,Delivered,Standard,Mobile App,,4,5
21645901,866265,2025-05-27,Home & Kitchen,Coffee Maker,1,102.48,32,102.48,5.9,13.94,0.0,PayPal,Cancelled,Standard,Mobile App,,,
18750231,990675,2025-02-25,Home & Kitchen,Air Fryer,1,144.92,0,144.92,0.0,28.98,173.9,Bank Transfer,Delayed,Standard,Website,,7,2
31414517,995196,2025-06-20,Beauty,Perfume,1,95.04,27,95.04,5.9,13.88,89.16,Credit Card,Delivered,Standard,Marketplace,,4,5
78888100,215222,2024-07-27,Electronics,Smart Watch,1,147.91,6,147.91,0.0,27.81,166.85,Credit Card,Delivered,Pickup,Website,FREESHIP,1,5
12456439,760709,2025-04-23,Sports,Dumbbell Set,1,127.6,15,127.6,0.0,21.69,130.15,Bank Transfer,Delayed,Standard,Mobile App,SAVE15,5,2
54882777,449479,2025-10-24,Books & Office,Notebook Set,1,24.03,7,24.03,5.9,4.47,32.72,Credit Card,Delivered,Standard,Website,WELCOME10,6,5
49086390,799268,2025-08-09,Sports,Resistance Bands,1,30.93,22,30.93,5.9,4.83,34.86,PayPal,Delivered,Standard,Mobile App,VIP20,4,5
31519632,433309,2025-12-20,Electronics,Mechanical Keyboard,3,80.53,4,241.59,0.0,46.39,278.32,Credit Card,Delivered,Standard,Mobile App,FREESHIP,4,5
71495513,241628,2025-07-19,Electronics,Bluetooth Speaker,2,67.41,2,134.82,12.9,19.82,164.84,Credit Card,Delayed,Express,Mobile App,FREESHIP,4,2
51284759,924008,2025-11-22,Electronics,Smart Watch,1,132.73,16,132.73,0.0,22.3,133.79,Credit Card,Delivered,Standard,Website,,5,3
17126737,215775,2025-12-04,Books & Office,Monitor Stand,1,48.74,14,48.74,5.9,8.38,56.2,Apple Pay,Delivered,Standard,Website,VIP20,6,3
28407180,874848,2025-04-16,Beauty,Makeup Kit,1,48.48,15,48.48,5.9,8.24,55.35,Credit Card,Delivered,Standard,Mobile App,,3,5
52105716,401774,2025-12-06,Beauty,Makeup Kit,1,60.24,4,60.24,5.9,11.57,75.3,PayPal,Returned,Standard,Mobile App,,2,
71923857,641029,2025-12-14,Electronics,Wireless Headphones,1,89.0,9,89.0,12.9,16.2,0.0,PayPal,Cancelled,Express,Mobile App,,,
87953885,655738,2025-10-29,Fashion,Classic Jeans,1,73.0,12,73.0,5.9,12.85,82.99,Google Pay,Delivered,Standard,Mobile App,SAVE15,4,4
55001258,633842,2025-03-22,Electronics,Wireless Headphones,1,81.08,4,81.08,5.9,5.99,89.73,Bank Transfer,Returned,Standard,Website,WELCOME10,6,
10928920,293665,2025-11-01,Sports,Dumbbell Set,2,123.26,16,246.52,0.0,15.95,223.03,Credit Card,Delivered,Standard,Mobile App,SAVE15,3,4
82535444,874948,2025-07-04,Electronics,Mechanical Keyboard,4,107.37,34,429.48,0.0,56.69,0.0,Bank Transfer,Cancelled,Standard,Mobile App,,,
96573843,232146,2025-05-29,Beauty,Skin Care Set,4,78.59,7,314.36,0.0,58.47,350.82,Credit Card,Delayed,Standard,Website,,7,3
80972763,672950,2024-08-14,Books & Office,Notebook Set,3,24.03,12,72.09,5.9,12.69,82.03,Bank Transfer,Delivered,Standard,Website,VIP20,7,4
17217216,806299,2024-11-07,Beauty,Hair Dryer,5,63.78,18,318.9,0.0,52.3,313.8,Google Pay,Delivered,Standard,Mobile App,,3,5
62112994,181988,2025-11-14,Electronics,USB-C Hub,2,45.39,9,90.78,12.9,16.52,112.03,PayPal,Delivered,Express,Marketplace,,1,5
72825067,571316,2025-11-30,Electronics,Smart Watch,2,149.17,19,298.34,0.0,48.33,289.99,Apple Pay,Returned,Standard,Mobile App,,6,
64214675,588766,2025-06-11,Fashion,Backpack,1,76.49,10,76.49,12.9,13.77,95.51,Google Pay,Delivered,Express,Marketplace,,1,4
57429996,318646,2024-08-15,Fashion,Cotton Hoodie,1,62.23,0,62.23,5.9,12.45,80.58,Credit Card,Delivered,Standard,Website,,4,3
83735464,447274,2025-12-16,Electronics,Bluetooth Speaker,1,64.82,9,64.82,5.9,11.8,76.69,Bank Transfer,Delivered,Standard,Marketplace,WELCOME10,5,4
85600244,118818,2025-07-08,Home & Kitchen,Desk Lamp,1,49.45,2,49.45,5.9,9.69,0.0,Credit Card,Cancelled,Standard,Marketplace,WELCOME10,,
88161184,927734,2024-10-13,Fashion,Classic Jeans,1,67.05,27,67.05,5.9,9.79,64.64,Credit Card,Delivered,Standard,Mobile App,,2,4
31809538,999021,2024-10-23,Electronics,Smart Watch,1,162.18,17,162.18,0.0,26.92,161.53,Bank Transfer,Delivered,Pickup,Website,WELCOME10,1,4
59298754,218735,2025-10-27,Beauty,Hair Dryer,1,63.05,7,63.05,12.9,8.8,80.34,Apple Pay,Delivered,Express,Mobile App,WELCOME10,1,5
42129954,681390,2025-09-20,Beauty,Perfume,1,90.24,5,90.24,12.9,17.15,115.78,Google Pay,Delivered,Express,Mobile App,,2,5
26768850,523660,2025-06-01,Beauty,Hair Dryer,2,64.58,7,129.16,12.9,24.02,157.04,Apple Pay,Delivered,Express,Website,SAVE15,2,4
30181038,703633,2025-04-06,Sports,Fitness Tracker,2,88.08,10,176.16,0.0,31.71,190.25,PayPal,Returned,Standard,Marketplace,,5,
66962212,623469,2025-12-05,Books & Office,Monitor Stand,1,43.3,4,43.3,5.9,8.31,55.78,Credit Card,Delivered,Standard,Website,,5,4
61652322,879588,2025-11-09,Sports,Cycling Helmet,1,57.95,4,57.95,12.9,11.13,79.66,Credit Card,Delivered,Express,Website,VIP20,3,5
97808193,748246,2025-09-15,Beauty,Makeup Kit,1,46.37,15,46.37,0.0,7.88,47.29,Credit Card,Delivered,Pickup,Website,,2,5
47836741,853287,2024-11-18,Books & Office,Ergonomic Mouse,1,57.97,11,57.97,0.0,10.32,61.91,Bank Transfer,Delivered,Pickup,Marketplace,WELCOME10,1,5
91372419,433309,2025-12-18,Sports,Resistance Bands,2,27.82,19,55.64,5.9,9.01,59.98,Credit Card,Delivered,Standard,Mobile App,WELCOME10,3,3
99865419,861112,2025-08-17,Electronics,Smart Watch,2,145.26,25,290.52,0.0,43.58,261.47,Apple Pay,Delivered,Standard,Marketplace,FREESHIP,7,3
14514693,152133,2025-03-20,Beauty,Electric Toothbrush,2,70.03,10,140.06,0.0,25.21,151.26,Google Pay,Delivered,Standard,Website,VIP20,5,4
34206661,676297,2025-01-10,Home & Kitchen,Coffee Maker,2,92.97,26,185.94,12.9,10.6,0.0,Apple Pay,Cancelled,Express,Marketplace,,,
27527898,601338,2025-03-27,Beauty,Perfume,1,104.54,0,104.54,5.9,20.91,131.35,Credit Card,Delivered,Standard,Website,,4,4
68086276,272706,2025-09-21,Sports,Fitness Tracker,1,96.56,0,96.56,5.9,19.31,121.77,Credit Card,Delivered,Standard,Website,,2,5
67049783,451365,2025-07-01,Sports,Dumbbell Set,1,120.26,7,120.26,0.0,22.37,134.21,Credit Card,Delivered,Standard,Mobile App,,4,4
21399589,648698,2024-10-07,Fashion,Classic Jeans,1,68.67,5,68.67,5.9,9.79,80.93,Google Pay,Delivered,Standard,Mobile App,,3,3
44621877,985158,2025-12-30,Sports,Dumbbell Set,1,128.82,11,128.82,0.0,22.93,0.0,PayPal,Cancelled,Standard,Mobile App,WELCOME10,,
13867211,864761,2025-09-28,Beauty,Electric Toothbrush,2,87.13,17,174.26,0.0,28.93,173.57,Credit Card,Delivered,Standard,Marketplace,WELCOME10,6,4
32176257,463147,2025-11-01,Sports,Dumbbell Set,1,116.61,24,116.61,12.9,17.72,119.24,Credit Card,Delivered,Express,Website,,2,5
60646250,871400,2024-11-07,Fashion,Backpack,1,82.72,11,82.72,5.9,14.72,94.24,PayPal,Delayed,Standard,Website,SAVE15,8,3
54720550,900924,2024-09-05,Electronics,Mechanical Keyboard,1,88.89,5,88.89,5.9,16.89,107.24,Apple Pay,Delivered,Standard,Website,FREESHIP,4,4
94154920,866265,2024-11-23,Home & Kitchen,Cookware Set,1,145.62,11,145.62,0.0,25.92,155.52,Credit Card,Delivered,Pickup,Mobile App,,2,5
91244279,731524,2025-04-04,Fashion,Running Shoes,3,104.82,12,314.46,0.0,55.34,332.06,Bank Transfer,Returned,Pickup,Marketplace,WELCOME10,1,
70673433,422958,2025-09-15,Electronics,Smart Watch,1,139.23,5,139.23,12.9,26.45,171.62,Apple Pay,Delivered,Express,Mobile App,,1,4
46726636,831444,2025-12-14,Beauty,Electric Toothbrush,1,81.04,6,81.04,0.0,15.24,91.42,Google Pay,Delivered,Pickup,Mobile App,FREESHIP,1,4
35671708,367070,2025-08-27,Fashion,Winter Jacket,3,154.89,20,464.67,0.0,74.35,446.09,Credit Card,Delivered,Standard,Website,,3,5
51699763,433309,2025-12-27,Beauty,Skin Care Set,2,84.35,34,168.7,0.0,22.27,0.0,Credit Card,Cancelled,Standard,Marketplace,,,
46386917,927285,2025-12-15,Electronics,Smart Watch,3,140.53,16,421.59,12.9,27.27,394.31,Bank Transfer,Returned,Express,Mobile App,,3,
17107135,920398,2025-10-31,Home & Kitchen,Blender,1,75.26,0,75.26,12.9,15.05,103.21,Apple Pay,Delayed,Express,Mobile App,,4,3
90070135,230603,2025-03-03,Fashion,Backpack,3,72.25,0,216.75,12.9,43.35,273.0,Apple Pay,Delivered,Express,Website,,1,5
14682134,422958,2025-09-04,Electronics,USB-C Hub,1,42.94,5,42.94,12.9,8.16,61.85,Credit Card,Delivered,Express,Website,,2,5
57426129,529844,2025-06-15,Home & Kitchen,Coffee Maker,1,79.89,5,79.89,12.9,15.18,103.98,PayPal,Delivered,Express,Website,,3,4
45683330,613208,2024-07-20,Fashion,Running Shoes,1,109.7,12,109.7,5.9,19.31,121.75,Credit Card,Delivered,Standard,Website,,2,5
75860730,294889,2025-12-24,Fashion,Running Shoes,2,103.74,14,207.48,0.0,13.74,0.0,PayPal,Cancelled,Standard,Marketplace,,,
43779575,256405,2025-10-28,Beauty,Perfume,2,91.81,12,183.62,0.0,32.32,193.91,Credit Card,Delivered,Standard,Mobile App,,5,3
86061226,911822,2025-02-04,Books & Office,Data Analytics Book,1,41.32,5,41.32,12.9,7.85,60.0,Google Pay,Delivered,Express,Mobile App,,1,5
27436164,215775,2025-12-04,Fashion,Cotton Hoodie,4,61.38,4,245.52,12.9,47.14,295.74,PayPal,Returned,Express,Website,,1,
50037821,773799,2024-12-21,Home & Kitchen,Cookware Set,2,146.73,19,293.46,12.9,47.54,298.14,Credit Card,Delivered,Express,Website,,1,5
26330699,664085,2025-02-26,Home & Kitchen,Blender,1,85.94,30,85.94,5.9,12.03,78.09,Apple Pay,Delivered,Standard,Website,FREESHIP,4,5
65837122,841695,2024-12-17,Fashion,Winter Jacket,2,196.76,14,393.52,0.0,67.69,406.12,Apple Pay,Delivered,Standard,Mobile App,,6,5
40543324,343698,2025-11-19,Sports,Dumbbell Set,1,115.78,14,115.78,5.9,19.91,125.38,Credit Card,Delivered,Standard,Website,SAVE15,6,5
73720801,425550,2025-04-19,Electronics,USB-C Hub,3,40.55,0,121.65,0.0,18.25,139.9,Apple Pay,Returned,Standard,Mobile App,,3,
95708529,871468,2025-05-06,Home & Kitchen,Coffee Maker,5,80.79,15,403.95,0.0,51.5,394.86,Google Pay,Delivered,Standard,Website,SAVE15,4,4
54437714,638662,2025-12-30,Home & Kitchen,Coffee Maker,1,106.06,4,106.06,5.9,20.36,128.08,Credit Card,Delivered,Standard,Mobile App,SAVE15,4,4
56403686,230315,2025-04-18,Beauty,Skin Care Set,1,87.83,5,87.83,5.9,16.69,106.03,Bank Transfer,Delivered,Standard,Mobile App,SAVE15,4,5
21617787,443824,2024-07-18,Electronics,Smart Watch,1,160.05,6,160.05,0.0,30.09,180.54,Bank Transfer,Delivered,Standard,Marketplace,SAVE15,3,5
16168090,847964,2025-10-22,Fashion,Cotton Hoodie,1,62.93,10,62.93,0.0,11.33,67.97,Bank Transfer,Delivered,Pickup,Website,FREESHIP,1,5
67586144,839525,2024-04-24,Books & Office,Data Analytics Book,3,44.81,17,134.43,0.0,22.32,133.9,Google Pay,Returned,Standard,Mobile App,,6,
14281786,688526,2025-08-19,Electronics,USB-C Hub,1,41.55,10,41.55,5.9,7.48,50.77,Credit Card,Delayed,Standard,Website,FREESHIP,6,4
87591757,262520,2025-11-12,Fashion,Backpack,2,69.92,14,139.84,12.9,24.05,157.21,Credit Card,Delivered,Express,Website,VIP20,2,4
26003670,982561,2025-05-29,Beauty,Skin Care Set,4,81.46,22,325.84,0.0,50.83,304.99,Credit Card,Delivered,Standard,Mobile App,SAVE15,5,
38267237,344218,2025-05-11,Fashion,Backpack,2,73.52,5,147.04,12.9,10.76,163.35,PayPal,Delivered,Express,Marketplace,,2,4
80297112,931588,2025-01-21,Beauty,Skin Care Set,2,77.08,22,154.16,0.0,24.05,144.29,Google Pay,Delivered,Standard,Mobile App,VIP20,5,5
99436667,601338,2025-12-21,Sports,Cycling Helmet,3,64.31,19,192.93,12.9,31.25,200.42,PayPal,Delivered,Express,Marketplace,,3,5
20360207,361412,2025-11-02,Fashion,Backpack,1,80.44,11,80.44,0.0,14.32,85.91,PayPal,Delivered,Pickup,Website,SAVE15,1,5
32465726,286983,2024-12-19,Beauty,Electric Toothbrush,1,85.16,11,85.16,5.9,15.16,96.85,PayPal,Delivered,Standard,Mobile App,FREESHIP,4,5
44325319,549554,2024-08-11,Home & Kitchen,Blender,2,78.24,29,156.48,0.0,22.22,133.32,PayPal,Delivered,Standard,Website,FREESHIP,2,5
86520246,295623,2025-10-06,Electronics,Bluetooth Speaker,1,68.51,15,68.51,12.9,4.48,75.61,Credit Card,Delivered,Express,Marketplace,WELCOME10,1,5
27185918,105502,2025-12-09,Books & Office,Ergonomic Mouse,1,63.88,16,63.88,5.9,10.73,0.0,Apple Pay,Cancelled,Standard,Mobile App,,,
86397069,167359,2025-05-21,Electronics,Smart Watch,2,146.89,4,293.78,0.0,56.41,338.44,Credit Card,Delivered,Standard,Mobile App,,7,3
62395981,276189,2025-12-28,Beauty,Perfume,2,85.0,29,170.0,0.0,24.14,144.84,Credit Card,Delivered,Standard,Mobile App,,6,4
14542720,729914,2025-12-09,Home & Kitchen,Coffee Maker,1,112.76,4,112.76,5.9,21.65,135.8,PayPal,Delivered,Standard,Mobile App,,5,4
80188268,329367,2024-09-13,Fashion,Winter Jacket,1,183.96,27,183.96,0.0,20.14,154.43,Bank Transfer,Returned,Standard,Website,,6,
18279724,916917,2025-09-28,Home & Kitchen,Coffee Maker,1,103.44,22,103.44,12.9,16.14,109.72,Credit Card,Delivered,Express,Marketplace,WELCOME10,2,4
19825738,372597,2024-08-24,Fashion,Running Shoes,2,106.45,2,212.9,0.0,41.73,250.37,Credit Card,Delivered,Standard,Mobile App,WELCOME10,4,5
78410996,577111,2024-12-17,Fashion,Winter Jacket,1,160.95,6,160.95,0.0,30.26,181.55,Credit Card,Delivered,Standard,Mobile App,,3,5
83840372,888237,2025-08-20,Electronics,Bluetooth Speaker,2,71.59,2,143.18,0.0,28.06,0.0,Credit Card,Cancelled,Pickup,Marketplace,FREESHIP,,
37000610,513961,2025-05-13,Books & Office,Monitor Stand,1,49.23,27,49.23,12.9,7.19,56.03,Credit Card,Delivered,Express,Mobile App,,1,5
50805372,300416,2025-11-14,Beauty,Electric Toothbrush,1,90.42,24,90.42,5.9,13.74,88.36,,Delivered,Standard,Mobile App,,6,5
34456881,135253,2024-11-30,Electronics,USB-C Hub,2,41.21,9,82.42,5.9,15.0,95.9,Credit Card,Delivered,Standard,Website,,5,4
79535842,900129,2025-12-31,Fashion,Classic Jeans,1,64.33,14,64.33,5.9,11.06,72.28,Credit Card,Delivered,Standard,Mobile App,,5,5
31453202,100813,2025-06-22,Books & Office,Ergonomic Mouse,2,57.91,5,115.82,5.9,22.01,137.94,Apple Pay,Delivered,Standard,Mobile App,SAVE15,7,3
77743982,681133,2024-08-28,Beauty,Electric Toothbrush,1,71.55,2,71.55,12.9,10.52,93.54,Credit Card,Delivered,Express,Website,SAVE15,1,5
70945930,871468,2025-03-21,Home & Kitchen,Air Fryer,1,126.25,0,126.25,0.0,18.94,145.19,Apple Pay,Delivered,Standard,Website,,4,3
21064248,686999,2025-05-29,Home & Kitchen,Cookware Set,1,158.66,7,158.66,0.0,29.51,177.06,Bank Transfer,Delivered,Standard,Mobile App,VIP20,5,4
84427416,617166,2025-06-12,Beauty,Hair Dryer,3,58.11,15,174.33,0.0,29.64,0.0,Apple Pay,Cancelled,Standard,Mobile App,,,
47412755,934753,2025-08-10,Sports,Resistance Bands,1,32.08,12,32.08,5.9,5.65,39.78,Credit Card,Delivered,Standard,Mobile App,WELCOME10,2,5
79401572,551665,2025-05-16,Fashion,Cotton Hoodie,1,67.3,7,67.3,5.9,12.52,81.01,Credit Card,Delivered,Standard,Website,,4,5
17312020,405338,2025-08-06,Fashion,Backpack,2,66.66,15,133.32,0.0,22.66,135.98,PayPal,Delivered,Standard,Website,WELCOME10,7,4
66172232,549554,2024-11-13,Sports,Resistance Bands,1,28.18,8,28.18,5.9,5.19,37.02,Credit Card,Delivered,Standard,Mobile App,SAVE15,3,5
98512740,340627,2025-01-22,Beauty,Skin Care Set,1,101.13,2,101.13,0.0,19.82,118.93,PayPal,Delivered,Pickup,Mobile App,WELCOME10,1,4
76414155,726493,2024-12-02,Electronics,Wireless Headphones,1,88.4,26,88.4,5.9,5.04,76.36,Credit Card,Returned,Standard,Mobile App,FREESHIP,5,
33604504,953413,2025-06-19,Sports,Fitness Tracker,3,83.4,24,250.2,0.0,38.03,228.18,Credit Card,Delivered,Standard,Website,FREESHIP,8,5
47316263,830099,2025-11-17,Electronics,USB-C Hub,1,50.04,9,50.04,12.9,9.11,67.55,Credit Card,Delivered,Express,Marketplace,SAVE15,1,3
69867486,468629,2025-12-02,Home & Kitchen,Coffee Maker,2,97.04,14,194.08,0.0,33.38,0.0,Credit Card,Cancelled,Pickup,Website,FREESHIP,,
11115549,734767,2025-06-03,Beauty,Hair Dryer,2,63.44,0,126.88,0.0,25.38,152.26,Credit Card,Delivered,Standard,Mobile App,,5,5
88785928,329367,2024-08-29,Beauty,Hair Dryer,1,61.54,12,61.54,0.0,8.12,62.28,Bank Transfer,Delivered,Pickup,Mobile App,,1,4
15219500,658752,2025-09-28,Books & Office,Ergonomic Mouse,1,61.44,10,61.44,12.9,11.06,79.26,Credit Card,Delivered,Express,Mobile App,FREESHIP,1,4
19227720,272038,2025-08-20,Electronics,Smart Watch,1,149.01,20,149.01,12.9,23.84,155.95,Credit Card,Delivered,Express,Website,SAVE15,1,5
44946177,625591,2024-10-24,Home & Kitchen,Cookware Set,3,157.55,10,472.65,0.0,63.81,489.19,PayPal,Delivered,Pickup,Website,SAVE15,1,4
53986235,771578,2025-07-07,Home & Kitchen,Desk Lamp,2,46.49,17,92.98,5.9,15.43,98.5,Credit Card,Delivered,Standard,Mobile App,,5,4
80046188,883739,2025-12-29,Books & Office,Data Analytics Book,1,46.9,23,46.9,5.9,7.22,49.23,Credit Card,Delivered,Standard,Mobile App,FREESHIP,5,5
90687786,179027,2024-06-25,Fashion,Classic Jeans,2,72.18,4,144.36,0.0,27.72,166.31,,Delayed,Standard,Website,,9,4
61549016,839525,2025-04-12,Electronics,Bluetooth Speaker,1,67.95,17,67.95,0.0,11.28,67.68,Google Pay,Delivered,Pickup,Mobile App,,1,4
33486864,135344,2025-05-05,Home & Kitchen,Blender,1,80.97,12,80.97,12.9,14.25,98.4,Google Pay,Returned,Express,Mobile App,VIP20,1,
11370584,889635,2025-09-27,Electronics,USB-C Hub,1,44.31,27,44.31,5.9,6.47,44.72,Bank Transfer,Returned,Standard,Mobile App,FREESHIP,3,
69176907,243318,2025-10-20,Electronics,Wireless Headphones,5,84.69,14,423.45,0.0,72.83,437.0,Credit Card,Delivered,Standard,Website,FREESHIP,5,4
89922778,889635,2025-10-13,Beauty,Hair Dryer,2,58.5,12,117.0,5.9,20.59,129.45,PayPal,Delivered,Standard,Mobile App,VIP20,5,4
36667830,512043,2025-10-22,Sports,Fitness Tracker,1,99.9,7,99.9,0.0,18.58,111.49,Credit Card,Delivered,Pickup,Mobile App,FREESHIP,1,4
12980980,248706,2025-02-22,Electronics,Mechanical Keyboard,2,85.48,17,170.96,0.0,28.38,170.28,Bank Transfer,Returned,Standard,Mobile App,FREESHIP,2,
65181503,422472,2025-10-31,Electronics,Bluetooth Speaker,2,75.85,12,151.7,12.9,26.7,173.1,PayPal,Delivered,Express,Website,SAVE15,2,5
92998567,521348,2025-10-22,Books & Office,Data Analytics Book,1,41.82,5,41.82,5.9,7.95,53.58,Google Pay,Delivered,Standard,Website,,5,3
24401253,887269,2025-12-27,Electronics,Wireless Headphones,2,90.43,19,180.86,0.0,29.3,175.8,Credit Card,Delivered,Standard,Mobile App,SAVE15,5,4
39698112,889635,2025-07-19,Electronics,Smart Watch,1,120.24,24,120.24,0.0,18.28,109.66,Credit Card,Delivered,Standard,Website,,5,5
31902681,248706,2025-11-12,Electronics,USB-C Hub,1,44.35,21,44.35,5.9,7.01,47.95,Credit Card,Delayed,Standard,Marketplace,FREESHIP,8,4
92997871,674593,2025-11-13,Electronics,Mechanical Keyboard,3,94.85,16,284.55,12.9,47.8,299.72,Bank Transfer,Delayed,Express,Website,,4,4
54668627,923517,2025-07-17,Home & Kitchen,Desk Lamp,3,48.39,19,145.17,0.0,23.52,141.11,Credit Card,Delivered,Standard,Mobile App,SAVE15,5,5
53120713,967709,2025-10-25,Home & Kitchen,Blender,1,74.76,7,74.76,5.9,13.91,89.34,Credit Card,Delivered,Standard,Marketplace,FREESHIP,2,4
14809810,358151,2024-03-24,Fashion,Winter Jacket,2,190.26,24,380.52,0.0,57.84,347.04,Bank Transfer,Returned,Pickup,Website,FREESHIP,1,
53047539,178261,2025-03-01,Electronics,USB-C Hub,1,49.6,12,49.6,12.9,8.73,65.28,PayPal,Delivered,Express,Mobile App,,1,3
44238825,878150,2024-07-22,Home & Kitchen,Cookware Set,1,144.96,17,144.96,0.0,24.06,144.38,Credit Card,Delivered,Standard,Website,WELCOME10,6,5
65506041,995196,2024-11-10,Home & Kitchen,Air Fryer,1,136.95,26,136.95,0.0,20.27,121.61,PayPal,Delivered,Standard,Website,FREESHIP,8,3
50771845,703633,2025-12-30,Books & Office,Office Chair,1,188.78,4,188.78,0.0,36.25,217.48,Apple Pay,Delivered,Standard,Website,WELCOME10,3,5
88200732,837252,2025-02-16,Electronics,Bluetooth Speaker,5,77.94,0,389.7,0.0,30.01,419.71,Credit Card,Delayed,Standard,Website,,10,4
35331357,738362,2025-07-30,Electronics,Mechanical Keyboard,2,98.37,2,196.74,12.9,38.56,244.27,Credit Card,Delivered,Express,Website,SAVE15,2,4
89768901,676297,2025-01-31,Beauty,Hair Dryer,2,65.53,11,131.06,0.0,8.98,0.0,Apple Pay,Cancelled,Standard,Website,WELCOME10,,
28134275,791320,2025-12-03,Electronics,Smart Watch,4,161.26,35,645.04,0.0,83.86,503.14,Google Pay,Delivered,Standard,Mobile App,SAVE15,5,2
95076859,453744,2025-09-22,Beauty,Makeup Kit,1,59.94,5,59.94,5.9,11.39,74.23,Credit Card,Delivered,Standard,Website,,4,4
89804488,287149,2025-06-26,Electronics,Mechanical Keyboard,1,104.74,7,104.74,5.9,19.48,122.79,Credit Card,Delayed,Standard,Marketplace,,9,3
83169974,743949,2025-07-14,Home & Kitchen,Blender,3,68.71,11,206.13,0.0,14.13,197.59,Apple Pay,Delivered,Standard,Mobile App,SAVE15,2,5
93863779,334773,2025-11-23,Fashion,Cotton Hoodie,1,66.88,34,66.88,5.9,8.83,58.87,Credit Card,Delivered,Standard,Marketplace,WELCOME10,4,5
70955871,457655,2025-09-05,Home & Kitchen,Cookware Set,3,165.55,25,496.65,0.0,74.5,446.99,Bank Transfer,Delivered,Pickup,Mobile App,WELCOME10,1,4
73254619,499665,2025-07-03,Books & Office,Notebook Set,1,23.83,2,23.83,12.9,4.67,40.92,Credit Card,Delivered,Express,Website,FREESHIP,1,3
90464526,100813,2025-08-13,Home & Kitchen,Cookware Set,1,160.62,5,160.62,12.9,30.52,196.01,Credit Card,Delivered,Express,Mobile App,FREESHIP,1,5
65469236,621846,2025-06-13,Beauty,Makeup Kit,1,60.28,4,60.28,5.9,11.57,75.34,Credit Card,Delivered,Standard,Mobile App,,5,4
99923862,391759,2025-07-26,Beauty,Electric Toothbrush,2,73.36,4,146.72,0.0,21.13,161.98,PayPal,Delayed,Standard,Website,,9,3
58974806,746011,2025-12-24,Electronics,Wireless Headphones,1,86.78,34,86.78,5.9,11.45,74.62,Apple Pay,Delivered,Standard,Mobile App,FREESHIP,6,4
96876567,871468,2025-03-19,Sports,Resistance Bands,1,31.53,0,31.53,5.9,4.73,42.16,Apple Pay,Delivered,Standard,Website,,5,5
69940641,887269,2025-12-23,Fashion,Backpack,1,68.89,24,68.89,5.9,10.47,68.73,Bank Transfer,Delayed,Standard,Mobile App,,7,2
14679975,461503,2025-03-30,Electronics,Wireless Headphones,2,86.19,0,172.38,12.9,34.48,219.76,PayPal,Delivered,Express,Website,,1,5
78067138,287149,2025-11-25,Electronics,Smart Watch,3,149.06,16,447.18,0.0,75.13,450.76,Credit Card,Delivered,Pickup,Marketplace,,1,4
26462007,684762,2025-09-26,Fashion,Cotton Hoodie,1,62.72,22,62.72,12.9,9.78,71.6,Credit Card,Delivered,Express,Website,,2,5
57813352,985158,2025-12-28,Electronics,Smart Watch,3,145.31,6,435.93,0.0,81.95,491.72,PayPal,Delivered,Standard,Mobile App,,5,5
46623746,287149,2025-04-12,Fashion,Classic Jeans,1,69.44,2,69.44,12.9,13.61,94.56,Credit Card,Delivered,Express,Mobile App,WELCOME10,1,4
70291784,232347,2025-07-16,Fashion,Backpack,1,65.82,6,65.82,5.9,12.37,80.14,Credit Card,Delivered,Standard,Website,WELCOME10,4,5
56919033,767194,2025-06-19,Fashion,Classic Jeans,3,60.92,25,182.76,0.0,20.56,157.63,Apple Pay,Delivered,Standard,Website,VIP20,2,5
14622541,358151,2024-12-01,Electronics,Smart Watch,2,153.97,23,307.94,0.0,47.42,284.53,Credit Card,Delivered,Standard,Website,,7,5
55272579,355308,2025-12-31,Electronics,Bluetooth Speaker,1,63.8,4,63.8,12.9,12.25,86.4,Credit Card,Delivered,Express,Mobile App,VIP20,1,3
87286160,289234,2024-10-09,Electronics,Wireless Headphones,3,93.81,19,281.43,12.9,45.59,286.45,Google Pay,Delivered,Express,Mobile App,,2,5
45797688,152133,2025-04-15,Beauty,Electric Toothbrush,2,72.57,10,145.14,0.0,26.13,156.76,PayPal,Delivered,Standard,Website,SAVE15,5,5
10921860,979191,2025-12-08,Beauty,Skin Care Set,5,90.39,14,451.95,12.9,77.74,479.32,Credit Card,Delivered,Express,Website,SAVE15,2,4
18658190,684041,2025-12-08,Home & Kitchen,Air Fryer,2,118.62,24,237.24,12.9,36.06,229.26,Apple Pay,Delivered,Express,Website,,3,5
65952640,967709,2025-07-27,Fashion,Winter Jacket,1,192.15,9,192.15,0.0,34.97,209.83,PayPal,Delivered,Standard,Mobile App,WELCOME10,5,5
36488617,167359,2025-09-10,Electronics,Bluetooth Speaker,1,60.06,14,60.06,5.9,10.33,67.88,PayPal,Delivered,Standard,Mobile App,WELCOME10,4,5
49418998,474664,2024-11-05,Fashion,Cotton Hoodie,1,61.65,14,61.65,5.9,10.6,69.52,Credit Card,Delivered,Standard,Marketplace,FREESHIP,6,5
25774970,211308,2025-12-08,Electronics,Wireless Headphones,4,109.12,4,436.48,12.9,83.8,0.0,Bank Transfer,Cancelled,Express,Mobile App,SAVE15,,
88078976,243925,2024-10-12,Home & Kitchen,Desk Lamp,2,51.53,22,103.06,5.9,16.08,102.37,Google Pay,Delivered,Standard,Mobile App,FREESHIP,5,4
80455797,801451,2025-11-21,Books & Office,Ergonomic Mouse,2,61.67,19,123.34,0.0,14.99,114.9,PayPal,Delayed,Pickup,Mobile App,WELCOME10,2,3
39997503,967709,2025-09-20,Fashion,Classic Jeans,2,65.83,17,131.66,0.0,21.86,131.14,Google Pay,Delivered,Standard,Mobile App,WELCOME10,6,4
35794026,149154,2025-09-13,Electronics,Mechanical Keyboard,3,100.54,0,301.62,0.0,60.32,361.94,Credit Card,Delivered,Standard,Mobile App,,5,5
15173622,767194,2025-12-05,Fashion,Cotton Hoodie,1,69.44,24,69.44,12.9,7.92,73.59,Bank Transfer,Returned,Express,Mobile App,FREESHIP,1,
50981150,874848,2025-07-19,Books & Office,Office Chair,1,214.93,12,214.93,0.0,37.83,226.97,Google Pay,Delivered,Standard,Website,,4,5
27801022,545439,2025-06-03,Fashion,Cotton Hoodie,1,63.28,12,63.28,12.9,11.14,79.73,PayPal,Delivered,Express,Mobile App,,3,4
55204162,889635,2025-05-08,Home & Kitchen,Desk Lamp,1,49.26,17,49.26,5.9,8.18,54.97,Credit Card,Delivered,Standard,Mobile App,,3,4
74931962,874948,2025-07-23,Beauty,Electric Toothbrush,1,83.81,19,83.81,5.9,13.58,87.37,PayPal,Delivered,Standard,Website,WELCOME10,4,5
62493780,243318,2025-03-23,Electronics,Mechanical Keyboard,1,94.04,4,94.04,12.9,18.06,121.24,Credit Card,Delivered,Express,Marketplace,FREESHIP,3,5
84171114,741821,2024-11-29,Electronics,Smart Watch,1,140.24,18,140.24,0.0,23.0,138.0,Apple Pay,Delivered,Pickup,Website,WELCOME10,2,5
30372812,248706,2024-06-26,Sports,Fitness Tracker,3,83.6,32,250.8,12.9,34.11,217.55,Credit Card,Delivered,Express,Website,,2,4
21702500,747145,2025-11-10,Books & Office,Data Analytics Book,1,41.25,4,41.25,12.9,7.92,60.42,Credit Card,Delivered,Express,Marketplace,FREESHIP,1,5
78127931,601669,2025-11-10,Sports,Resistance Bands,2,35.19,11,70.38,12.9,12.53,88.07,Bank Transfer,Delivered,Express,Marketplace,WELCOME10,2,4
94420948,900924,2025-07-01,Beauty,Electric Toothbrush,1,78.94,7,78.94,5.9,14.68,93.99,Google Pay,Delivered,Standard,Website,,4,4
34206358,463147,2025-07-17,Fashion,Backpack,1,71.35,2,71.35,0.0,13.98,83.9,Credit Card,Delivered,Pickup,Website,VIP20,1,5
65070289,651126,2025-09-30,Fashion,Cotton Hoodie,2,67.81,25,135.62,0.0,20.34,122.05,Credit Card,Delayed,Standard,Marketplace,WELCOME10,8,2
80115272,967709,2025-08-14,Fashion,Classic Jeans,5,68.05,2,340.25,0.0,66.69,400.14,PayPal,Delivered,Standard,Mobile App,,5,4
18991195,249658,2025-05-21,Electronics,Wireless Headphones,1,91.49,0,91.49,12.9,18.3,122.69,PayPal,Delivered,Express,Website,,2,4
34000289,904949,2025-12-27,Home & Kitchen,Air Fryer,1,135.15,4,135.15,12.9,19.46,162.1,Apple Pay,Delivered,Express,Website,,3,4
50241235,204963,2025-11-27,Books & Office,Monitor Stand,1,44.84,24,44.84,0.0,6.82,40.9,Bank Transfer,Delivered,Pickup,Website,SAVE15,1,5
41668220,322768,2025-01-03,Electronics,Bluetooth Speaker,1,69.01,4,69.01,5.9,13.25,0.0,PayPal,Cancelled,Standard,Website,WELCOME10,,
64956509,942724,2025-09-30,Electronics,Bluetooth Speaker,2,76.03,0,152.06,0.0,30.41,182.47,Credit Card,Delivered,Pickup,Website,,1,4
45569555,703633,2025-01-16,Fashion,Cotton Hoodie,2,63.43,17,126.86,0.0,21.06,126.35,Apple Pay,Delivered,Pickup,Website,,1,4
32229860,733644,2025-10-31,Beauty,Electric Toothbrush,1,76.61,2,76.61,5.9,15.02,96.0,Bank Transfer,Delivered,Standard,Website,,4,5
30809629,302949,2025-11-06,Home & Kitchen,Cookware Set,2,168.94,4,337.88,12.9,64.87,402.13,Credit Card,Delivered,Express,Website,SAVE15,1,5
95352214,736777,2025-11-03,Home & Kitchen,Cookware Set,2,188.29,19,376.58,0.0,61.01,366.04,PayPal,Delivered,Standard,Mobile App,,4,4
15824591,681390,2025-12-02,Books & Office,Office Chair,1,202.36,34,202.36,12.9,26.71,173.17,Credit Card,Delivered,Express,Mobile App,,1,5
37145899,961374,2025-12-20,Books & Office,Notebook Set,3,23.99,9,71.97,5.9,13.1,84.49,Apple Pay,Delivered,Standard,Mobile App,,2,5
74383465,415734,2025-08-05,Sports,Fitness Tracker,1,89.41,0,89.41,5.9,17.88,113.19,Google Pay,Delivered,Standard,Website,,4,4
65781214,920398,2025-11-30,Home & Kitchen,Desk Lamp,1,53.6,14,53.6,0.0,9.22,55.32,Apple Pay,Delivered,Pickup,Website,SAVE15,1,4
33047769,859344,2025-08-14,Fashion,Winter Jacket,4,175.52,10,702.08,0.0,126.37,758.24,Credit Card,Delivered,Pickup,Mobile App,FREESHIP,1,4
58293453,232347,2025-06-10,Fashion,Running Shoes,2,109.85,4,219.7,0.0,42.18,253.09,Bank Transfer,Returned,Standard,Website,VIP20,3,
37578281,243318,2025-08-01,Beauty,Electric Toothbrush,3,79.31,4,237.93,12.9,45.68,286.99,Credit Card,Delivered,Express,Mobile App,SAVE15,3,4
33669589,287149,2025-07-18,Books & Office,Data Analytics Book,1,42.61,34,42.61,5.9,5.62,39.64,Credit Card,Delivered,Standard,Website,,6,4
24350097,770578,2025-12-24,Fashion,Cotton Hoodie,1,58.27,4,58.27,5.9,11.19,73.03,Apple Pay,Delivered,Standard,Mobile App,,4,5
53104176,974572,2025-10-24,Electronics,Mechanical Keyboard,3,97.0,0,291.0,0.0,58.2,349.2,Credit Card,Delivered,Standard,Website,,4,5
59652285,227387,2025-11-22,Fashion,Cotton Hoodie,1,61.86,6,61.86,5.9,11.63,75.68,Credit Card,Delivered,Standard,Website,WELCOME10,5,5
51377260,920139,2024-12-06,Home & Kitchen,Air Fryer,1,142.74,24,142.74,0.0,21.7,130.18,PayPal,Delivered,Standard,Mobile App,SAVE15,6,4
40104057,433703,2025-08-24,Books & Office,Ergonomic Mouse,2,55.63,5,111.26,5.9,21.14,132.74,Credit Card,Delivered,Standard,Website,FREESHIP,4,4
80252313,447274,2025-07-06,Sports,Fitness Tracker,1,96.29,12,96.29,5.9,16.95,107.59,Apple Pay,Delivered,Standard,Website,VIP20,5,4
55303271,211308,2025-11-21,Books & Office,Monitor Stand,1,56.63,4,56.63,12.9,10.87,78.13,Bank Transfer,Delivered,Express,Website,,1,5
90856145,587971,2025-03-24,Books & Office,Monitor Stand,1,54.01,10,54.01,12.9,9.72,71.23,Bank Transfer,Delivered,Express,Mobile App,VIP20,1,4
39180673,371626,2025-03-22,Electronics,USB-C Hub,1,49.81,25,49.81,12.9,2.88,53.14,Credit Card,Delivered,Express,Website,SAVE15,3,5
55812984,422958,2025-10-03,Home & Kitchen,Coffee Maker,2,90.63,20,181.26,0.0,29.0,174.01,Credit Card,Delivered,Standard,Mobile App,,5,5
52496810,242246,2025-10-30,Home & Kitchen,Cookware Set,1,165.12,12,165.12,0.0,29.06,174.37,Credit Card,Delivered,Standard,Mobile App,,2,4
26555691,310556,2025-10-15,Fashion,Cotton Hoodie,3,52.43,25,157.29,0.0,23.59,141.56,Apple Pay,Returned,Standard,Website,VIP20,4,
89610103,847964,2025-08-18,Sports,Resistance Bands,4,31.9,10,127.6,0.0,22.97,137.81,Apple Pay,Returned,Standard,Website,,5,
55087164,287149,2025-11-30,Home & Kitchen,Blender,5,71.21,26,356.05,0.0,52.7,316.18,Credit Card,Delivered,Standard,Mobile App,,4,4
31767026,751201,2025-01-04,Books & Office,Data Analytics Book,1,41.55,27,41.55,5.9,6.07,42.3,Bank Transfer,Delivered,Standard,Website,FREESHIP,5,5
84380591,904949,2025-09-26,Electronics,Wireless Headphones,1,85.44,15,85.44,0.0,10.89,83.51,PayPal,Delayed,Pickup,Website,WELCOME10,6,3
25182086,709841,2025-10-24,Fashion,Backpack,1,67.43,27,67.43,0.0,9.84,59.06,PayPal,Delivered,Pickup,Mobile App,VIP20,2,5
69492714,791189,2025-12-30,Fashion,Winter Jacket,2,204.72,4,409.44,12.9,78.61,484.57,Credit Card,Delivered,Express,Website,,1,3
57745260,443824,2024-05-01,Beauty,Perfume,1,88.14,4,88.14,12.9,16.92,114.43,Bank Transfer,Returned,Express,Mobile App,FREESHIP,3,
60272090,443824,2024-12-22,Home & Kitchen,Cookware Set,2,159.92,8,319.84,0.0,58.85,353.1,Credit Card,Delivered,Standard,Mobile App,VIP20,4,4
80397623,967709,2025-08-08,Beauty,Hair Dryer,1,65.36,12,65.36,5.9,11.5,74.92,PayPal,Delivered,Standard,Mobile App,FREESHIP,4,5
26070854,211051,2025-12-27,Fashion,Cotton Hoodie,3,51.93,19,155.79,0.0,25.24,151.43,Credit Card,Delayed,Standard,Website,SAVE15,9,3
56880449,521348,2025-10-11,Electronics,Wireless Headphones,3,89.6,25,268.8,0.0,40.32,241.92,Bank Transfer,Delivered,Standard,Mobile App,VIP20,3,3
97179778,888237,2024-12-14,Home & Kitchen,Coffee Maker,2,91.31,21,182.62,0.0,28.85,173.12,Google Pay,Delivered,Standard,Website,,5,4
14016486,657545,2024-05-19,Electronics,USB-C Hub,1,42.79,17,42.79,5.9,7.1,48.52,Apple Pay,Delivered,Standard,Mobile App,WELCOME10,4,5
27424830,990675,2025-12-22,Beauty,Perfume,1,99.04,24,99.04,5.9,15.05,96.22,Credit Card,Delivered,Standard,Website,,4,5
52336119,795593,2025-11-26,Fashion,Cotton Hoodie,2,61.48,4,122.96,12.9,23.61,154.55,Credit Card,Delivered,Express,Website,,3,5
91488837,119133,2025-11-28,Fashion,Cotton Hoodie,1,50.29,6,50.29,12.9,7.09,67.26,Credit Card,Delivered,Express,Mobile App,,2,4
65364175,906510,2025-03-15,Fashion,Winter Jacket,2,188.08,12,376.16,0.0,25.49,356.51,Credit Card,Delivered,Standard,Marketplace,SAVE15,5,4
62916585,871468,2024-03-30,Fashion,Winter Jacket,1,188.71,0,188.71,12.9,28.31,229.92,Bank Transfer,Delivered,Express,Marketplace,,1,4
33943739,548453,2025-05-07,Electronics,Smart Watch,1,166.25,2,166.25,0.0,32.58,195.5,Credit Card,Delivered,Standard,Marketplace,,3,5
75699951,243925,2025-09-05,Fashion,Winter Jacket,1,191.75,17,191.75,0.0,31.83,0.0,Credit Card,Cancelled,Standard,Website,FREESHIP,,
23480079,611790,2025-12-01,Fashion,Backpack,1,68.87,11,68.87,12.9,12.26,86.45,Credit Card,Delivered,Express,Website,,2,4
27018264,962186,2025-12-24,Beauty,Makeup Kit,1,59.52,14,59.52,5.9,10.24,67.33,PayPal,Delivered,Standard,Website,FREESHIP,5,4
48834382,958830,2025-11-17,Electronics,Bluetooth Speaker,1,64.25,9,64.25,5.9,4.5,68.87,PayPal,Delivered,Standard,Website,VIP20,4,4
97235026,686163,2025-12-14,Electronics,Mechanical Keyboard,1,111.01,34,111.01,5.9,14.65,93.82,Credit Card,Delivered,Standard,Website,,4,5
12661147,240044,2025-10-14,Books & Office,Monitor Stand,2,48.31,0,96.62,12.9,19.32,128.84,Apple Pay,Delivered,Express,Mobile App,,3,4
65389948,740137,2025-05-20,Electronics,Smart Watch,2,152.57,10,305.14,0.0,54.93,329.56,Credit Card,Delivered,Standard,Website,,5,5
89393544,422472,2025-10-30,Books & Office,Notebook Set,1,21.21,22,21.21,5.9,3.31,25.75,Credit Card,Returned,Standard,Website,,6,
83919200,178261,2025-04-16,Beauty,Electric Toothbrush,1,72.54,12,72.54,5.9,12.77,82.51,Google Pay,Delayed,Standard,Website,,11,1
37514031,434429,2025-05-12,Books & Office,Ergonomic Mouse,1,57.69,0,57.69,5.9,4.44,68.03,Google Pay,Delivered,Standard,Website,,5,4
55001867,551094,2025-11-23,Electronics,Wireless Headphones,1,71.18,24,71.18,5.9,10.82,70.82,Google Pay,Delivered,Standard,Mobile App,WELCOME10,5,4
12116064,524592,2025-07-05,Books & Office,Ergonomic Mouse,1,50.73,2,50.73,0.0,9.94,59.66,Credit Card,Delivered,Pickup,Mobile App,,1,5
72402133,439102,2025-12-03,Electronics,Smart Watch,1,142.63,6,142.63,12.9,26.81,173.78,Credit Card,Delivered,Express,Website,VIP20,3,4
27616572,936955,2025-12-14,Books & Office,Office Chair,2,194.05,29,388.1,0.0,55.11,330.66,Credit Card,Delivered,Standard,Mobile App,WELCOME10,5,4
77715861,874848,2025-09-27,Home & Kitchen,Blender,4,65.58,10,262.32,0.0,47.22,283.31,Credit Card,Delivered,Standard,Marketplace,,5,4
14591790,945209,2025-12-03,Books & Office,Office Chair,1,224.22,14,224.22,0.0,38.57,231.4,PayPal,Delivered,Standard,Mobile App,FREESHIP,5,3
47561509,990675,2025-12-20,Books & Office,Monitor Stand,3,54.11,9,162.33,12.9,29.54,190.16,Credit Card,Delivered,Express,Website,VIP20,3,5
46760889,957124,2024-10-23,Home & Kitchen,Coffee Maker,2,99.1,10,198.2,12.9,35.68,226.96,Bank Transfer,Delivered,Express,Mobile App,WELCOME10,1,5
29174209,990091,2025-11-03,Fashion,Cotton Hoodie,1,61.17,29,61.17,5.9,8.69,58.02,Credit Card,Delivered,Standard,Website,,3,5
95203074,796464,2025-10-21,Electronics,Bluetooth Speaker,1,57.21,7,57.21,5.9,7.98,67.09,Credit Card,Delivered,Standard,Website,WELCOME10,3,3
11483636,686163,2025-07-01,Books & Office,Office Chair,2,206.16,12,412.32,0.0,72.57,435.41,Credit Card,Delivered,Standard,Mobile App,,6,4
59631836,471028,2025-12-07,Books & Office,Monitor Stand,1,48.82,24,48.82,5.9,7.42,50.42,PayPal,Delivered,Standard,Website,SAVE15,4,5
38714914,232347,2025-06-07,Fashion,Classic Jeans,2,66.87,29,133.74,0.0,18.99,113.95,PayPal,Delivered,Standard,Mobile App,FREESHIP,4,5
35550765,344218,2025-01-31,Books & Office,Ergonomic Mouse,1,61.3,22,61.3,5.9,3.68,57.39,Credit Card,Delivered,Standard,Website,,4,4
23909014,848223,2025-02-10,Electronics,Bluetooth Speaker,2,62.0,17,124.0,0.0,20.58,123.5,Apple Pay,Delivered,Pickup,Mobile App,,1,4
71035945,535113,2025-08-04,Books & Office,Ergonomic Mouse,1,51.61,5,51.61,5.9,9.81,64.74,Credit Card,Delivered,Standard,Website,WELCOME10,6,5
18729944,354938,2025-11-11,Beauty,Skin Care Set,2,90.72,14,181.44,0.0,31.21,187.25,Credit Card,Delivered,Standard,Mobile App,WELCOME10,5,4
63819386,197705,2024-09-04,Home & Kitchen,Blender,1,76.66,7,76.66,5.9,14.26,91.45,PayPal,Delivered,Standard,Mobile App,VIP20,4,5
59366330,231776,2025-12-20,Sports,Resistance Bands,1,35.6,14,35.6,12.9,6.12,49.64,Credit Card,Delivered,Express,Website,,3,5
83516632,427852,2025-03-04,Home & Kitchen,Blender,1,63.83,20,63.83,5.9,7.66,64.62,Credit Card,Delivered,Standard,Website,,4,5
19550221,646360,2025-08-27,Sports,Cycling Helmet,1,82.18,5,82.18,12.9,15.61,106.58,Credit Card,Delivered,Express,Mobile App,,2,5
10391811,363814,2025-06-06,Books & Office,Ergonomic Mouse,1,58.37,4,58.37,12.9,11.21,80.15,Credit Card,Delivered,Express,Mobile App,,2,3
52793260,215222,2025-12-29,Beauty,Makeup Kit,1,53.64,8,53.64,0.0,9.87,59.22,Credit Card,Returned,Pickup,Mobile App,,1,
66771464,232347,2024-12-03,Electronics,Wireless Headphones,2,101.62,13,203.24,0.0,35.36,212.18,Apple Pay,Delayed,Standard,Website,,6,4
72264770,178261,2025-10-29,Beauty,Hair Dryer,2,68.13,2,136.26,0.0,26.71,160.24,Bank Transfer,Delivered,Standard,Website,,4,4
85947708,545439,2025-09-14,Books & Office,Notebook Set,3,25.17,12,75.51,12.9,13.29,92.64,Apple Pay,Delivered,Express,Website,VIP20,2,3
12944747,725173,2025-12-26,Books & Office,Data Analytics Book,1,40.34,9,40.34,12.9,7.34,56.95,PayPal,Delivered,Express,Mobile App,,4,4
94135473,238013,2025-12-07,Electronics,Wireless Headphones,1,88.97,19,88.97,0.0,14.41,86.48,Credit Card,Delivered,Pickup,Website,,1,4
87376861,451365,2025-09-01,Beauty,Perfume,2,97.5,20,195.0,0.0,31.2,187.2,PayPal,Delivered,Standard,Website,VIP20,4,5
73796130,874848,2025-03-07,Beauty,Hair Dryer,4,68.71,0,274.84,12.9,54.97,342.71,Credit Card,Delayed,Express,Mobile App,,5,4
90903679,141639,2025-12-26,Fashion,Classic Jeans,1,67.6,16,67.6,12.9,11.36,81.04,Bank Transfer,Delivered,Express,Website,,3,5
38864624,726063,2025-11-07,Sports,Dumbbell Set,1,106.19,6,106.19,5.9,19.96,125.68,Bank Transfer,Delivered,Standard,Mobile App,,5,4
74877139,524592,2025-08-17,Home & Kitchen,Air Fryer,1,145.44,15,145.44,0.0,24.72,148.34,Credit Card,Delivered,Pickup,Website,,1,4
89615492,119473,2025-01-31,Sports,Cycling Helmet,1,77.76,2,77.76,5.9,15.24,97.34,PayPal,Delivered,Standard,Website,FREESHIP,4,3
86568148,364720,2025-06-27,Fashion,Classic Jeans,1,75.25,12,75.25,12.9,13.24,92.36,Bank Transfer,Delivered,Express,Marketplace,,1,4
80179809,451365,2025-09-17,Fashion,Cotton Hoodie,2,58.75,0,117.5,5.9,23.5,146.9,Credit Card,Delivered,Standard,Website,,6,4
13904806,311826,2025-12-29,Books & Office,Ergonomic Mouse,2,50.09,14,100.18,12.9,17.23,116.28,Credit Card,Delivered,Express,Mobile App,SAVE15,2,4
92860247,767194,2025-07-13,Fashion,Classic Jeans,1,69.62,12,69.62,12.9,9.19,83.36,Credit Card,Delivered,Express,Website,,1,4
53873640,614194,2025-07-24,Electronics,Mechanical Keyboard,2,108.5,12,217.0,0.0,28.64,219.6,Credit Card,Returned,Pickup,Mobile App,SAVE15,1,
34784892,152133,2024-09-22,Beauty,Hair Dryer,1,74.06,10,74.06,12.9,13.33,92.88,Credit Card,Returned,Express,Website,,1,
75614014,361412,2025-11-03,Fashion,Backpack,1,79.73,11,79.73,5.9,14.19,91.05,Apple Pay,Returned,Standard,Website,FREESHIP,6,
41653316,830384,2025-05-13,Electronics,Wireless Headphones,1,94.76,5,94.76,12.9,18.0,120.92,Apple Pay,Delivered,Express,Marketplace,VIP20,2,4
39304945,833845,2024-08-09,Fashion,Winter Jacket,1,174.08,9,174.08,0.0,31.68,190.09,PayPal,Delivered,Standard,Website,SAVE15,6,5
49564648,614194,2025-05-02,Sports,Fitness Tracker,1,96.52,10,96.52,5.9,13.03,105.8,Credit Card,Delivered,Standard,Marketplace,VIP20,4,5
34102380,889635,2025-03-28,Books & Office,Notebook Set,1,24.74,17,24.74,5.9,4.11,30.54,Google Pay,Delivered,Standard,Website,SAVE15,4,4
64251206,833845,2025-03-17,Sports,Dumbbell Set,1,110.51,24,110.51,12.9,16.8,113.69,Google Pay,Delivered,Express,Mobile App,VIP20,1,5
85272872,685158,2025-10-16,Home & Kitchen,Coffee Maker,1,87.63,10,87.63,5.9,11.83,96.6,PayPal,Delivered,Standard,Website,,5,3
97990833,487033,2025-07-07,Books & Office,Office Chair,1,234.69,2,234.69,0.0,46.0,276.0,PayPal,Delivered,Pickup,Mobile App,FREESHIP,1,4
24768421,633842,2025-03-19,Fashion,Running Shoes,1,103.81,4,103.81,12.9,7.67,120.23,Apple Pay,Delivered,Express,Website,,1,4
32186256,100813,2025-12-13,Books & Office,Notebook Set,1,26.1,14,26.1,5.9,4.49,32.84,PayPal,Delayed,Standard,Mobile App,SAVE15,9,4
84048930,257178,2025-01-31,Home & Kitchen,Blender,2,76.48,14,152.96,0.0,26.31,157.86,PayPal,Delivered,Standard,Website,,3,4
76020662,593958,2025-09-09,Sports,Fitness Tracker,1,83.51,10,83.51,12.9,15.03,103.09,PayPal,Delivered,Express,Mobile App,,2,4
75531692,833845,2024-09-05,Electronics,Wireless Headphones,2,97.72,4,195.44,0.0,37.52,225.14,Credit Card,Delivered,Standard,Mobile App,,8,4
35730332,422271,2025-12-06,Fashion,Winter Jacket,2,158.99,9,317.98,0.0,57.87,347.23,Credit Card,Delivered,Standard,Website,SAVE15,5,5
28166611,264538,2025-11-23,Fashion,Backpack,3,62.34,9,187.02,12.9,34.04,217.13,,Delivered,Express,Mobile App,,1,4
48457565,741821,2025-12-13,Home & Kitchen,Air Fryer,1,137.21,8,137.21,0.0,25.25,151.48,Credit Card,Delivered,Standard,Mobile App,,5,4
97717002,317282,2025-11-24,Fashion,Running Shoes,1,126.95,13,126.95,0.0,22.09,132.54,Credit Card,Returned,Standard,Mobile App,VIP20,4,
33669783,497108,2025-03-11,Home & Kitchen,Cookware Set,3,160.66,0,481.98,0.0,96.4,578.38,Credit Card,Returned,Standard,Website,,5,
41506024,405338,2025-10-04,Electronics,Wireless Headphones,1,93.24,0,93.24,0.0,18.65,111.89,Bank Transfer,Delivered,Pickup,Mobile App,,1,4
59506206,657571,2025-05-22,Beauty,Hair Dryer,3,61.5,2,184.5,0.0,36.16,216.97,Credit Card,Delivered,Standard,Mobile App,,5,5
26161595,858016,2025-12-04,Fashion,Cotton Hoodie,1,58.48,14,58.48,12.9,10.06,73.25,Google Pay,Delivered,Express,Website,VIP20,1,5
51256721,927285,2025-10-26,Books & Office,Office Chair,1,185.86,2,185.86,0.0,14.02,0.0,Bank Transfer,Cancelled,Standard,Website,,,
74976685,860036,2025-07-17,Fashion,Backpack,2,76.47,27,152.94,0.0,22.33,133.98,Credit Card,Delivered,Standard,Mobile App,,4,4
80108056,232347,2025-07-20,Electronics,Bluetooth Speaker,1,72.84,6,72.84,5.9,13.69,88.06,PayPal,Delivered,Standard,Mobile App,,6,3
53977811,995196,2025-10-10,Fashion,Winter Jacket,1,151.52,2,151.52,0.0,29.7,178.19,Credit Card,Delivered,Standard,Website,,5,3
33777528,950545,2025-11-20,Books & Office,Office Chair,1,224.28,9,224.28,0.0,40.82,244.91,Google Pay,Delivered,Standard,Mobile App,WELCOME10,6,5
48971617,616780,2025-12-30,Electronics,USB-C Hub,1,44.15,21,44.15,0.0,6.98,41.86,PayPal,Delivered,Pickup,Marketplace,VIP20,1,5
57410900,250538,2024-08-22,Books & Office,Data Analytics Book,3,40.75,7,122.25,0.0,22.74,136.43,Credit Card,Delivered,Standard,Website,,6,4
22107258,770578,2025-12-28,Beauty,Hair Dryer,1,63.83,9,63.83,5.9,11.62,75.61,PayPal,Delivered,Standard,Mobile App,,6,4
43760604,934753,2025-08-02,Fashion,Cotton Hoodie,2,64.86,2,129.72,12.9,25.43,165.46,Apple Pay,Delivered,Express,Website,FREESHIP,1,5
71345466,287149,2025-12-18,Books & Office,Monitor Stand,1,45.74,16,45.74,5.9,7.68,52.0,Google Pay,Delivered,Standard,Marketplace,,7,5
88867186,422271,2025-12-12,Beauty,Electric Toothbrush,1,67.29,4,67.29,12.9,12.92,90.42,Apple Pay,Delivered,Express,Marketplace,VIP20,1,4
66074517,549554,2024-12-04,Sports,Dumbbell Set,2,125.9,8,251.8,0.0,46.33,277.99,Apple Pay,Delivered,Standard,Mobile App,,5,4
39748670,463147,2025-10-26,Electronics,Mechanical Keyboard,1,108.61,10,108.61,5.9,19.55,123.2,PayPal,Delivered,Standard,Mobile App,SAVE15,4,5
29191216,757665,2024-11-30,Home & Kitchen,Air Fryer,1,106.84,4,106.84,5.9,20.51,128.98,Credit Card,Delivered,Standard,Mobile App,WELCOME10,4,4
28328993,323672,2025-08-01,Beauty,Skin Care Set,1,76.55,0,76.55,12.9,15.31,0.0,Google Pay,Cancelled,Express,Mobile App,,,
70523563,801451,2025-12-25,Sports,Yoga Mat,1,35.54,4,35.54,5.9,5.12,45.14,Credit Card,Delivered,Standard,Mobile App,,5,4
54530906,626632,2025-07-04,Beauty,Electric Toothbrush,3,72.92,4,218.76,12.9,42.0,264.91,PayPal,Delayed,Express,Website,,2,3
10239045,184256,2025-09-26,Fashion,Running Shoes,2,90.03,5,180.06,0.0,34.21,205.27,PayPal,Returned,Pickup,Website,FREESHIP,1,
32647058,574710,2025-07-27,Fashion,Winter Jacket,3,215.78,14,647.34,0.0,111.34,668.05,Credit Card,Delivered,Standard,Marketplace,WELCOME10,7,5
93097217,468629,2025-10-17,Books & Office,Ergonomic Mouse,1,46.86,5,46.86,12.9,8.9,66.32,Credit Card,Delivered,Express,Website,VIP20,2,4
55875670,215222,2024-04-22,Books & Office,Monitor Stand,1,46.61,19,46.61,5.9,7.55,51.2,Bank Transfer,Delivered,Standard,Website,,7,5
88527267,888237,2025-05-13,Home & Kitchen,Desk Lamp,1,45.27,12,45.27,5.9,7.97,53.71,Credit Card,Delivered,Standard,Mobile App,,5,4
69496182,617166,2025-07-04,Sports,Resistance Bands,1,34.78,12,34.78,5.9,6.12,42.63,Credit Card,Delivered,Standard,Mobile App,SAVE15,4,5
19407970,587217,2024-12-21,Beauty,Perfume,1,93.7,4,93.7,12.9,6.93,109.78,Apple Pay,Delivered,Express,Marketplace,,1,4
94822976,731524,2025-03-23,Sports,Fitness Tracker,1,105.23,2,105.23,5.9,20.63,129.66,Credit Card,Delivered,Standard,Mobile App,VIP20,5,5
99680456,731524,2025-02-17,Fashion,Backpack,1,74.68,7,74.68,12.9,13.89,96.24,Apple Pay,Delivered,Express,Mobile App,,3,4
74717184,272706,2025-06-22,Home & Kitchen,Blender,4,76.15,0,304.6,12.9,60.92,378.42,Credit Card,Delivered,Express,Marketplace,,3,4
99677392,146198,2025-07-23,Fashion,Classic Jeans,3,69.22,16,207.66,12.9,34.89,222.22,Credit Card,Delayed,Express,Website,SAVE15,5,2
99274978,900924,2025-08-23,Home & Kitchen,Air Fryer,1,117.26,20,117.26,12.9,18.76,125.47,Google Pay,Delivered,Express,Marketplace,VIP20,1,4
76033211,900924,2025-01-23,Home & Kitchen,Coffee Maker,1,93.96,22,93.96,5.9,14.66,93.85,Apple Pay,Delivered,Standard,Mobile App,,5,4
73352216,363814,2025-08-04,Fashion,Running Shoes,2,118.95,4,237.9,12.9,45.68,286.96,Credit Card,Delivered,Express,Website,SAVE15,3,5
85284882,953413,2024-05-10,Fashion,Backpack,1,71.16,14,71.16,5.9,12.24,79.34,PayPal,Delivered,Standard,Mobile App,VIP20,4,4
96525672,616780,2024-10-21,Beauty,Perfume,1,101.44,2,101.44,5.9,19.88,125.19,Credit Card,Delivered,Standard,Website,VIP20,6,4
50424125,594249,2025-12-26,Fashion,Running Shoes,2,118.64,9,237.28,0.0,43.18,259.1,Credit Card,Returned,Pickup,Website,,1,
22082559,606428,2025-08-10,Beauty,Skin Care Set,1,84.99,7,84.99,12.9,15.81,107.75,Credit Card,Delivered,Express,Mobile App,,2,5
54026089,443824,2024-11-24,Sports,Resistance Bands,1,33.49,18,33.49,12.9,5.49,45.85,Credit Card,Delivered,Express,Website,FREESHIP,2,4
85245273,282434,2024-12-21,Sports,Dumbbell Set,1,112.49,16,112.49,5.9,18.9,119.29,Google Pay,Delivered,Standard,Mobile App,WELCOME10,5,4
56996837,236070,2025-11-26,Electronics,Wireless Headphones,3,76.78,29,230.34,12.9,32.71,209.15,Apple Pay,Delivered,Express,Mobile App,,1,4
48973254,372597,2024-06-29,Fashion,Backpack,2,66.22,7,132.44,0.0,24.63,147.8,Credit Card,Delivered,Standard,Website,,6,4
27436729,225018,2024-12-07,Beauty,Makeup Kit,1,59.08,14,59.08,12.9,10.16,73.87,PayPal,Delivered,Express,Website,FREESHIP,2,5
99065946,468629,2025-10-10,Electronics,Wireless Headphones,2,106.42,15,212.84,0.0,36.18,217.09,Credit Card,Delayed,Standard,Mobile App,,7,3
28133399,535113,2025-10-25,Sports,Resistance Bands,2,31.37,25,62.74,12.9,9.41,69.36,Credit Card,Delivered,Express,Marketplace,,2,4
16500023,215222,2025-11-11,Books & Office,Data Analytics Book,1,42.6,28,42.6,5.9,6.13,42.7,Credit Card,Delivered,Standard,Marketplace,SAVE15,5,4
19582788,218807,2025-07-09,Beauty,Hair Dryer,1,64.76,7,64.76,5.9,12.05,78.18,PayPal,Delivered,Standard,Mobile App,,4,5
27818299,311826,2024-12-19,Beauty,Makeup Kit,2,57.34,14,114.68,12.9,19.72,131.24,Credit Card,Delivered,Express,Mobile App,VIP20,2,4
71870770,152133,2025-05-12,Books & Office,Office Chair,1,219.92,10,219.92,0.0,39.59,237.52,Google Pay,Delayed,Pickup,Mobile App,SAVE15,3,4
93167574,232347,2024-09-13,Beauty,Perfume,1,78.21,19,78.21,12.9,12.67,88.92,Credit Card,Delivered,Express,Mobile App,,2,5
81459227,636450,2025-06-22,Electronics,Wireless Headphones,1,88.5,0,88.5,5.9,17.7,112.1,Credit Card,Delivered,Standard,Website,,4,3
42028416,287149,2025-10-16,Sports,Dumbbell Set,2,128.75,12,257.5,12.9,45.32,284.82,Apple Pay,Delivered,Express,Website,WELCOME10,2,5
53097582,545439,2024-10-09,Home & Kitchen,Blender,1,76.84,17,76.84,5.9,12.76,82.44,PayPal,Delivered,Standard,Mobile App,FREESHIP,4,5
17712302,230315,2025-05-09,Home & Kitchen,Coffee Maker,2,107.2,0,214.4,0.0,42.88,257.28,Credit Card,Delivered,Pickup,Mobile App,,3,5
33046342,204963,2025-12-19,Electronics,Mechanical Keyboard,1,93.16,34,93.16,5.9,12.3,79.69,Bank Transfer,Delayed,Standard,Mobile App,VIP20,6,4
98726113,767194,2025-07-31,Electronics,Mechanical Keyboard,2,89.88,2,179.76,0.0,26.42,202.58,Google Pay,Delivered,Pickup,Mobile App,,1,4
41179549,616780,2024-07-27,Sports,Cycling Helmet,1,69.99,9,69.99,12.9,12.74,89.33,Apple Pay,Delivered,Express,Website,,1,5
65300186,593958,2025-06-21,Sports,Yoga Mat,1,38.78,5,38.78,5.9,7.37,50.11,Credit Card,Returned,Standard,Mobile App,,3,
11192745,287149,2025-09-24,Sports,Cycling Helmet,1,77.17,2,77.17,12.9,15.13,103.66,Bank Transfer,Delivered,Express,Website,SAVE15,1,3
52983163,225761,2025-09-21,Home & Kitchen,Blender,4,88.0,24,352.0,12.9,53.5,333.92,Credit Card,Delivered,Express,Website,WELCOME10,4,4
20680266,587217,2025-11-12,Electronics,Bluetooth Speaker,3,67.95,9,203.85,0.0,14.28,199.78,Bank Transfer,Delivered,Standard,Website,WELCOME10,3,5
65102414,465243,2025-12-08,Beauty,Makeup Kit,2,59.51,4,119.02,0.0,22.85,137.11,Bank Transfer,Delivered,Pickup,Website,VIP20,1,3
33461346,507747,2025-10-15,Electronics,Smart Watch,1,147.35,5,147.35,0.0,28.0,167.98,Credit Card,Delayed,Standard,Website,,10,3
37414287,286983,2025-09-21,Electronics,USB-C Hub,1,43.22,17,43.22,12.9,7.17,55.94,Apple Pay,Returned,Express,Mobile App,WELCOME10,2,
38418061,545439,2025-10-24,Beauty,Skin Care Set,1,91.57,7,91.57,5.9,17.03,108.09,Google Pay,Delivered,Standard,Website,WELCOME10,4,4
35053991,236070,2025-07-16,Beauty,Hair Dryer,3,62.42,12,187.26,0.0,32.96,197.75,Credit Card,Delivered,Standard,Website,VIP20,3,5
53805617,961374,2025-12-25,Books & Office,Notebook Set,1,23.47,19,23.47,5.9,3.8,28.71,PayPal,Delivered,Standard,Website,,6,5
34820752,565703,2025-02-28,Home & Kitchen,Desk Lamp,2,44.26,10,88.52,5.9,15.93,101.5,Credit Card,Delivered,Standard,Website,,4,3
95956912,394335,2025-03-05,Electronics,Bluetooth Speaker,4,70.83,12,283.32,0.0,49.86,0.0,Credit Card,Cancelled,Standard,Website,WELCOME10,,
92679153,535113,2025-11-01,Fashion,Running Shoes,2,105.68,4,211.36,0.0,40.58,243.49,Credit Card,Delivered,Standard,Marketplace,FREESHIP,2,3
12848901,718197,2025-10-07,Sports,Resistance Bands,3,36.77,0,110.31,12.9,22.06,145.27,Credit Card,Delivered,Express,Mobile App,,2,5
66445362,606428,2025-04-25,Electronics,Smart Watch,1,153.85,2,153.85,12.9,30.15,193.82,Google Pay,Delivered,Express,Mobile App,,2,4
80465052,911822,2025-06-10,Fashion,Backpack,1,88.36,10,88.36,5.9,15.9,101.32,Bank Transfer,Delivered,Standard,Website,,7,5
12994935,363814,2024-05-31,Home & Kitchen,Desk Lamp,1,50.79,9,50.79,5.9,9.24,61.36,Google Pay,Delivered,Standard,Website,,5,3
88015912,301223,2024-10-18,Sports,Fitness Tracker,3,98.11,9,294.33,0.0,53.57,321.41,Bank Transfer,Delivered,Standard,Mobile App,,5,4
16931641,443824,2025-04-04,Home & Kitchen,Cookware Set,3,161.68,14,485.04,0.0,83.43,500.56,Apple Pay,Delivered,Standard,Marketplace,,6,4
71839560,319377,2025-04-30,Fashion,Winter Jacket,1,222.46,24,222.46,0.0,33.81,0.0,PayPal,Cancelled,Pickup,Website,WELCOME10,,
17722088,874848,2025-07-06,Home & Kitchen,Blender,2,77.84,27,155.68,0.0,22.73,0.0,Credit Card,Cancelled,Standard,Website,,,
58667340,478222,2025-01-24,Electronics,Wireless Headphones,1,74.52,4,74.52,12.9,14.31,98.75,Credit Card,Delivered,Express,Website,,1,4
93027189,302949,2025-08-02,Fashion,Classic Jeans,2,70.69,10,141.38,0.0,25.45,0.0,Credit Card,Cancelled,Standard,Mobile App,,,
18655289,598002,2024-11-13,Home & Kitchen,Blender,2,84.46,34,168.92,0.0,22.3,133.79,Google Pay,Delivered,Standard,Website,WELCOME10,6,4
95891018,357823,2025-07-17,Beauty,Hair Dryer,1,72.06,12,72.06,5.9,9.51,78.82,Credit Card,Delivered,Standard,Marketplace,VIP20,4,5
49055667,935758,2025-12-15,Books & Office,Ergonomic Mouse,4,61.42,35,245.68,12.9,31.94,204.53,Credit Card,Delivered,Express,Mobile App,SAVE15,2,5
24952543,444949,2025-03-02,Books & Office,Notebook Set,1,24.66,22,24.66,5.9,3.85,28.98,Google Pay,Delivered,Standard,Website,WELCOME10,3,5
72093889,754716,2025-12-24,Home & Kitchen,Air Fryer,2,131.5,24,263.0,0.0,39.98,239.86,PayPal,Delivered,Pickup,Website,FREESHIP,4,5
27979713,412156,2025-12-22,Beauty,Perfume,1,93.13,19,93.13,5.9,15.09,96.43,Credit Card,Delivered,Standard,Website,,6,4
26584773,841695,2025-03-17,Electronics,Smart Watch,2,146.91,30,293.82,12.9,41.13,259.7,Credit Card,Delivered,Express,Mobile App,SAVE15,2,4
72311338,613208,2025-04-30,Home & Kitchen,Coffee Maker,1,99.96,5,99.96,0.0,18.99,113.95,PayPal,Delivered,Pickup,Marketplace,VIP20,1,4
81641110,100813,2025-09-20,Fashion,Running Shoes,1,101.36,15,101.36,5.9,17.23,109.29,Bank Transfer,Delivered,Standard,Mobile App,SAVE15,5,5
61056429,487033,2025-11-06,Home & Kitchen,Desk Lamp,2,46.64,9,93.28,5.9,16.98,107.76,Credit Card,Delivered,Standard,Website,FREESHIP,4,5
32500699,225761,2025-08-01,Fashion,Classic Jeans,1,69.46,24,69.46,12.9,10.56,76.25,Apple Pay,Delivered,Express,Marketplace,,2,3
19592646,476735,2025-01-14,Fashion,Running Shoes,2,95.91,19,191.82,0.0,23.31,178.68,Bank Transfer,Delivered,Standard,Website,,5,4
70501842,329367,2024-10-29,Sports,Dumbbell Set,1,114.0,27,114.0,5.9,12.48,101.6,Google Pay,Delivered,Standard,Website,,4,5
37782770,543532,2025-11-05,Home & Kitchen,Air Fryer,1,119.03,35,119.03,5.9,5.96,89.23,Bank Transfer,Delivered,Standard,Mobile App,FREESHIP,5,4
17178271,546434,2025-04-24,Beauty,Electric Toothbrush,1,87.62,20,87.62,5.9,14.02,90.02,Credit Card,Delivered,Standard,Mobile App,VIP20,4,3
10185545,105502,2025-12-20,Electronics,Wireless Headphones,1,100.28,31,100.28,5.9,13.84,88.93,Credit Card,Returned,Standard,Website,SAVE15,5,
55882043,740137,2025-04-07,Home & Kitchen,Cookware Set,1,147.84,5,147.84,12.9,28.09,181.44,PayPal,Delivered,Express,Website,,3,4
56548127,924008,2025-10-25,Electronics,Bluetooth Speaker,2,72.37,27,144.74,12.9,21.13,139.69,PayPal,Delivered,Express,Mobile App,FREESHIP,2,3
28793040,367476,2025-11-11,Books & Office,Data Analytics Book,1,43.86,24,43.86,5.9,6.67,0.0,Credit Card,Cancelled,Standard,Website,,,
52099563,100813,2025-12-12,Sports,Yoga Mat,2,36.36,14,72.72,5.9,12.51,80.95,Credit Card,Delivered,Standard,Mobile App,WELCOME10,4,4
49438066,401774,2025-12-06,Electronics,Wireless Headphones,1,95.7,19,95.7,5.9,15.5,0.0,Apple Pay,Cancelled,Standard,Website,WELCOME10,,
30692069,136522,2025-03-17,Electronics,Wireless Headphones,1,93.31,7,93.31,5.9,17.36,110.04,Credit Card,Delivered,Standard,Mobile App,,5,4
22349354,672950,2025-02-15,Home & Kitchen,Desk Lamp,1,47.62,12,47.62,12.9,8.38,63.19,Bank Transfer,Delivered,Express,Website,,1,5
73709370,733644,2025-09-28,Electronics,Wireless Headphones,2,91.66,7,183.32,12.9,34.1,0.0,Credit Card,Cancelled,Express,Marketplace,,,
49707428,551094,2025-02-12,Sports,Resistance Bands,2,30.25,10,60.5,12.9,10.89,78.24,Apple Pay,Delivered,Express,Mobile App,,3,4
87882082,295940,2024-07-08,Books & Office,Data Analytics Book,1,44.38,11,44.38,12.9,7.9,60.3,Credit Card,Delivered,Express,Website,FREESHIP,1,4
95031823,859344,2025-02-05,Electronics,Wireless Headphones,1,79.47,0,79.47,5.9,15.89,101.26,Bank Transfer,Delivered,Standard,Marketplace,,5,5
94618071,578279,2024-08-04,Fashion,Winter Jacket,1,177.56,17,177.56,0.0,29.47,176.84,Apple Pay,Delivered,Standard,Marketplace,SAVE15,5,5
61706525,287149,2025-07-13,Beauty,Perfume,1,86.2,4,86.2,5.9,16.55,105.2,Bank Transfer,Delivered,Standard,Website,VIP20,4,5
92057933,487033,2025-12-20,Electronics,USB-C Hub,1,45.29,14,45.29,5.9,7.79,52.64,Apple Pay,Delivered,Standard,Website,,5,4
13542536,754716,2025-11-25,Sports,Resistance Bands,2,30.21,24,60.42,5.9,9.18,61.0,Credit Card,Returned,Standard,Mobile App,,5,
30782086,778915,2025-11-25,Home & Kitchen,Coffee Maker,2,94.99,21,189.98,12.9,30.02,193.0,Credit Card,Delivered,Express,Mobile App,,1,5
30800094,243469,2025-02-11,Fashion,Backpack,2,76.26,2,152.52,0.0,29.89,179.36,Credit Card,Delivered,Pickup,Mobile App,,1,4
43095852,236070,2025-09-21,Home & Kitchen,Desk Lamp,1,47.66,0,47.66,5.9,9.53,63.09,Credit Card,Returned,Standard,Website,,4,
32386350,178261,2025-06-16,Sports,Yoga Mat,2,35.42,12,70.84,5.9,12.47,80.71,PayPal,Delivered,Standard,Website,VIP20,5,4
66519526,549554,2024-04-03,Beauty,Skin Care Set,1,83.82,19,83.82,12.9,13.58,94.37,Credit Card,Delivered,Express,Website,SAVE15,3,5
36953845,785908,2025-08-26,Electronics,Mechanical Keyboard,1,105.14,5,105.14,5.9,19.98,125.76,Apple Pay,Delivered,Standard,Marketplace,VIP20,3,5
90455681,701299,2025-07-15,Electronics,USB-C Hub,1,45.01,7,45.01,5.9,8.37,56.13,Apple Pay,Delivered,Standard,Website,,5,5
61718602,606502,2025-10-29,Books & Office,Monitor Stand,1,56.34,17,56.34,5.9,9.35,62.01,Credit Card,Delivered,Standard,Website,,4,4
86224597,523660,2025-07-15,Books & Office,Monitor Stand,2,42.15,4,84.3,12.9,16.19,110.02,PayPal,Delivered,Express,Mobile App,,2,4
63823331,574720,2025-08-05,Fashion,Classic Jeans,2,53.8,12,107.6,5.9,18.94,119.53,PayPal,Delivered,Standard,Marketplace,,5,5
71835717,373683,2025-10-23,Books & Office,Ergonomic Mouse,1,48.11,20,48.11,5.9,7.7,52.09,PayPal,Delayed,Standard,Mobile App,,6,3
94298704,157073,2025-12-26,Sports,Dumbbell Set,2,113.69,26,227.38,0.0,12.96,181.22,Credit Card,Delivered,Standard,Mobile App,,5,4
89319049,920398,2025-12-25,Books & Office,Data Analytics Book,3,38.58,4,115.74,0.0,22.22,133.33,Credit Card,Delivered,Pickup,Website,FREESHIP,1,4
31310459,136007,2025-04-04,Electronics,USB-C Hub,2,41.42,5,82.84,5.9,15.74,100.34,Apple Pay,Delivered,Standard,Website,WELCOME10,6,4
36722741,222579,2025-10-14,Books & Office,Ergonomic Mouse,1,53.67,2,53.67,5.9,10.52,69.02,Credit Card,Delivered,Standard,Mobile App,,5,4
34422029,151623,2024-04-11,Sports,Cycling Helmet,1,68.06,17,68.06,5.9,11.3,73.69,PayPal,Delivered,Standard,Marketplace,SAVE15,6,4
61684684,527499,2024-06-23,Books & Office,Notebook Set,1,23.4,10,23.4,5.9,4.21,31.17,Google Pay,Delayed,Standard,Website,,7,2
66348768,385849,2025-04-26,Electronics,Wireless Headphones,1,98.89,2,98.89,5.9,14.54,117.35,Credit Card,Delivered,Standard,Website,,4,4
26704554,917094,2024-12-03,Fashion,Running Shoes,1,116.48,28,116.48,5.9,16.77,106.54,Credit Card,Delivered,Standard,Marketplace,WELCOME10,5,4
57493430,684762,2025-10-27,Books & Office,Data Analytics Book,3,44.74,27,134.22,12.9,19.6,130.48,Credit Card,Delivered,Express,Marketplace,,3,5
92514792,548453,2024-11-15,Books & Office,Data Analytics Book,1,37.47,21,37.47,5.9,5.92,41.42,Bank Transfer,Delivered,Standard,Mobile App,WELCOME10,6,4
32879511,496342,2025-06-17,Electronics,Smart Watch,1,170.45,15,170.45,0.0,28.98,173.86,Credit Card,Delivered,Standard,Mobile App,SAVE15,7,5
70652998,627159,2025-04-06,Beauty,Makeup Kit,1,59.95,10,59.95,0.0,10.79,64.74,Credit Card,Delivered,Pickup,Website,,2,4
25785519,847964,2025-11-20,Books & Office,Office Chair,2,231.6,24,463.2,0.0,70.41,422.44,Credit Card,Delivered,Standard,Marketplace,SAVE15,6,3
67156084,391759,2025-02-03,Electronics,Wireless Headphones,2,93.41,7,186.82,12.9,26.06,212.7,PayPal,Delivered,Express,Mobile App,,1,5
76781871,601669,2025-10-31,Sports,Resistance Bands,2,31.19,22,62.38,5.9,9.73,64.29,Credit Card,Delivered,Standard,Website,WELCOME10,5,2
27903214,746233,2025-04-17,Electronics,Bluetooth Speaker,1,60.4,17,60.4,12.9,10.03,73.06,Apple Pay,Delayed,Express,Mobile App,,4,4
40184683,334773,2025-10-25,Books & Office,Ergonomic Mouse,2,51.63,0,103.26,5.9,20.65,129.81,Credit Card,Delivered,Standard,Website,,5,5
34440061,215775,2025-12-20,Home & Kitchen,Cookware Set,1,161.47,9,161.47,0.0,29.39,176.33,Credit Card,Delivered,Standard,Mobile App,,3,5
87045297,287149,2025-09-03,Fashion,Backpack,1,81.83,22,81.83,5.9,12.77,82.5,Credit Card,Delivered,Standard,Website,,6,3
12366347,634463,2025-12-19,Home & Kitchen,Cookware Set,1,167.27,9,167.27,0.0,30.44,182.66,Apple Pay,Delivered,Standard,Website,SAVE15,3,5
36966556,858006,2025-09-01,Sports,Cycling Helmet,4,85.85,5,343.4,0.0,65.25,391.48,Credit Card,Delivered,Standard,Mobile App,,4,5
47147883,547441,2024-12-16,Sports,Dumbbell Set,3,117.14,4,351.42,0.0,67.47,404.83,Bank Transfer,Delivered,Pickup,Mobile App,WELCOME10,1,5
23999842,368856,2025-10-23,Books & Office,Data Analytics Book,2,37.39,5,74.78,5.9,14.21,0.0,Apple Pay,Cancelled,Standard,Mobile App,WELCOME10,,
52537364,249796,2025-08-10,Home & Kitchen,Air Fryer,2,148.0,0,296.0,12.9,59.2,368.1,Credit Card,Returned,Express,Mobile App,,1,
41242319,503812,2025-05-04,Sports,Fitness Tracker,1,99.25,7,99.25,5.9,18.46,116.66,Google Pay,Delivered,Standard,Website,,5,4
26179526,927673,2025-01-11,Electronics,Smart Watch,3,121.14,14,363.42,12.9,62.51,387.95,Credit Card,Delivered,Express,Website,VIP20,1,4
91740366,736777,2025-11-10,Home & Kitchen,Blender,1,76.0,14,76.0,5.9,13.07,84.33,Bank Transfer,Delivered,Standard,Mobile App,WELCOME10,3,5
53091166,279792,2025-10-31,Electronics,Wireless Headphones,2,101.74,15,203.48,12.9,34.59,220.45,Credit Card,Delayed,Express,Mobile App,WELCOME10,7,3
85135538,985158,2025-07-13,Beauty,Hair Dryer,1,61.04,19,61.04,5.9,9.89,65.23,Credit Card,Delivered,Standard,Website,,5,5
43795418,433309,2025-12-24,Fashion,Winter Jacket,1,182.84,24,182.84,12.9,27.79,179.65,Credit Card,Delivered,Express,Website,SAVE15,4,5
20037473,953413,2024-09-11,Books & Office,Notebook Set,2,21.25,29,42.5,5.9,6.04,42.12,Bank Transfer,Returned,Standard,Website,,5,
13377642,748246,2025-12-15,Home & Kitchen,Blender,1,73.94,34,73.94,5.9,9.76,64.46,Credit Card,Delayed,Standard,Website,,7,4
83693082,264538,2025-01-21,Books & Office,Data Analytics Book,1,43.25,2,43.25,5.9,8.48,56.77,Credit Card,Delivered,Standard,Mobile App,,6,4
52657457,322768,2025-05-09,Fashion,Backpack,3,68.94,27,206.82,0.0,30.2,181.18,Credit Card,Delivered,Pickup,Mobile App,VIP20,1,5
61108280,233651,2025-12-25,Books & Office,Office Chair,1,238.47,4,238.47,0.0,45.79,274.72,Credit Card,Delivered,Standard,Mobile App,,5,5
26818075,657545,2025-12-30,Electronics,Bluetooth Speaker,1,71.02,11,71.02,5.9,12.64,81.75,Google Pay,Delivered,Standard,Mobile App,WELCOME10,3,5
62299173,222579,2024-12-12,Sports,Fitness Tracker,2,86.94,31,173.88,0.0,24.0,143.98,Bank Transfer,Delivered,Standard,Mobile App,FREESHIP,3,4
75651908,463147,2025-08-26,Beauty,Skin Care Set,1,92.85,0,92.85,12.9,18.57,124.32,Credit Card,Delivered,Express,Website,,1,4
99276422,264538,2025-03-31,Beauty,Perfume,5,91.59,25,457.95,0.0,68.69,412.15,PayPal,Returned,Standard,Website,,5,
32272305,319377,2024-11-02,Fashion,Cotton Hoodie,2,64.42,33,128.84,12.9,17.26,116.48,PayPal,Delivered,Express,Website,SAVE15,1,5
15944808,527499,2025-07-25,Home & Kitchen,Desk Lamp,1,48.4,2,48.4,5.9,9.49,62.82,Credit Card,Delayed,Standard,Mobile App,WELCOME10,8,3
98963643,647837,2025-11-12,Beauty,Skin Care Set,3,71.61,34,214.83,0.0,28.36,170.15,Credit Card,Delivered,Standard,Website,FREESHIP,3,3
37337141,923517,2025-10-26,Home & Kitchen,Coffee Maker,1,94.44,17,94.44,5.9,15.68,99.97,Credit Card,Delivered,Standard,Marketplace,SAVE15,4,4
79164508,900924,2025-03-14,Fashion,Winter Jacket,1,199.1,10,199.1,12.9,35.84,227.93,Credit Card,Delayed,Express,Website,,5,3
21564599,839661,2025-07-21,Home & Kitchen,Desk Lamp,5,54.33,9,271.65,0.0,49.44,296.64,Credit Card,Delivered,Standard,Mobile App,SAVE15,4,
41900978,646360,2025-06-17,Beauty,Perfume,1,101.31,10,101.31,5.9,18.24,115.32,Credit Card,Delivered,Standard,Mobile App,,5,5
94961779,756226,2025-03-17,Books & Office,Ergonomic Mouse,1,50.71,7,50.71,5.9,9.43,62.49,Credit Card,Delivered,Standard,Marketplace,FREESHIP,7,5
95127197,765119,2025-12-29,Home & Kitchen,Blender,1,75.96,24,75.96,5.9,11.55,75.18,PayPal,Delivered,Standard,Mobile App,FREESHIP,6,5
20086765,601669,2025-12-28,Sports,Cycling Helmet,4,71.32,16,285.28,0.0,47.93,287.57,Google Pay,Delivered,Standard,Website,VIP20,4,5
16034139,985158,2025-02-15,Fashion,Winter Jacket,1,180.01,17,180.01,12.9,29.88,192.19,Credit Card,Delivered,Express,Website,SAVE15,3,3
95310375,119133,2025-04-28,Electronics,Mechanical Keyboard,2,90.32,7,180.64,0.0,25.2,193.2,Credit Card,Returned,Standard,Mobile App,WELCOME10,2,
52331818,927734,2025-06-10,Sports,Yoga Mat,1,33.17,17,33.17,5.9,5.51,38.94,Credit Card,Delayed,Standard,Mobile App,,7,4
51196329,643393,2025-08-21,Beauty,Skin Care Set,1,92.17,15,92.17,12.9,15.67,106.91,PayPal,Delivered,Express,Mobile App,SAVE15,1,5
37849800,633842,2025-04-01,Sports,Cycling Helmet,1,68.91,19,68.91,12.9,4.3,73.02,Credit Card,Delivered,Express,Mobile App,,2,4
69196054,726493,2025-12-06,Home & Kitchen,Blender,3,81.4,16,244.2,12.9,15.8,233.83,Credit Card,Delivered,Express,Mobile App,WELCOME10,1,4
81559176,265833,2025-04-10,Electronics,Wireless Headphones,1,74.49,22,74.49,12.9,11.62,82.62,PayPal,Delivered,Express,Website,,1,
15878943,105502,2025-12-11,Fashion,Cotton Hoodie,1,68.07,6,68.07,5.9,12.8,82.69,PayPal,Delivered,Standard,Mobile App,FREESHIP,3,5
32733019,900129,2025-12-31,Fashion,Backpack,1,66.26,9,66.26,5.9,12.06,78.26,Credit Card,Delivered,Standard,Website,,4,4
59559863,405338,2024-11-07,Fashion,Winter Jacket,1,189.57,4,189.57,12.9,36.4,231.29,Credit Card,Returned,Express,Mobile App,,1,
17228067,100813,2025-12-12,Books & Office,Ergonomic Mouse,2,55.8,14,111.6,12.9,19.2,128.08,Google Pay,Delivered,Express,Mobile App,,1,4
77051430,450952,2025-11-19,Beauty,Makeup Kit,1,55.43,14,55.43,5.9,9.53,63.1,Credit Card,Delivered,Standard,Marketplace,,5,4
79179850,646360,2025-08-01,Home & Kitchen,Blender,3,82.39,10,247.17,0.0,44.49,266.94,Credit Card,Delivered,Pickup,Website,FREESHIP,2,5
24052339,606510,2024-09-07,Home & Kitchen,Air Fryer,1,147.18,22,147.18,12.9,22.96,150.66,Credit Card,Delivered,Express,Mobile App,VIP20,1,4
72306937,869875,2025-07-22,Home & Kitchen,Cookware Set,1,160.78,2,160.78,0.0,31.51,189.07,Credit Card,Delivered,Standard,Mobile App,WELCOME10,3,5
43243495,411553,2025-06-21,Electronics,Bluetooth Speaker,1,62.99,25,62.99,5.9,9.45,62.59,Bank Transfer,Delivered,Standard,Mobile App,VIP20,5,4
84035722,478222,2025-06-27,Beauty,Makeup Kit,1,55.34,27,55.34,12.9,8.08,61.38,Bank Transfer,Delivered,Express,Website,,2,4
71651197,167359,2025-07-30,Sports,Fitness Tracker,1,88.98,6,88.98,5.9,16.73,106.27,Bank Transfer,Delivered,Standard,Website,,4,4
87739242,238295,2025-09-03,Fashion,Cotton Hoodie,2,49.47,10,98.94,5.9,17.81,112.76,Credit Card,Delivered,Standard,Website,SAVE15,4,5
56039809,825650,2025-10-26,Electronics,Bluetooth Speaker,2,61.31,2,122.62,12.9,24.03,157.1,Google Pay,Delivered,Express,Mobile App,FREESHIP,3,4
28186427,852948,2025-12-28,Beauty,Skin Care Set,4,87.57,19,350.28,0.0,56.75,340.48,PayPal,Delivered,Standard,Website,,6,5
32488253,782891,2024-07-16,Books & Office,Monitor Stand,2,49.33,4,98.66,5.9,18.94,119.55,Credit Card,Delivered,Standard,Website,WELCOME10,7,4
66900624,606428,2025-08-07,Books & Office,Ergonomic Mouse,2,64.94,12,129.88,0.0,22.86,137.15,PayPal,Delayed,Standard,Mobile App,VIP20,7,3
18534869,394335,2025-05-31,Beauty,Hair Dryer,1,72.16,22,72.16,5.9,11.26,73.44,Credit Card,Delivered,Standard,Mobile App,VIP20,4,5
64919363,152133,2025-11-10,Beauty,Skin Care Set,1,81.89,14,81.89,5.9,14.09,90.42,Credit Card,Delivered,Standard,Mobile App,WELCOME10,3,4
99298288,888237,2024-12-26,Home & Kitchen,Cookware Set,1,167.36,21,167.36,0.0,26.44,158.65,PayPal,Delivered,Standard,Marketplace,SAVE15,6,5
91043120,521348,2025-10-26,Sports,Dumbbell Set,1,123.8,5,123.8,0.0,23.52,141.13,Google Pay,Delivered,Standard,Mobile App,WELCOME10,6,5
64128649,858016,2025-12-29,Fashion,Backpack,1,67.6,29,67.6,5.9,9.6,63.5,PayPal,Delivered,Standard,Marketplace,,6,3
64849642,920398,2025-11-16,Beauty,Electric Toothbrush,2,73.05,14,146.1,0.0,25.13,150.78,PayPal,Delivered,Standard,Website,VIP20,6,4
14325077,549554,2025-07-31,Electronics,USB-C Hub,2,41.92,26,83.84,5.9,12.41,80.35,PayPal,Returned,Standard,Website,FREESHIP,3,
60009352,142846,2025-11-05,Beauty,Perfume,2,96.74,34,193.48,0.0,25.54,153.24,Credit Card,Delivered,Pickup,Website,FREESHIP,1,4
57510644,878684,2025-11-12,Fashion,Classic Jeans,3,64.71,31,194.13,12.9,26.79,173.64,Google Pay,Delivered,Express,Mobile App,VIP20,2,5
12963760,394629,2025-11-10,Home & Kitchen,Desk Lamp,1,52.59,29,52.59,5.9,7.47,50.71,Credit Card,Delivered,Standard,Marketplace,,4,5
86664792,866265,2024-11-18,Electronics,Smart Watch,1,138.58,21,138.58,0.0,21.9,131.38,PayPal,Delivered,Standard,Mobile App,FREESHIP,2,5
34495180,249557,2024-10-29,Books & Office,Data Analytics Book,3,48.56,5,145.68,12.9,27.68,178.98,Credit Card,Delivered,Express,Website,WELCOME10,1,5
12498777,167359,2025-11-10,Sports,Fitness Tracker,1,91.98,18,91.98,5.9,15.08,96.4,Apple Pay,Delivered,Standard,Marketplace,WELCOME10,4,4
85915338,372597,2025-01-09,Beauty,Hair Dryer,1,68.22,24,68.22,5.9,10.37,68.12,Apple Pay,Delayed,Standard,Website,SAVE15,8,2
31567648,874948,2025-12-28,Beauty,Makeup Kit,1,53.72,21,53.72,5.9,8.49,56.83,Credit Card,Delivered,Standard,Mobile App,,6,4
50733210,935758,2025-06-05,Beauty,Hair Dryer,1,67.01,4,67.01,12.9,12.87,90.1,Credit Card,Delivered,Express,Mobile App,,1,3
28734817,924659,2024-09-14,Home & Kitchen,Desk Lamp,2,47.44,22,94.88,0.0,14.8,88.81,Credit Card,Delivered,Pickup,Mobile App,FREESHIP,1,5
71874232,980882,2025-06-20,Fashion,Classic Jeans,1,74.88,0,74.88,5.9,14.98,95.76,Apple Pay,Delivered,Standard,Website,,3,5
76839029,881446,2025-10-21,Sports,Fitness Tracker,1,97.45,0,97.45,0.0,19.49,116.94,Credit Card,Delivered,Pickup,Website,,3,4
75276990,651126,2025-11-15,Fashion,Classic Jeans,2,64.61,24,129.22,0.0,19.64,117.85,Credit Card,Delivered,Standard,Website,,6,5
94377209,889635,2025-02-23,Electronics,Mechanical Keyboard,1,91.07,22,91.07,5.9,14.21,91.14,Credit Card,Delivered,Standard,Website,,7,4
41688051,422472,2025-12-17,Books & Office,Office Chair,1,172.78,31,172.78,0.0,23.84,143.06,Credit Card,Delivered,Pickup,Mobile App,VIP20,1,4
46700172,441490,2025-08-04,Books & Office,Data Analytics Book,2,43.29,2,86.58,0.0,16.97,101.82,Credit Card,Delivered,Pickup,Website,VIP20,2,4
96099502,167359,2024-06-17,Home & Kitchen,Coffee Maker,5,99.43,4,497.15,0.0,95.45,572.71,Credit Card,Delivered,Standard,Mobile App,SAVE15,5,4
42548539,388402,2024-11-23,Books & Office,Data Analytics Book,2,40.82,34,81.64,0.0,10.78,64.66,Credit Card,Delivered,Pickup,Mobile App,FREESHIP,1,5
20747896,676297,2025-02-22,Electronics,Smart Watch,2,169.6,19,339.2,0.0,21.16,295.91,Credit Card,Delivered,Standard,Mobile App,VIP20,6,5
17207827,982524,2025-12-08,Electronics,Mechanical Keyboard,1,95.62,6,95.62,5.9,13.48,109.26,PayPal,Delivered,Standard,Website,VIP20,4,4
37644546,478691,2025-12-02,Beauty,Hair Dryer,1,56.32,24,56.32,12.9,8.56,64.26,Bank Transfer,Delivered,Express,Mobile App,WELCOME10,1,4
10863392,334627,2025-08-02,Beauty,Perfume,1,87.15,15,87.15,5.9,14.82,0.0,PayPal,Cancelled,Standard,Marketplace,,,
46736045,778915,2025-11-21,Home & Kitchen,Desk Lamp,2,50.88,26,101.76,5.9,15.06,96.26,Bank Transfer,Delivered,Standard,Mobile App,,6,5
37520963,569244,2025-11-21,Electronics,USB-C Hub,1,49.73,6,49.73,5.9,9.35,62.0,Credit Card,Delivered,Standard,Website,FREESHIP,5,4
47825061,270734,2025-11-12,Fashion,Backpack,1,81.97,11,81.97,5.9,14.59,93.44,Credit Card,Delivered,Standard,Mobile App,VIP20,6,4
92849108,633842,2025-04-06,Fashion,Winter Jacket,1,200.45,4,200.45,12.9,14.82,220.15,Google Pay,Delayed,Express,Mobile App,,4,2
17278951,927285,2025-12-24,Sports,Yoga Mat,2,34.21,6,68.42,5.9,4.95,75.16,Bank Transfer,Delivered,Standard,Mobile App,,5,
98185500,606428,2025-01-25,Sports,Cycling Helmet,2,77.79,4,155.58,12.9,29.87,192.13,Credit Card,Delivered,Express,Mobile App,FREESHIP,2,4
43064055,471028,2025-10-29,Electronics,Mechanical Keyboard,1,105.48,10,105.48,12.9,18.99,126.82,Credit Card,Delivered,Express,Mobile App,VIP20,1,5
58313707,596680,2024-11-24,Books & Office,Ergonomic Mouse,1,55.83,13,55.83,5.9,9.71,64.18,Apple Pay,Delivered,Standard,Mobile App,,5,5
47031428,748246,2025-06-24,Sports,Resistance Bands,1,32.47,10,32.47,12.9,5.84,47.96,Bank Transfer,Delivered,Express,Website,SAVE15,2,4
27599088,883353,2025-12-29,Electronics,USB-C Hub,1,47.88,24,47.88,12.9,7.28,56.57,Credit Card,Delivered,Express,Website,,1,5
25072966,900924,2025-08-04,Sports,Cycling Helmet,5,79.53,10,397.65,0.0,71.58,429.46,Bank Transfer,Delivered,Standard,Mobile App,SAVE15,6,4
53877198,287149,2025-07-24,Sports,Resistance Bands,1,36.32,4,36.32,5.9,6.97,47.74,PayPal,Delivered,Standard,Website,FREESHIP,5,4
13083483,503336,2025-11-19,Fashion,Running Shoes,2,96.88,29,193.76,0.0,27.51,0.0,Credit Card,Cancelled,Pickup,Marketplace,SAVE15,,
99811684,681133,2024-09-28,Home & Kitchen,Cookware Set,2,152.31,12,304.62,12.9,40.21,321.18,PayPal,Delivered,Express,Website,,2,4
19846515,204963,2025-12-22,Books & Office,Monitor Stand,2,49.42,4,98.84,5.9,18.98,119.77,Credit Card,Delivered,Standard,Mobile App,,4,5
65915706,748344,2025-12-06,Fashion,Backpack,1,77.98,9,77.98,5.9,14.19,91.05,Credit Card,Delivered,Standard,Marketplace,,7,5
25836560,524502,2025-07-23,Fashion,Cotton Hoodie,2,62.53,19,125.06,12.9,20.26,134.46,Credit Card,Delivered,Express,Mobile App,VIP20,2,3
91301398,864761,2025-11-14,Home & Kitchen,Cookware Set,2,144.74,31,289.48,0.0,39.95,239.69,Credit Card,Delivered,Standard,Mobile App,WELCOME10,3,4
66043097,953532,2025-08-10,Home & Kitchen,Desk Lamp,1,57.57,15,57.57,5.9,9.79,64.62,Credit Card,Delivered,Standard,Mobile App,,5,4
49179702,624376,2025-04-08,Books & Office,Office Chair,1,219.69,34,219.69,12.9,29.0,186.9,Credit Card,Delivered,Express,Website,,1,4
50847547,180406,2025-09-02,Books & Office,Office Chair,2,207.49,4,414.98,0.0,79.68,478.06,Credit Card,Delivered,Standard,Website,,2,4
10689222,632816,2025-06-01,Fashion,Backpack,2,88.8,20,177.6,0.0,28.42,170.5,Credit Card,Delivered,Standard,Website,FREESHIP,4,4
71569946,767194,2025-08-31,Fashion,Winter Jacket,3,163.82,0,491.46,0.0,73.72,565.18,Apple Pay,Delivered,Standard,Mobile App,,3,5
90878144,218256,2025-12-18,Electronics,Bluetooth Speaker,1,65.05,4,65.05,5.9,12.49,80.84,Credit Card,Delivered,Standard,Website,WELCOME10,4,5
35087983,130614,2025-02-16,Sports,Resistance Bands,1,37.49,12,37.49,12.9,6.6,52.49,Credit Card,Delivered,Express,Website,,4,4
23674113,215775,2025-12-12,Books & Office,Office Chair,1,204.93,14,204.93,12.9,35.25,224.39,Google Pay,Delivered,Express,Website,SAVE15,3,5
18565055,686999,2025-07-29,Beauty,Perfume,1,75.8,19,75.8,5.9,12.28,79.58,Google Pay,Delivered,Standard,Marketplace,,9,4
59179557,283269,2025-03-19,Home & Kitchen,Desk Lamp,1,51.9,19,51.9,5.9,3.24,51.18,Credit Card,Returned,Standard,Website,SAVE15,5,
75018213,974572,2025-08-19,Fashion,Backpack,3,74.25,20,222.75,0.0,35.64,213.84,Credit Card,Delivered,Standard,Website,,4,4
63449542,215222,2025-11-25,Fashion,Running Shoes,1,97.86,13,97.86,5.9,17.03,108.07,Credit Card,Delivered,Standard,Marketplace,FREESHIP,4,4
55351253,119473,2025-05-18,Beauty,Skin Care Set,3,98.66,5,295.98,0.0,56.24,337.42,Credit Card,Delivered,Standard,Website,SAVE15,3,3
49367681,606510,2024-07-25,Electronics,USB-C Hub,3,42.74,4,128.22,0.0,24.62,147.71,Credit Card,Returned,Standard,Mobile App,,3,
96682569,190935,2025-09-09,Sports,Resistance Bands,2,26.8,0,53.6,5.9,10.72,70.22,Credit Card,Delivered,Standard,Marketplace,,3,4
86897871,633842,2024-06-08,Fashion,Backpack,1,78.22,24,78.22,5.9,4.58,69.93,Apple Pay,Returned,Standard,Website,FREESHIP,5,
75502107,329367,2025-04-17,Electronics,USB-C Hub,2,43.14,22,86.28,12.9,10.09,90.29,Bank Transfer,Delivered,Express,Website,,2,5
21998452,801451,2025-11-18,Electronics,Bluetooth Speaker,1,74.51,4,74.51,0.0,10.73,82.26,Bank Transfer,Delivered,Pickup,Website,,1,5
80892921,225018,2025-05-12,Electronics,Wireless Headphones,3,87.05,10,261.15,0.0,47.01,0.0,PayPal,Cancelled,Standard,Mobile App,WELCOME10,,
50589934,272706,2025-05-14,Home & Kitchen,Desk Lamp,1,50.13,15,50.13,0.0,8.52,51.13,Bank Transfer,Returned,Pickup,Website,FREESHIP,1,
78073431,110106,2025-05-25,Fashion,Running Shoes,1,113.96,0,113.96,5.9,22.79,142.65,Credit Card,Delivered,Standard,Website,,5,5
70781765,857434,2025-04-03,Books & Office,Ergonomic Mouse,1,56.21,2,56.21,12.9,11.02,79.01,PayPal,Delivered,Express,Mobile App,,1,4
34582506,801451,2025-11-18,Home & Kitchen,Air Fryer,2,141.92,14,283.84,0.0,36.61,280.71,Google Pay,Delivered,Standard,Mobile App,,4,4
67621175,363608,2024-12-26,Beauty,Electric Toothbrush,1,76.42,26,76.42,5.9,11.31,73.76,Credit Card,Delivered,Standard,Marketplace,VIP20,5,4
36923659,888237,2025-09-09,Fashion,Running Shoes,1,114.61,2,114.61,5.9,22.46,140.68,Credit Card,Returned,Standard,Website,,6,
87780314,225761,2025-08-30,Fashion,Winter Jacket,1,148.68,4,148.68,0.0,28.55,171.28,PayPal,Returned,Pickup,Mobile App,,1,
25528224,871400,2024-12-31,Home & Kitchen,Blender,1,80.81,21,80.81,5.9,12.77,82.51,Bank Transfer,Delivered,Standard,Mobile App,,6,5
30758596,552681,2024-10-11,Sports,Resistance Bands,2,30.17,0,60.34,5.9,4.65,70.89,Apple Pay,Delivered,Standard,Website,,6,5
20614869,276189,2025-05-01,Home & Kitchen,Air Fryer,1,129.33,25,129.33,0.0,19.4,116.4,Credit Card,Delivered,Standard,Website,FREESHIP,4,5
70480631,719528,2025-03-15,Beauty,Perfume,1,90.05,12,90.05,5.9,15.85,100.99,Credit Card,Delivered,Standard,Mobile App,FREESHIP,5,4
22068977,247992,2024-11-03,Electronics,Bluetooth Speaker,1,65.35,4,65.35,0.0,12.55,0.0,PayPal,Cancelled,Pickup,Marketplace,VIP20,,
99677556,247992,2024-10-22,Books & Office,Ergonomic Mouse,1,55.03,20,55.03,5.9,8.8,58.72,Credit Card,Delivered,Standard,Mobile App,SAVE15,5,5
25616575,927285,2025-12-06,Home & Kitchen,Desk Lamp,1,49.45,26,49.45,12.9,2.82,52.31,Credit Card,Delivered,Express,Website,SAVE15,2,3
30710831,436058,2025-12-09,Fashion,Winter Jacket,4,171.18,9,684.72,0.0,124.62,747.72,Credit Card,Delivered,Standard,Website,FREESHIP,4,3
27745672,104473,2025-01-12,Home & Kitchen,Cookware Set,1,173.06,2,173.06,0.0,33.92,203.52,Google Pay,Delivered,Standard,Website,,4,5
64186970,417298,2025-12-15,Beauty,Perfume,1,99.87,24,99.87,5.9,15.18,96.98,Credit Card,Delayed,Standard,Mobile App,VIP20,7,3
82114506,105502,2025-12-03,Books & Office,Office Chair,1,206.89,6,206.89,0.0,38.9,233.38,Credit Card,Delivered,Standard,Website,WELCOME10,6,5
34352897,694215,2025-11-15,Beauty,Skin Care Set,2,88.72,29,177.44,0.0,25.2,151.18,Credit Card,Delivered,Pickup,Mobile App,,1,4
23283696,385226,2025-04-13,Home & Kitchen,Blender,1,71.55,7,71.55,5.9,13.31,85.75,Apple Pay,Delivered,Standard,Website,SAVE15,2,4
10792917,474664,2025-09-03,Home & Kitchen,Air Fryer,3,123.06,0,369.18,12.9,73.84,455.92,Credit Card,Delivered,Express,Website,,1,4
49559578,860337,2025-04-28,Electronics,Mechanical Keyboard,1,103.55,0,103.55,5.9,20.71,130.16,PayPal,Delivered,Standard,Website,,3,4
71716983,811213,2024-11-25,Fashion,Backpack,1,72.76,9,72.76,5.9,13.24,85.35,Credit Card,Delivered,Standard,Website,WELCOME10,4,5
74062184,401624,2024-12-17,Books & Office,Office Chair,1,214.0,4,214.0,12.9,41.09,259.43,Credit Card,Delivered,Express,Mobile App,SAVE15,2,5
42832856,908200,2025-04-26,Sports,Fitness Tracker,1,83.88,7,83.88,5.9,15.6,99.51,Bank Transfer,Delivered,Standard,Website,,3,4
93465942,581771,2025-12-13,Electronics,Wireless Headphones,1,83.88,16,83.88,12.9,14.09,97.45,Credit Card,Delivered,Express,Website,,1,4
14093505,806299,2024-10-21,Electronics,Bluetooth Speaker,1,71.13,14,71.13,5.9,12.23,79.3,Credit Card,Delivered,Standard,Website,,3,5
45631379,672950,2025-10-04,Fashion,Winter Jacket,1,174.21,17,174.21,0.0,28.92,173.51,Credit Card,Delivered,Standard,Website,,5,5
97543717,614194,2025-03-31,Fashion,Running Shoes,2,103.28,0,206.56,0.0,30.98,0.0,Apple Pay,Cancelled,Standard,Mobile App,,,
54887803,265689,2025-05-16,Fashion,Backpack,1,79.45,7,79.45,5.9,11.08,90.87,PayPal,Delivered,Standard,Mobile App,,4,3
26208457,627996,2024-10-19,Beauty,Electric Toothbrush,2,85.16,17,170.32,0.0,21.21,162.58,Credit Card,Delivered,Standard,Website,WELCOME10,5,4
76462905,447274,2025-12-27,Fashion,Classic Jeans,1,64.93,14,64.93,5.9,11.17,72.91,Credit Card,Delivered,Standard,Marketplace,,4,5
82247210,217277,2024-12-17,Fashion,Cotton Hoodie,1,63.87,8,63.87,5.9,11.75,76.41,PayPal,Delayed,Standard,Marketplace,WELCOME10,7,4
21017754,252422,2024-11-10,Electronics,Smart Watch,1,162.12,13,162.12,0.0,28.21,0.0,PayPal,Cancelled,Standard,Mobile App,FREESHIP,,
98356659,801451,2025-12-03,Books & Office,Monitor Stand,1,43.74,14,43.74,12.9,5.64,56.16,Bank Transfer,Returned,Express,Website,VIP20,1,
98934970,831444,2025-08-10,Beauty,Electric Toothbrush,3,76.81,2,230.43,0.0,45.16,270.98,Credit Card,Delivered,Standard,Website,,2,4
89489120,447274,2025-10-15,Beauty,Electric Toothbrush,2,78.6,10,157.2,0.0,28.3,169.78,Credit Card,Delivered,Standard,Mobile App,,4,4
39282301,372597,2025-07-09,Fashion,Classic Jeans,1,67.56,9,67.56,5.9,12.3,79.68,Bank Transfer,Delivered,Standard,Mobile App,SAVE15,5,5
79239514,287149,2025-10-22,Books & Office,Ergonomic Mouse,1,53.77,17,53.77,5.9,8.93,59.46,Google Pay,Delivered,Standard,Website,SAVE15,3,3
15933640,951634,2024-09-15,Beauty,Makeup Kit,1,63.24,29,63.24,12.9,8.98,0.0,PayPal,Cancelled,Express,Marketplace,SAVE15,,
39042593,881023,2025-01-20,Home & Kitchen,Air Fryer,1,113.49,2,113.49,5.9,22.24,139.36,PayPal,Delivered,Standard,Website,SAVE15,3,5
94303079,674593,2025-08-05,Books & Office,Data Analytics Book,1,40.93,12,40.93,5.9,7.2,49.12,Bank Transfer,Delivered,Standard,Mobile App,,4,5
63314978,953413,2024-05-27,Beauty,Makeup Kit,1,61.62,4,61.62,5.9,11.83,76.89,Credit Card,Delivered,Standard,Mobile App,VIP20,5,5
55442025,747145,2025-12-03,Electronics,Mechanical Keyboard,1,106.71,24,106.71,12.9,16.22,110.22,Credit Card,Delivered,Express,Mobile App,WELCOME10,2,5
20936233,878684,2025-11-04,Sports,Dumbbell Set,1,101.89,21,101.89,12.9,16.1,0.0,Google Pay,Cancelled,Express,Website,FREESHIP,,
36913533,934753,2025-02-17,Electronics,Mechanical Keyboard,1,108.04,2,108.04,5.9,21.18,132.96,Credit Card,Delivered,Standard,Website,SAVE15,4,4
72108180,780313,2024-12-11,Sports,Dumbbell Set,1,112.46,21,112.46,5.9,17.77,112.51,Credit Card,Delivered,Standard,Marketplace,,3,4
98892874,167359,2024-07-24,Beauty,Perfume,1,78.4,6,78.4,12.9,14.74,101.34,Credit Card,Delivered,Express,Mobile App,,1,4
86756657,301022,2024-06-18,Fashion,Cotton Hoodie,2,54.73,15,109.46,5.9,18.61,117.55,Bank Transfer,Delivered,Standard,Website,,6,5
37736051,995696,2025-08-15,Electronics,Bluetooth Speaker,1,58.86,15,58.86,5.9,7.5,63.43,,Delivered,Standard,Website,SAVE15,4,
80563039,821465,2025-09-27,Beauty,Skin Care Set,1,85.26,10,85.26,5.9,15.35,97.98,Credit Card,Delivered,Standard,Website,,4,5
66605007,272038,2025-11-28,Beauty,Makeup Kit,2,64.34,19,128.68,0.0,20.85,125.08,Apple Pay,Delivered,Pickup,Marketplace,,1,4
53282363,270516,2025-07-29,Electronics,Mechanical Keyboard,1,92.97,2,92.97,5.9,7.02,104.03,Bank Transfer,Returned,Standard,Website,SAVE15,4,
90609093,799337,2025-08-21,Sports,Yoga Mat,1,38.86,7,38.86,12.9,7.23,56.27,Credit Card,Delivered,Express,Marketplace,,1,5
62939375,329367,2025-05-18,Beauty,Electric Toothbrush,2,81.89,12,163.78,0.0,21.62,165.75,Apple Pay,Delivered,Standard,Website,SAVE15,5,5
97124213,215775,2025-12-07,Fashion,Classic Jeans,3,68.28,9,204.84,0.0,37.28,223.68,Credit Card,Delivered,Standard,Mobile App,,6,3
86860177,934753,2025-07-05,Books & Office,Ergonomic Mouse,1,51.02,24,51.02,12.9,7.76,59.44,Google Pay,Delivered,Express,Website,,3,4
16941787,600680,2025-12-03,Home & Kitchen,Cookware Set,3,159.85,11,479.55,0.0,85.36,512.16,Credit Card,Delivered,Standard,Website,FREESHIP,4,4
92480838,746525,2025-12-23,Fashion,Cotton Hoodie,1,62.21,4,62.21,5.9,11.94,77.56,Bank Transfer,Returned,Standard,Mobile App,,6,
75359792,225761,2025-12-09,Beauty,Electric Toothbrush,4,71.53,8,286.12,0.0,52.65,315.88,Google Pay,Delivered,Standard,Mobile App,WELCOME10,5,3
20252152,666728,2024-09-08,Home & Kitchen,Coffee Maker,2,103.61,32,207.22,0.0,28.18,169.09,Credit Card,Delivered,Standard,Mobile App,WELCOME10,5,3
24058429,549554,2025-05-19,Electronics,USB-C Hub,1,49.98,14,49.98,5.9,8.6,57.48,PayPal,Delivered,Standard,Mobile App,,4,5
89766891,703633,2025-06-21,Sports,Dumbbell Set,1,100.99,5,100.99,5.9,19.19,121.03,Credit Card,Delivered,Standard,Website,VIP20,3,
85920113,974572,2025-08-05,Beauty,Hair Dryer,1,56.6,10,56.6,5.9,10.19,67.03,Apple Pay,Delivered,Standard,Website,WELCOME10,1,3
56972243,596680,2025-01-22,Electronics,USB-C Hub,2,44.11,16,88.22,5.9,14.82,94.82,PayPal,Delivered,Standard,Website,VIP20,4,5
66898530,487033,2025-03-09,Beauty,Electric Toothbrush,1,72.06,5,72.06,5.9,13.69,88.05,Credit Card,Delivered,Standard,Mobile App,,6,4
55238708,857800,2024-10-23,Books & Office,Ergonomic Mouse,3,55.96,15,167.88,0.0,10.99,153.69,Bank Transfer,Delivered,Standard,Website,FREESHIP,5,4
87277085,445918,2025-06-21,Fashion,Winter Jacket,2,174.89,2,349.78,12.9,68.56,424.24,Credit Card,Delivered,Express,Mobile App,,4,3
41444113,883353,2025-12-31,Books & Office,Data Analytics Book,1,39.18,19,39.18,5.9,6.35,43.99,PayPal,Delivered,Standard,Website,,6,4
44436828,270516,2025-12-01,Home & Kitchen,Cookware Set,1,173.22,19,173.22,12.9,10.8,164.01,Bank Transfer,Delivered,Express,Mobile App,VIP20,2,4
64090754,999021,2025-04-21,Beauty,Skin Care Set,1,92.55,12,92.55,5.9,16.29,103.63,Credit Card,Delivered,Standard,Mobile App,FREESHIP,5,3
43823641,287149,2025-04-28,Fashion,Winter Jacket,1,171.41,27,171.41,0.0,25.03,150.16,Credit Card,Delivered,Standard,Mobile App,WELCOME10,3,5
72173342,900924,2025-07-19,Electronics,USB-C Hub,2,39.14,2,78.28,5.9,15.34,97.95,Credit Card,Returned,Standard,Website,,4,
59902352,807947,2025-08-19,Beauty,Skin Care Set,2,89.48,15,178.96,12.9,22.82,187.84,Credit Card,Delivered,Express,Mobile App,SAVE15,2,4
99299523,733644,2025-09-23,Beauty,Hair Dryer,1,68.63,12,68.63,5.9,12.08,78.37,Credit Card,Delivered,Standard,Mobile App,,4,4
84796319,525369,2024-03-02,Electronics,USB-C Hub,4,50.63,7,202.52,0.0,37.67,226.01,Apple Pay,Delayed,Standard,Mobile App,FREESHIP,9,3
99963376,900129,2025-12-31,Fashion,Winter Jacket,2,194.25,19,388.5,0.0,62.94,377.63,Credit Card,Delivered,Standard,Mobile App,SAVE15,5,5
97053437,913479,2024-10-07,Electronics,Bluetooth Speaker,2,69.88,0,139.76,0.0,27.95,167.71,Credit Card,Delivered,Standard,Marketplace,,6,5
24987650,651126,2025-11-11,Books & Office,Notebook Set,2,21.27,4,42.54,5.9,8.17,54.91,Credit Card,Delivered,Standard,Mobile App,SAVE15,6,4
33923489,433309,2025-12-29,Electronics,Mechanical Keyboard,1,112.35,14,112.35,12.9,19.32,128.84,Credit Card,Delivered,Express,Website,SAVE15,1,5
12958555,179027,2024-10-18,Electronics,Bluetooth Speaker,1,67.89,9,67.89,5.9,12.36,80.04,Credit Card,Delivered,Standard,Mobile App,,5,3
54062402,511732,2025-06-05,Home & Kitchen,Cookware Set,1,164.5,2,164.5,0.0,32.24,193.45,Google Pay,Delivered,Standard,Mobile App,,4,4
26895559,401774,2025-12-16,Beauty,Makeup Kit,4,54.18,19,216.72,12.9,35.11,223.55,Credit Card,Delayed,Express,Mobile App,,4,4
19405236,888237,2024-11-15,Electronics,Wireless Headphones,1,85.79,16,85.79,0.0,14.41,86.47,PayPal,Delivered,Pickup,Website,FREESHIP,1,5
62300191,478084,2025-03-28,Electronics,Smart Watch,2,161.84,12,323.68,0.0,56.97,341.81,PayPal,Delivered,Standard,Website,WELCOME10,5,5
64543486,230603,2025-03-19,Books & Office,Data Analytics Book,1,41.46,0,41.46,5.9,8.29,55.65,Bank Transfer,Delivered,Standard,Mobile App,,8,5
32610760,741821,2025-03-20,Books & Office,Notebook Set,3,26.28,24,78.84,5.9,11.98,77.8,Apple Pay,Delivered,Standard,Marketplace,WELCOME10,2,5
55761919,888971,2025-11-11,Books & Office,Ergonomic Mouse,2,52.95,4,105.9,5.9,15.25,122.81,PayPal,Delivered,Standard,Website,,7,3
36714222,497108,2025-06-11,Beauty,Hair Dryer,2,68.78,5,137.56,0.0,26.14,156.82,Apple Pay,Delivered,Standard,Mobile App,WELCOME10,5,4
22418232,726493,2025-04-11,Home & Kitchen,Blender,2,75.16,17,150.32,0.0,9.61,134.38,Apple Pay,Delivered,Standard,Website,,5,5
56049466,859344,2025-09-08,Home & Kitchen,Blender,1,91.95,25,91.95,12.9,13.79,95.65,PayPal,Delivered,Express,Mobile App,,1,3
94382041,729914,2025-12-12,Electronics,Bluetooth Speaker,3,66.81,4,200.43,0.0,38.48,230.89,Apple Pay,Delivered,Standard,Mobile App,SAVE15,4,4
52096954,248706,2025-02-16,Books & Office,Office Chair,5,216.14,27,1080.7,12.9,157.78,959.59,PayPal,Delivered,Express,Mobile App,WELCOME10,1,4
74334872,769254,2025-09-02,Fashion,Classic Jeans,1,76.12,7,76.12,5.9,14.16,90.85,Credit Card,Delivered,Standard,Website,SAVE15,4,4
98825676,709841,2025-06-19,Electronics,Smart Watch,1,156.03,2,156.03,12.9,30.58,196.39,Credit Card,Delayed,Express,Website,FREESHIP,4,1
91924353,920139,2025-12-24,Electronics,Wireless Headphones,3,80.49,9,241.47,0.0,43.95,263.69,PayPal,Delivered,Pickup,Mobile App,VIP20,1,5
65096351,236070,2025-05-04,Beauty,Perfume,1,95.49,0,95.49,12.9,19.1,127.49,PayPal,Delivered,Express,Website,,2,4
59190902,463147,2025-05-06,Electronics,Bluetooth Speaker,2,61.1,0,122.2,0.0,24.44,146.64,Credit Card,Delivered,Standard,Website,,6,4
21082849,215222,2024-04-29,Beauty,Perfume,1,95.84,14,95.84,5.9,16.48,104.8,Credit Card,Delivered,Standard,Mobile App,,6,4
11236455,159766,2025-02-20,Sports,Yoga Mat,2,38.35,10,76.7,5.9,13.81,0.0,Credit Card,Cancelled,Standard,Website,,,
11490115,606502,2025-12-09,Home & Kitchen,Coffee Maker,1,87.55,31,87.55,5.9,12.08,0.0,PayPal,Cancelled,Standard,Mobile App,SAVE15,,
55399872,569244,2025-07-11,Books & Office,Office Chair,1,207.78,14,207.78,0.0,35.74,214.43,PayPal,Delivered,Standard,Website,WELCOME10,4,5
53048127,127177,2025-12-07,Beauty,Makeup Kit,1,57.39,16,57.39,5.9,9.64,63.75,Credit Card,Delivered,Standard,Mobile App,FREESHIP,4,4
10647601,105502,2025-12-07,Beauty,Hair Dryer,1,65.35,21,65.35,5.9,10.33,67.86,Google Pay,Delivered,Standard,Mobile App,,6,5
77745076,248706,2025-09-18,Electronics,Mechanical Keyboard,1,100.89,12,100.89,0.0,17.76,106.54,PayPal,Delivered,Pickup,Mobile App,SAVE15,2,5
13143677,119473,2025-10-04,Home & Kitchen,Blender,3,76.1,15,228.3,0.0,38.81,0.0,Bank Transfer,Cancelled,Pickup,Website,VIP20,,
64096718,727033,2025-12-08,Books & Office,Ergonomic Mouse,1,54.65,6,54.65,5.9,10.27,67.54,Credit Card,Delivered,Standard,Marketplace,FREESHIP,4,4
79058000,887269,2025-08-25,Fashion,Backpack,1,83.68,0,83.68,0.0,16.74,100.42,Bank Transfer,Delivered,Pickup,Website,,2,5
26838703,866265,2025-06-11,Beauty,Skin Care Set,2,71.18,2,142.36,0.0,27.9,167.41,Apple Pay,Delivered,Pickup,Website,,1,5
87201953,888237,2025-06-08,Fashion,Classic Jeans,1,75.05,7,75.05,12.9,13.96,96.66,PayPal,Delivered,Express,Mobile App,FREESHIP,2,5
47691066,246295,2025-05-07,Sports,Cycling Helmet,2,75.81,15,151.62,12.9,25.78,167.56,Bank Transfer,Delivered,Express,Marketplace,,1,5
90665654,851397,2024-09-13,Home & Kitchen,Desk Lamp,2,51.78,22,103.56,0.0,6.22,87.0,Credit Card,Delivered,Pickup,Website,,1,4
44461983,270516,2025-10-01,Fashion,Backpack,2,75.18,15,150.36,12.9,9.84,150.55,Credit Card,Delivered,Express,Website,FREESHIP,1,5
38522145,401833,2025-07-16,Electronics,Mechanical Keyboard,2,108.42,17,216.84,0.0,36.0,215.98,Google Pay,Delivered,Standard,Marketplace,VIP20,8,4
14523236,560426,2025-04-29,Electronics,Mechanical Keyboard,2,96.2,12,192.4,0.0,33.86,203.17,Credit Card,Delivered,Pickup,Mobile App,SAVE15,1,4
82943848,627996,2025-05-07,Beauty,Perfume,2,84.78,2,169.56,0.0,24.93,191.1,PayPal,Returned,Standard,Website,,3,
34226096,444949,2024-04-15,Books & Office,Notebook Set,1,27.68,7,27.68,5.9,5.15,36.79,Apple Pay,Delivered,Standard,Website,,5,4
60147135,436058,2025-09-19,Electronics,Bluetooth Speaker,2,68.94,15,137.88,0.0,23.44,140.64,Apple Pay,Delivered,Standard,Mobile App,,4,4
33377282,633842,2024-12-26,Sports,Resistance Bands,2,37.56,18,75.12,12.9,4.74,79.24,PayPal,Delivered,Express,Website,FREESHIP,2,4
75447673,778915,2025-12-13,Electronics,Mechanical Keyboard,1,87.35,21,87.35,12.9,13.8,95.71,Credit Card,Delivered,Express,Mobile App,SAVE15,1,4
46183175,204963,2025-12-08,Beauty,Hair Dryer,1,59.47,19,59.47,5.9,9.63,63.7,Credit Card,Delivered,Standard,Website,WELCOME10,5,5
30336404,833845,2024-09-04,Fashion,Running Shoes,2,102.2,24,204.4,0.0,31.07,186.41,Google Pay,Delivered,Standard,Website,,5,3
10230736,832849,2025-01-07,Sports,Resistance Bands,2,34.76,6,69.52,5.9,13.07,84.32,Google Pay,Delivered,Standard,Mobile App,,4,4
10241823,780313,2024-10-08,Electronics,Mechanical Keyboard,2,105.75,2,211.5,0.0,41.45,248.72,Credit Card,Delivered,Standard,Website,SAVE15,4,5
68986064,391759,2025-10-25,Beauty,Electric Toothbrush,2,77.7,2,155.4,0.0,22.84,175.13,Credit Card,Delivered,Pickup,Mobile App,FREESHIP,1,4
61883521,439102,2024-04-13,Books & Office,Notebook Set,1,21.73,2,21.73,12.9,4.26,38.46,Google Pay,Delivered,Express,Mobile App,FREESHIP,1,2
10405449,985158,2025-09-26,Electronics,Wireless Headphones,1,88.37,7,88.37,12.9,16.44,111.52,PayPal,Delivered,Express,Website,WELCOME10,3,5
24113758,551094,2025-08-20,Beauty,Makeup Kit,2,59.65,0,119.3,12.9,23.86,156.06,Credit Card,Delayed,Express,Website,,4,3
29929744,859369,2025-04-06,Beauty,Skin Care Set,1,79.98,25,79.98,5.9,12.0,77.88,Google Pay,Delayed,Standard,Marketplace,SAVE15,6,2
78044114,284704,2025-07-05,Sports,Dumbbell Set,1,138.24,14,138.24,0.0,23.78,142.67,Apple Pay,Delivered,Standard,Marketplace,SAVE15,4,5
89769633,789592,2025-02-13,Books & Office,Notebook Set,1,21.99,17,21.99,5.9,2.74,26.89,Credit Card,Delivered,Standard,Marketplace,,5,4
14538918,295940,2024-09-11,Sports,Resistance Bands,3,32.33,34,96.99,12.9,12.8,89.71,PayPal,Delivered,Express,Mobile App,,1,4
49641635,877546,2025-10-16,Electronics,Smart Watch,2,150.68,12,301.36,12.9,53.04,331.14,Credit Card,Delivered,Express,Marketplace,WELCOME10,2,5
31357179,570380,2025-02-21,Electronics,Mechanical Keyboard,1,102.02,0,102.02,5.9,20.4,128.32,Apple Pay,Delivered,Standard,Website,,4,5
21798325,672950,2025-09-04,Electronics,Mechanical Keyboard,2,103.63,2,207.26,12.9,40.62,256.63,Credit Card,Delivered,Express,Website,VIP20,1,3
32836750,613208,2025-10-03,Electronics,Wireless Headphones,1,95.59,15,95.59,5.9,16.25,103.4,Apple Pay,Delivered,Standard,Marketplace,SAVE15,7,3
43837026,215222,2024-03-19,Books & Office,Notebook Set,2,19.74,29,39.48,5.9,5.61,39.54,Bank Transfer,Delivered,Standard,Mobile App,,5,4
76598184,270516,2025-12-24,Books & Office,Ergonomic Mouse,3,60.37,4,181.11,0.0,13.39,187.26,Credit Card,Delivered,Standard,Mobile App,,3,4
74133311,503812,2025-11-30,Home & Kitchen,Air Fryer,1,134.57,26,134.57,0.0,19.92,119.5,Credit Card,Delayed,Standard,Website,,8,4
20565592,279792,2025-10-10,Home & Kitchen,Coffee Maker,2,101.44,20,202.88,0.0,32.46,194.76,Bank Transfer,Delivered,Standard,Marketplace,,5,5
78328628,831444,2024-10-28,Electronics,Mechanical Keyboard,1,106.17,2,106.17,0.0,20.81,124.86,Credit Card,Delivered,Pickup,Website,,1,5
34762916,614194,2025-03-17,Home & Kitchen,Coffee Maker,1,91.22,15,91.22,5.9,11.63,95.07,PayPal,Delayed,Standard,Website,,8,3
85542092,433309,2025-12-23,Home & Kitchen,Cookware Set,2,169.03,4,338.06,12.9,64.91,402.35,Credit Card,Delivered,Express,Marketplace,FREESHIP,2,4
57534869,311826,2025-05-15,Electronics,Smart Watch,2,151.78,5,303.56,12.9,57.68,358.96,Credit Card,Delivered,Express,Mobile App,WELCOME10,2,5
18579408,751201,2025-01-07,Sports,Yoga Mat,1,37.79,17,37.79,5.9,6.27,43.54,Credit Card,Delivered,Standard,Website,,3,5
50596718,866265,2024-09-21,Fashion,Cotton Hoodie,1,62.13,12,62.13,12.9,10.93,78.5,Credit Card,Delivered,Express,Website,FREESHIP,2,4
36145979,651797,2025-09-24,Books & Office,Office Chair,1,203.55,0,203.55,12.9,40.71,257.16,Credit Card,Returned,Express,Marketplace,,2,
17898790,597105,2025-12-03,Electronics,Bluetooth Speaker,2,71.98,6,143.96,0.0,27.06,162.38,Google Pay,Delivered,Standard,Website,VIP20,6,4
97106106,620936,2025-06-14,Fashion,Cotton Hoodie,1,61.36,22,61.36,5.9,9.57,63.33,Apple Pay,Returned,Standard,Mobile App,SAVE15,4,
44223244,358151,2025-09-16,Electronics,Bluetooth Speaker,2,73.72,19,147.44,0.0,23.89,143.32,Credit Card,Delivered,Standard,Marketplace,FREESHIP,4,5
26667132,391183,2025-10-28,Electronics,Smart Watch,1,137.01,0,137.01,12.9,27.4,177.31,Credit Card,Delivered,Express,Website,,2,5
24667675,166447,2025-11-12,Fashion,Cotton Hoodie,1,57.68,4,57.68,5.9,11.07,72.34,Google Pay,Delivered,Standard,Website,WELCOME10,4,3
75064049,957124,2025-07-05,Home & Kitchen,Coffee Maker,1,91.42,22,91.42,5.9,14.26,91.47,PayPal,Delivered,Standard,Website,,6,5
71429003,100813,2025-08-20,Fashion,Cotton Hoodie,1,63.9,0,63.9,0.0,12.78,76.68,Credit Card,Delivered,Pickup,Website,,1,5
93288406,686946,2025-11-15,Fashion,Cotton Hoodie,2,58.93,21,117.86,5.9,7.17,0.0,Credit Card,Cancelled,Standard,Mobile App,FREESHIP,,
62734917,900924,2025-10-22,Sports,Resistance Bands,1,29.91,10,29.91,12.9,5.38,45.2,Credit Card,Delivered,Express,Website,,1,5
18642854,974572,2025-11-27,Electronics,Smart Watch,1,146.85,19,146.85,12.9,23.79,155.64,Credit Card,Delivered,Express,Mobile App,,2,
15330313,374084,2025-04-05,Beauty,Makeup Kit,4,63.1,0,252.4,0.0,50.48,302.88,Bank Transfer,Delivered,Standard,Website,,2,4
69573481,479084,2025-03-29,Home & Kitchen,Cookware Set,1,151.07,30,151.07,12.9,21.15,139.8,Bank Transfer,Delivered,Express,Mobile App,,2,5
13093197,887269,2025-11-09,Fashion,Cotton Hoodie,3,58.21,4,174.63,0.0,33.53,201.17,Credit Card,Delivered,Standard,Marketplace,VIP20,3,4
39443714,776445,2025-12-29,Electronics,Smart Watch,2,157.93,24,315.86,0.0,48.01,288.06,Apple Pay,Delivered,Standard,Mobile App,,4,4
98045587,152133,2025-12-23,Fashion,Cotton Hoodie,1,63.41,14,63.41,5.9,10.91,71.34,Credit Card,Delivered,Standard,Mobile App,FREESHIP,7,4
28540800,452641,2025-05-27,Beauty,Perfume,1,105.53,22,105.53,5.9,16.46,104.67,Apple Pay,Delivered,Standard,Mobile App,WELCOME10,6,4
74173968,514149,2025-11-28,Fashion,Backpack,3,75.76,24,227.28,12.9,34.55,220.18,Google Pay,Delivered,Express,Website,SAVE15,1,5
91370890,159766,2025-06-10,Electronics,Smart Watch,2,147.77,30,295.54,0.0,41.38,248.26,Credit Card,Delivered,Standard,Mobile App,FREESHIP,5,4
46068012,372597,2025-12-24,Books & Office,Notebook Set,1,26.7,11,26.7,5.9,4.75,34.41,Credit Card,Delivered,Standard,Website,VIP20,3,4
44661005,302949,2025-12-30,Beauty,Hair Dryer,1,71.74,4,71.74,0.0,13.77,0.0,Credit Card,Cancelled,Pickup,Mobile App,VIP20,,
52029872,178261,2025-06-02,Home & Kitchen,Air Fryer,1,144.42,7,144.42,0.0,26.86,161.17,Credit Card,Delivered,Standard,Mobile App,FREESHIP,3,4
47666250,264538,2025-10-13,Home & Kitchen,Blender,1,89.74,20,89.74,0.0,14.36,86.15,Bank Transfer,Delivered,Pickup,Website,SAVE15,1,5
14608139,248706,2024-12-11,Books & Office,Data Analytics Book,1,39.48,11,39.48,5.9,7.03,48.07,Google Pay,Delivered,Standard,Mobile App,,2,4
53483172,947580,2024-11-20,Fashion,Classic Jeans,1,64.49,14,64.49,12.9,11.09,79.45,Bank Transfer,Delivered,Express,Website,VIP20,2,5
89694716,286370,2025-05-31,Home & Kitchen,Air Fryer,1,122.43,10,122.43,0.0,16.53,126.72,Credit Card,Returned,Pickup,Website,FREESHIP,1,
67556474,920398,2025-11-18,Electronics,Wireless Headphones,1,91.39,24,91.39,5.9,13.89,89.25,PayPal,Delivered,Standard,Mobile App,WELCOME10,7,4
38092058,218735,2025-10-24,Electronics,Wireless Headphones,1,81.27,12,81.27,12.9,10.73,95.15,Credit Card,Delivered,Express,Website,SAVE15,3,5
98364572,258802,2024-09-08,Home & Kitchen,Blender,2,82.5,7,165.0,0.0,30.69,184.14,Credit Card,Delivered,Standard,Mobile App,VIP20,5,5
77576594,119133,2025-08-30,Beauty,Skin Care Set,1,77.11,17,77.11,12.9,9.6,86.5,Credit Card,Delivered,Express,Website,,2,4
50251873,958830,2025-10-14,Fashion,Winter Jacket,1,169.86,10,169.86,0.0,11.77,164.64,Credit Card,Delivered,Standard,Website,SAVE15,5,5
34027466,782891,2025-01-03,Sports,Dumbbell Set,3,120.61,14,361.83,0.0,62.23,0.0,Apple Pay,Cancelled,Standard,Mobile App,SAVE15,,
90423800,204963,2025-11-13,Electronics,Wireless Headphones,2,89.09,14,178.18,0.0,30.65,183.88,PayPal,Delivered,Pickup,Mobile App,SAVE15,1,4
46968894,527499,2025-09-18,Beauty,Perfume,1,100.44,0,100.44,0.0,20.09,120.53,Credit Card,Delivered,Pickup,Mobile App,,1,5
78408177,974572,2025-08-14,Fashion,Winter Jacket,2,182.23,0,364.46,0.0,72.89,0.0,Credit Card,Cancelled,Standard,Mobile App,,,
64582319,449479,2025-11-09,Books & Office,Monitor Stand,1,50.08,6,50.08,5.9,9.42,62.4,Credit Card,Delivered,Standard,Mobile App,,6,4
66745785,298767,2025-11-18,Beauty,Skin Care Set,1,86.67,14,86.67,12.9,14.91,102.35,Credit Card,Delivered,Express,Mobile App,FREESHIP,1,5
71073066,152133,2025-11-14,Electronics,Wireless Headphones,4,85.65,19,342.6,12.9,55.5,345.91,Credit Card,Delivered,Express,Mobile App,SAVE15,1,5
15733908,444949,2024-05-13,Sports,Resistance Bands,1,36.04,27,36.04,5.9,5.26,37.47,Apple Pay,Delivered,Standard,Mobile App,,3,5
14547183,463147,2025-09-17,Books & Office,Office Chair,1,202.81,0,202.81,0.0,40.56,243.37,Credit Card,Returned,Pickup,Mobile App,,1,
80781005,300416,2025-11-18,Fashion,Winter Jacket,1,186.2,29,186.2,12.9,26.44,171.54,Credit Card,Delivered,Express,Mobile App,,1,4
83080896,990071,2024-08-24,Sports,Resistance Bands,2,28.8,0,57.6,5.9,11.52,75.02,Credit Card,Delivered,Standard,Website,,5,5
75200129,401624,2025-09-23,Fashion,Cotton Hoodie,1,67.69,5,67.69,5.9,12.86,83.07,Credit Card,Delivered,Standard,Mobile App,WELCOME10,2,4
25651311,703633,2025-12-06,Home & Kitchen,Coffee Maker,1,80.98,24,80.98,5.9,12.31,79.75,PayPal,Delivered,Standard,Website,VIP20,3,4
70326917,232146,2024-02-05,Fashion,Backpack,1,62.93,7,62.93,0.0,11.7,0.0,PayPal,Cancelled,Pickup,Mobile App,FREESHIP,,
76691750,447274,2025-03-01,Sports,Cycling Helmet,1,71.94,0,71.94,12.9,14.39,99.23,Credit Card,Delivered,Express,Mobile App,,1,5
47467498,425550,2024-10-26,Home & Kitchen,Desk Lamp,2,50.48,15,100.96,12.9,12.87,111.59,Credit Card,Delivered,Express,Mobile App,SAVE15,2,4
76545432,350434,2025-11-03,Electronics,Bluetooth Speaker,1,66.78,9,66.78,12.9,12.15,85.82,Bank Transfer,Delivered,Express,Website,VIP20,4,4
62796780,422958,2025-10-24,Fashion,Backpack,1,80.48,5,80.48,12.9,15.29,104.65,PayPal,Delivered,Express,Mobile App,FREESHIP,2,3
60030083,669089,2025-09-15,Beauty,Skin Care Set,1,85.94,0,85.94,5.9,12.89,104.73,Credit Card,Delivered,Standard,Website,,4,4
63127457,574720,2025-12-10,Fashion,Backpack,1,83.15,11,83.15,12.9,14.8,101.7,Credit Card,Delivered,Express,Mobile App,,3,5
61562425,606428,2024-11-29,Sports,Dumbbell Set,2,131.36,6,262.72,0.0,49.39,296.35,Credit Card,Delayed,Standard,Website,SAVE15,7,4
68640899,178261,2025-12-23,Fashion,Classic Jeans,1,73.35,6,73.35,0.0,13.79,82.74,Credit Card,Delivered,Pickup,Website,SAVE15,1,5
24793769,362615,2025-03-22,Sports,Cycling Helmet,1,76.83,5,76.83,12.9,14.6,100.49,Apple Pay,Delivered,Express,Website,VIP20,1,4
63062319,298043,2025-06-24,Electronics,Wireless Headphones,2,79.75,0,159.5,0.0,31.9,191.4,Bank Transfer,Delivered,Standard,Website,,5,5
27711173,889635,2025-06-26,Fashion,Cotton Hoodie,2,66.18,2,132.36,0.0,25.94,155.65,Apple Pay,Delayed,Standard,Mobile App,WELCOME10,8,3
10249027,784382,2025-12-31,Fashion,Backpack,3,77.88,24,233.64,12.9,35.51,225.98,PayPal,Delivered,Express,Mobile App,WELCOME10,1,3
71078977,355308,2025-10-29,Books & Office,Data Analytics Book,1,40.09,0,40.09,0.0,8.02,48.11,Bank Transfer,Delivered,Pickup,Website,,1,4
39536941,105502,2025-12-04,Books & Office,Office Chair,1,212.63,11,212.63,0.0,37.85,227.09,Apple Pay,Delivered,Standard,Marketplace,FREESHIP,4,5
48084460,866265,2025-11-19,Fashion,Cotton Hoodie,1,70.84,16,70.84,5.9,11.9,77.31,Credit Card,Delivered,Standard,Mobile App,,5,5
15253847,433309,2025-12-25,Electronics,Smart Watch,2,153.88,9,307.76,0.0,56.01,336.07,Apple Pay,Delayed,Standard,Mobile App,SAVE15,7,3
91194613,167359,2024-06-29,Electronics,USB-C Hub,1,44.2,4,44.2,5.9,8.49,56.82,Credit Card,Delivered,Standard,Mobile App,,4,5
82578748,474664,2025-06-18,Electronics,Smart Watch,1,140.74,0,140.74,0.0,28.15,168.89,PayPal,Delivered,Standard,Mobile App,,3,3
52303921,565703,2025-08-11,Electronics,Mechanical Keyboard,1,103.98,10,103.98,0.0,18.72,112.3,PayPal,Delivered,Pickup,Mobile App,VIP20,1,4
67736652,731524,2025-10-28,Electronics,Smart Watch,1,147.12,12,147.12,12.9,25.89,168.26,PayPal,Delivered,Express,Mobile App,VIP20,1,3
20265818,198559,2025-02-12,Books & Office,Notebook Set,2,24.83,17,49.66,5.9,8.24,55.36,Credit Card,Delivered,Standard,Mobile App,,6,3
98530452,744782,2025-06-11,Home & Kitchen,Coffee Maker,2,105.68,0,211.36,12.9,42.27,266.53,Credit Card,Delivered,Express,Website,,1,5
23430219,412752,2025-07-11,Beauty,Electric Toothbrush,2,80.31,2,160.62,0.0,31.48,188.89,Google Pay,Delivered,Standard,Website,SAVE15,5,5
73073221,549554,2024-08-15,Sports,Yoga Mat,3,37.93,29,113.79,5.9,16.16,102.85,Credit Card,Delivered,Standard,Website,,5,3
97500559,537643,2025-12-02,Fashion,Running Shoes,1,105.81,4,105.81,5.9,20.32,127.8,Apple Pay,Delivered,Standard,Mobile App,WELCOME10,3,5
85477990,548453,2025-07-10,Fashion,Winter Jacket,3,180.66,14,541.98,0.0,93.22,559.32,,Delivered,Standard,Mobile App,SAVE15,5,4
62251056,412752,2025-09-27,Electronics,Smart Watch,1,141.34,15,141.34,0.0,24.03,144.17,Bank Transfer,Delivered,Standard,Marketplace,VIP20,3,5
19273453,198559,2025-07-28,Electronics,USB-C Hub,2,44.95,19,89.9,5.9,14.56,93.28,PayPal,Delivered,Standard,Mobile App,,5,4
85263571,913479,2024-08-21,Books & Office,Office Chair,1,168.25,15,168.25,12.9,28.6,184.51,Google Pay,Delivered,Express,Website,,2,3
98350692,811213,2025-03-12,Beauty,Electric Toothbrush,2,78.95,5,157.9,0.0,30.0,180.01,Credit Card,Delivered,Standard,Marketplace,,5,4
50303027,985158,2025-11-04,Electronics,Mechanical Keyboard,2,111.43,35,222.86,0.0,28.97,173.83,Credit Card,Delivered,Standard,Mobile App,WELCOME10,5,3
97743614,860036,2025-08-14,Books & Office,Monitor Stand,1,44.97,5,44.97,5.9,8.54,57.16,PayPal,Delivered,Standard,Website,WELCOME10,3,4
41512128,209508,2025-08-21,Sports,Yoga Mat,1,30.12,0,30.12,0.0,6.02,36.14,Apple Pay,Delivered,Pickup,Mobile App,,1,3
15571756,507468,2025-05-18,Sports,Cycling Helmet,2,81.11,7,162.22,0.0,30.17,181.03,Credit Card,Delivered,Standard,Website,,7,5
73922528,455270,2024-11-06,Beauty,Makeup Kit,1,61.1,13,61.1,12.9,10.63,76.69,Bank Transfer,Delivered,Express,Mobile App,FREESHIP,3,5
85031681,243469,2025-03-18,Fashion,Winter Jacket,1,203.74,7,203.74,0.0,37.9,227.38,Google Pay,Delivered,Pickup,Mobile App,VIP20,1,4
70654636,767194,2025-05-21,Beauty,Perfume,1,93.95,0,93.95,12.9,14.09,120.94,Credit Card,Delivered,Express,Website,,2,4
28517270,864761,2025-06-17,Home & Kitchen,Coffee Maker,1,87.06,2,87.06,5.9,17.06,108.28,Credit Card,Delivered,Standard,Marketplace,,3,5
36569293,243318,2025-09-08,Books & Office,Data Analytics Book,1,46.44,4,46.44,5.9,8.92,59.4,Credit Card,Delivered,Standard,Website,,4,5
35149865,535113,2025-12-17,Electronics,Wireless Headphones,1,91.62,14,91.62,5.9,15.76,100.45,Credit Card,Delivered,Standard,Mobile App,SAVE15,5,5
93425491,524996,2025-08-23,Fashion,Winter Jacket,1,169.27,25,169.27,0.0,25.39,152.34,Credit Card,Delivered,Pickup,Website,,1,4
28622919,962186,2025-09-24,Beauty,Perfume,2,97.28,5,194.56,0.0,36.97,221.8,Credit Card,Delivered,Standard,Website,,6,3
94504626,167359,2025-12-21,Books & Office,Monitor Stand,2,45.3,8,90.6,5.9,16.67,105.92,Credit Card,Delivered,Standard,Marketplace,,7,4
82317624,841402,2025-08-29,Beauty,Electric Toothbrush,2,86.39,0,172.78,0.0,25.92,198.7,Apple Pay,Delivered,Standard,Mobile App,,5,2
82186714,240638,2025-09-16,Sports,Resistance Bands,1,30.87,25,30.87,5.9,4.63,33.68,PayPal,Delivered,Standard,Marketplace,FREESHIP,5,5
21712008,888237,2025-01-31,Fashion,Backpack,1,72.59,4,72.59,5.9,13.94,89.53,PayPal,Delivered,Standard,Mobile App,SAVE15,1,4
50952217,888237,2025-11-03,Electronics,Wireless Headphones,1,97.2,6,97.2,5.9,18.27,115.54,Apple Pay,Delivered,Standard,Website,FREESHIP,5,4
12365121,358151,2025-12-18,Home & Kitchen,Air Fryer,1,128.9,18,128.9,0.0,21.14,126.84,PayPal,Delivered,Standard,Mobile App,WELCOME10,3,5
50318261,767194,2025-12-03,Fashion,Backpack,1,74.67,19,74.67,0.0,9.07,69.55,Credit Card,Delivered,Pickup,Mobile App,,1,5
29740003,272038,2025-06-04,Sports,Fitness Tracker,1,102.68,10,102.68,12.9,18.48,123.79,Credit Card,Delivered,Express,Website,SAVE15,1,5
11357286,276189,2025-07-07,Beauty,Skin Care Set,4,78.21,22,312.84,0.0,48.8,292.82,PayPal,Delivered,Standard,Mobile App,,4,4
88433895,869875,2025-12-07,Home & Kitchen,Air Fryer,2,133.32,34,266.64,12.9,35.2,224.08,Apple Pay,Delivered,Express,Website,,2,5
38805669,889635,2025-07-13,Beauty,Electric Toothbrush,2,74.05,14,148.1,12.9,25.47,165.74,Credit Card,Delivered,Express,Mobile App,FREESHIP,2,4
10015398,611790,2025-10-13,Fashion,Cotton Hoodie,5,61.34,22,306.7,12.9,47.85,299.98,Apple Pay,Delivered,Express,Website,,3,5
16381750,232347,2025-04-17,Home & Kitchen,Cookware Set,1,150.13,19,150.13,0.0,24.32,145.93,Apple Pay,Delivered,Standard,Mobile App,,4,5
82369602,827155,2025-12-03,Books & Office,Data Analytics Book,2,35.87,24,71.74,12.9,10.9,78.32,Credit Card,Delivered,Express,Marketplace,FREESHIP,2,
26049362,444949,2024-04-27,Electronics,Mechanical Keyboard,1,87.73,7,87.73,5.9,16.32,103.81,Apple Pay,Delivered,Standard,Marketplace,FREESHIP,4,5
36816751,606428,2025-09-03,Sports,Fitness Tracker,1,86.84,12,86.84,5.9,15.28,97.6,Google Pay,Delayed,Standard,Mobile App,,8,3
32215755,114582,2024-11-02,Books & Office,Data Analytics Book,1,39.07,6,39.07,12.9,7.35,56.98,Credit Card,Delivered,Express,Mobile App,WELCOME10,1,5
90637354,867969,2024-09-11,Sports,Fitness Tracker,1,91.6,29,91.6,12.9,13.01,90.95,Google Pay,Delivered,Express,Website,VIP20,3,4
28768560,322199,2025-02-11,Sports,Fitness Tracker,1,100.6,15,100.6,12.9,17.1,115.51,Apple Pay,Returned,Express,Mobile App,VIP20,1,
10284105,537368,2025-03-30,Beauty,Skin Care Set,1,77.5,0,77.5,12.9,15.5,105.9,Credit Card,Delivered,Express,Website,,3,4
22900837,230603,2025-08-31,Electronics,Smart Watch,1,155.75,10,155.75,0.0,28.04,168.22,Credit Card,Delivered,Standard,Mobile App,WELCOME10,5,5
71370339,236070,2025-04-18,Home & Kitchen,Air Fryer,1,126.53,10,126.53,0.0,22.78,136.66,Credit Card,Delivered,Standard,Mobile App,VIP20,5,4
62154053,888237,2025-09-05,Books & Office,Monitor Stand,1,44.79,2,44.79,12.9,8.78,65.57,PayPal,Delivered,Express,Website,FREESHIP,1,4
12894851,498838,2025-12-24,Home & Kitchen,Cookware Set,2,151.91,34,303.82,0.0,40.1,240.62,Credit Card,Delayed,Standard,Website,FREESHIP,6,4
54042483,215222,2025-09-29,Electronics,USB-C Hub,1,43.32,4,43.32,0.0,8.32,49.91,Bank Transfer,Delivered,Pickup,Website,WELCOME10,1,4
79919689,147387,2025-10-02,Books & Office,Ergonomic Mouse,1,53.71,0,53.71,12.9,10.74,77.35,Apple Pay,Delivered,Express,Mobile App,,1,5
88873142,159766,2025-07-27,Sports,Yoga Mat,1,36.89,7,36.89,12.9,6.86,54.07,,Delivered,Express,Website,,2,4
37450800,453656,2025-04-29,Electronics,Bluetooth Speaker,1,73.31,27,73.31,5.9,10.7,70.12,Google Pay,Delivered,Standard,Mobile App,WELCOME10,5,5
69104560,756226,2025-08-08,Beauty,Hair Dryer,1,66.02,2,66.02,12.9,12.94,90.54,Credit Card,Delivered,Express,Website,SAVE15,1,4
61633965,915937,2024-06-09,Home & Kitchen,Air Fryer,1,145.37,2,145.37,0.0,28.49,170.95,PayPal,Delivered,Pickup,Website,,1,4
65313097,766181,2025-09-20,Electronics,USB-C Hub,2,48.17,0,96.34,5.9,19.27,121.51,Credit Card,Delivered,Standard,Website,,6,5
18394306,164861,2025-10-14,Home & Kitchen,Cookware Set,3,161.83,15,485.49,0.0,82.53,495.2,PayPal,Delivered,Standard,Mobile App,,4,4
11564322,445918,2025-08-11,Electronics,Bluetooth Speaker,1,64.63,7,64.63,5.9,12.02,78.03,Credit Card,Delivered,Standard,Marketplace,,5,4
59989079,599202,2025-08-25,Sports,Fitness Tracker,1,95.41,15,95.41,12.9,16.22,110.22,Google Pay,Delivered,Express,Mobile App,WELCOME10,1,4
47934316,893419,2025-09-04,Books & Office,Notebook Set,2,25.45,10,50.9,0.0,9.16,54.97,Bank Transfer,Delivered,Pickup,Website,,1,3
12696784,853287,2025-12-02,Electronics,USB-C Hub,4,42.34,6,169.36,0.0,31.84,191.04,Credit Card,Delivered,Standard,Mobile App,VIP20,6,3
92628392,204963,2025-11-30,Sports,Yoga Mat,1,41.86,9,41.86,12.9,7.62,58.61,Credit Card,Delivered,Express,Website,FREESHIP,4,5
55111788,760293,2025-02-05,Home & Kitchen,Air Fryer,2,137.65,4,275.3,0.0,52.86,317.15,Credit Card,Delivered,Standard,Mobile App,,6,5
91407393,646360,2025-12-30,Beauty,Perfume,1,104.74,14,104.74,0.0,18.02,108.1,Credit Card,Delivered,Pickup,Mobile App,,1,5
27207115,990675,2025-04-10,Electronics,Smart Watch,2,149.57,15,299.14,0.0,50.85,305.12,Google Pay,Delivered,Standard,Website,,6,4
84040928,979191,2025-04-08,Books & Office,Notebook Set,1,24.27,5,24.27,5.9,4.61,33.57,Google Pay,Delivered,Standard,Website,FREESHIP,4,5
44915108,881023,2025-08-24,Electronics,USB-C Hub,1,38.9,0,38.9,12.9,7.78,59.58,PayPal,Delivered,Express,Mobile App,,1,5
78080304,874848,2025-04-30,Home & Kitchen,Air Fryer,1,134.52,5,134.52,12.9,25.56,166.25,Credit Card,Delivered,Express,Mobile App,,1,3
88457008,935758,2025-06-25,Electronics,Smart Watch,1,167.05,4,167.05,0.0,32.07,192.44,Bank Transfer,Delivered,Standard,Website,,5,4
73871122,746011,2025-07-06,Books & Office,Data Analytics Book,5,43.9,2,219.5,0.0,43.02,258.13,Credit Card,Delivered,Standard,Mobile App,,3,5
62344661,648698,2025-11-16,Electronics,Wireless Headphones,2,86.6,9,173.2,0.0,23.64,181.25,Bank Transfer,Delivered,Standard,Website,,4,5
67798728,215222,2025-11-20,Beauty,Makeup Kit,1,58.43,18,58.43,5.9,9.58,63.39,,Delivered,Standard,Mobile App,VIP20,3,4
92017521,265833,2025-09-03,Books & Office,Office Chair,1,194.43,22,194.43,0.0,30.33,181.99,Google Pay,Delivered,Standard,Website,,4,5
22792246,874848,2025-09-10,Sports,Fitness Tracker,1,101.77,10,101.77,5.9,18.32,115.81,Credit Card,Delivered,Standard,Mobile App,FREESHIP,4,3
74739875,985158,2025-10-17,Fashion,Winter Jacket,3,176.33,7,528.99,0.0,98.39,590.35,Credit Card,Delayed,Standard,Website,,8,3
50459209,674593,2025-07-04,Books & Office,Office Chair,1,206.7,14,206.7,0.0,35.55,213.31,Credit Card,Delivered,Standard,Mobile App,SAVE15,3,4
34741784,865030,2025-12-31,Books & Office,Office Chair,3,153.05,14,459.15,0.0,78.97,473.84,Credit Card,Delivered,Standard,Marketplace,,4,4
67353477,248706,2025-05-08,Fashion,Classic Jeans,1,69.89,12,69.89,5.9,12.3,79.7,Bank Transfer,Delivered,Standard,Marketplace,WELCOME10,5,5
71694737,847964,2025-10-26,Electronics,Mechanical Keyboard,1,92.05,15,92.05,5.9,15.65,99.79,PayPal,Delivered,Standard,Website,FREESHIP,7,5
49232128,511732,2025-12-30,Fashion,Classic Jeans,3,65.84,11,197.52,12.9,35.16,223.85,Credit Card,Delivered,Express,Website,SAVE15,1,5
65556248,412752,2025-10-08,Fashion,Winter Jacket,3,173.31,10,519.93,12.9,93.59,574.43,Google Pay,Delivered,Express,Mobile App,WELCOME10,2,3
20748718,246295,2025-07-11,Electronics,Wireless Headphones,2,90.5,17,181.0,0.0,30.05,0.0,Credit Card,Cancelled,Standard,Website,SAVE15,,
10668632,650860,2025-08-26,Beauty,Skin Care Set,3,90.6,25,271.8,12.9,40.77,257.52,Credit Card,Delivered,Express,Website,VIP20,1,4
27561444,878040,2025-11-30,Sports,Resistance Bands,1,33.32,4,33.32,12.9,6.4,51.29,PayPal,Delivered,Express,Mobile App,WELCOME10,2,4
40898857,463147,2025-11-19,Beauty,Perfume,2,85.6,14,171.2,0.0,29.45,176.68,Credit Card,Delivered,Standard,Website,,3,5
45424792,423616,2025-05-20,Home & Kitchen,Coffee Maker,2,86.34,0,172.68,0.0,34.54,207.22,Apple Pay,Delivered,Standard,Website,,3,3
59879915,232146,2025-07-12,Books & Office,Office Chair,5,191.29,4,956.45,0.0,183.64,1101.83,Credit Card,Delivered,Standard,Website,SAVE15,3,4
35658680,951634,2025-09-23,Electronics,USB-C Hub,3,48.04,14,144.12,0.0,24.79,148.73,PayPal,Delivered,Standard,Website,,4,5
99532925,662484,2025-09-12,Fashion,Running Shoes,3,89.19,2,267.57,0.0,52.44,314.66,PayPal,Delivered,Standard,Marketplace,,4,5
10460737,391759,2025-03-29,Fashion,Backpack,4,76.59,2,306.36,0.0,45.03,345.26,Credit Card,Delivered,Standard,Website,SAVE15,2,4
61659686,478084,2025-09-23,Fashion,Cotton Hoodie,4,60.21,12,240.84,0.0,42.39,254.33,Google Pay,Delivered,Standard,Mobile App,SAVE15,4,5
51857900,680839,2025-12-11,Home & Kitchen,Cookware Set,1,149.4,14,149.4,0.0,25.7,154.18,PayPal,Returned,Standard,Mobile App,FREESHIP,4,
22886361,587217,2024-09-19,Home & Kitchen,Coffee Maker,2,100.06,25,200.12,0.0,11.56,161.65,Credit Card,Delivered,Standard,Mobile App,WELCOME10,4,3
19017662,995196,2024-07-10,Fashion,Winter Jacket,1,196.02,19,196.02,12.9,31.76,203.44,Credit Card,Delivered,Express,Marketplace,FREESHIP,2,4
52704266,250494,2025-08-17,Beauty,Makeup Kit,2,63.77,15,127.54,12.9,21.68,142.99,Google Pay,Delivered,Express,Mobile App,,3,2
98172385,136007,2025-07-30,Fashion,Cotton Hoodie,2,61.28,22,122.56,0.0,19.12,0.0,Apple Pay,Cancelled,Standard,Mobile App,,,
69652690,773799,2025-11-11,Home & Kitchen,Desk Lamp,1,52.17,14,52.17,5.9,8.97,59.74,Apple Pay,Delivered,Standard,Mobile App,VIP20,6,5
45283977,636536,2025-11-28,Electronics,Mechanical Keyboard,2,100.92,11,201.84,12.9,35.93,228.47,Apple Pay,Delivered,Express,Website,FREESHIP,1,4
29126417,450952,2024-12-28,Home & Kitchen,Desk Lamp,1,48.8,4,48.8,5.9,9.37,62.12,Credit Card,Delivered,Standard,Website,,5,4
84677097,100813,2025-11-13,Home & Kitchen,Cookware Set,1,149.17,9,149.17,12.9,27.15,175.79,Apple Pay,Delivered,Express,Website,,1,3
39622697,489771,2025-11-10,Sports,Fitness Tracker,1,91.23,4,91.23,12.9,17.52,118.0,Credit Card,Delivered,Express,Website,VIP20,3,4
19592606,887269,2025-08-08,Beauty,Electric Toothbrush,1,77.97,20,77.97,5.9,12.48,80.76,Credit Card,Delivered,Standard,Mobile App,,4,4
36982721,726493,2025-06-21,Sports,Resistance Bands,2,30.78,22,61.56,5.9,3.7,57.62,Credit Card,Delivered,Standard,Website,,4,5
72100056,726493,2025-02-19,Electronics,Bluetooth Speaker,1,70.64,12,70.64,12.9,4.79,79.85,Credit Card,Delivered,Express,Website,,1,4
68810689,136522,2025-08-21,Books & Office,Notebook Set,2,23.13,17,46.26,12.9,7.68,58.98,Credit Card,Delivered,Express,Mobile App,,1,4
50626670,865030,2025-12-31,Sports,Fitness Tracker,1,82.44,9,82.44,0.0,15.0,90.02,Credit Card,Delivered,Pickup,Mobile App,FREESHIP,1,4
83856296,900924,2025-04-04,Home & Kitchen,Coffee Maker,1,98.72,0,98.72,12.9,19.74,131.36,Apple Pay,Delivered,Express,Website,,2,5
18190894,316389,2025-07-29,Fashion,Winter Jacket,1,179.59,7,179.59,0.0,33.4,200.42,Bank Transfer,Delivered,Pickup,Mobile App,SAVE15,1,4
69550998,738362,2025-09-18,Electronics,USB-C Hub,2,42.36,30,84.72,5.9,11.86,77.06,Credit Card,Delivered,Standard,Website,,6,4
59665005,179027,2024-04-20,Beauty,Skin Care Set,1,83.58,29,83.58,12.9,11.87,84.11,Google Pay,Delivered,Express,Website,,4,5
56454718,302694,2025-11-29,Home & Kitchen,Desk Lamp,1,44.41,4,44.41,0.0,8.53,51.16,Credit Card,Delivered,Pickup,Website,VIP20,3,4
27675759,934753,2025-02-12,Home & Kitchen,Desk Lamp,1,55.14,12,55.14,12.9,9.7,71.12,Google Pay,Delivered,Express,Website,,1,5
47464508,319377,2024-11-25,Electronics,Wireless Headphones,1,81.07,18,81.07,5.9,13.3,85.68,Bank Transfer,Delivered,Standard,Website,,6,5
80408680,733206,2025-12-11,Books & Office,Data Analytics Book,3,41.65,4,124.95,0.0,9.24,129.19,Credit Card,Delivered,Standard,Marketplace,,3,3
98219424,684041,2025-12-05,Fashion,Cotton Hoodie,2,56.57,9,113.14,5.9,20.59,129.45,PayPal,Delivered,Standard,Mobile App,SAVE15,3,4
69587522,888237,2025-08-07,Electronics,Smart Watch,1,150.67,2,150.67,0.0,29.53,177.19,Bank Transfer,Delivered,Standard,Website,,5,4
13014325,232347,2025-12-09,Beauty,Electric Toothbrush,1,75.45,18,75.45,12.9,12.37,87.14,Apple Pay,Returned,Express,Website,VIP20,1,
34861824,468629,2025-11-10,Home & Kitchen,Desk Lamp,4,53.65,14,214.6,0.0,36.91,221.47,Apple Pay,Delivered,Standard,Mobile App,VIP20,4,5
32977033,650860,2025-09-18,Fashion,Running Shoes,3,118.52,5,355.56,0.0,67.56,405.34,Credit Card,Delivered,Standard,Website,,6,5
18716302,450952,2025-07-09,Home & Kitchen,Air Fryer,1,124.54,12,124.54,12.9,21.92,144.42,Google Pay,Delivered,Express,Website,VIP20,1,4
15857088,874948,2025-11-26,Fashion,Classic Jeans,1,62.41,16,62.41,12.9,10.48,75.8,Bank Transfer,Delivered,Express,Mobile App,,1,4
59888454,164861,2025-12-30,Electronics,Mechanical Keyboard,2,99.74,14,199.48,0.0,34.31,205.86,PayPal,Delivered,Pickup,Mobile App,SAVE15,1,3
62236234,832553,2025-03-23,Home & Kitchen,Air Fryer,1,130.7,12,130.7,0.0,23.0,138.02,PayPal,Delayed,Standard,Website,SAVE15,8,4
19427510,638662,2025-08-30,Sports,Cycling Helmet,1,76.22,10,76.22,5.9,13.72,88.22,Credit Card,Delivered,Standard,Marketplace,,5,5
75456775,362615,2025-08-10,Beauty,Makeup Kit,1,59.71,25,59.71,12.9,8.96,66.64,Credit Card,Delivered,Express,Website,VIP20,1,4
88962438,287149,2025-11-27,Beauty,Makeup Kit,1,56.06,26,56.06,5.9,8.3,55.68,Credit Card,Delivered,Standard,Mobile App,,4,3
44030709,839525,2024-05-19,Electronics,Bluetooth Speaker,1,66.59,7,66.59,5.9,12.39,80.22,Apple Pay,Returned,Standard,Mobile App,,6,
48458885,745576,2024-05-05,Books & Office,Monitor Stand,1,43.18,9,43.18,5.9,7.86,53.05,Credit Card,Delivered,Standard,Mobile App,WELCOME10,4,5
24487123,731524,2025-06-02,Fashion,Backpack,1,73.39,2,73.39,12.9,14.38,99.2,Credit Card,Delivered,Express,Website,FREESHIP,1,5
10228648,433309,2025-12-22,Electronics,USB-C Hub,1,48.22,24,48.22,12.9,7.33,56.88,Apple Pay,Delivered,Express,Website,,2,5
80197872,374084,2025-08-16,Beauty,Makeup Kit,1,64.24,25,64.24,12.9,9.64,70.72,Credit Card,Delivered,Express,Website,WELCOME10,2,3
63937416,906510,2025-03-16,Electronics,Bluetooth Speaker,1,67.33,2,67.33,12.9,5.08,83.96,Credit Card,Delivered,Express,Marketplace,FREESHIP,1,4
43554585,681390,2025-12-17,Electronics,Smart Watch,1,141.0,14,141.0,0.0,24.25,145.51,Credit Card,Delivered,Standard,Mobile App,FREESHIP,7,5
91657681,574720,2025-07-25,Books & Office,Notebook Set,1,27.45,9,27.45,5.9,5.0,35.88,Credit Card,Delivered,Standard,Website,WELCOME10,3,4
66716180,550396,2025-12-19,Fashion,Winter Jacket,3,166.31,23,498.93,0.0,76.84,461.02,Bank Transfer,Delivered,Standard,Website,VIP20,6,5
33054311,269867,2025-04-19,Home & Kitchen,Cookware Set,1,166.06,12,166.06,0.0,29.23,175.36,PayPal,Delivered,Standard,Website,,6,4
24399095,900924,2025-08-04,Electronics,Wireless Headphones,2,96.07,15,192.14,0.0,32.66,195.98,Credit Card,Delivered,Standard,Mobile App,SAVE15,6,
73723974,913479,2025-04-04,Books & Office,Office Chair,1,224.28,0,224.28,0.0,44.86,269.14,Bank Transfer,Delivered,Pickup,Website,,2,3
73642208,827812,2025-10-14,Sports,Resistance Bands,1,29.07,10,29.07,12.9,5.23,44.29,Credit Card,Delivered,Express,Mobile App,SAVE15,4,5
22295527,657545,2025-08-26,Beauty,Skin Care Set,3,92.24,2,276.72,0.0,54.24,325.43,PayPal,Delivered,Standard,Mobile App,FREESHIP,4,5
29510497,295940,2025-12-26,Beauty,Perfume,2,93.51,18,187.02,0.0,30.67,184.03,Google Pay,Delivered,Standard,Mobile App,FREESHIP,4,4
42234786,648698,2025-09-03,Sports,Cycling Helmet,1,67.19,5,67.19,12.9,9.57,86.3,Credit Card,Delivered,Express,Marketplace,FREESHIP,1,5
98437588,270734,2025-09-07,Fashion,Backpack,1,76.88,2,76.88,5.9,15.07,96.31,Credit Card,Delivered,Standard,Mobile App,VIP20,6,5
82261962,874848,2025-11-02,Books & Office,Office Chair,2,232.81,19,465.62,0.0,75.43,452.58,Bank Transfer,Delayed,Standard,Mobile App,,7,2
65256534,178261,2025-07-14,Electronics,Mechanical Keyboard,3,92.02,14,276.06,0.0,47.48,284.89,Credit Card,Delivered,Standard,Marketplace,,5,4
11316325,276189,2025-05-28,Sports,Cycling Helmet,1,73.23,5,73.23,12.9,13.91,96.38,Apple Pay,Delayed,Express,Website,VIP20,4,2
16842106,686999,2024-09-14,Electronics,Smart Watch,1,148.42,2,148.42,0.0,29.09,174.54,Apple Pay,Delayed,Standard,Mobile App,WELCOME10,6,2
98603568,498838,2025-08-26,Books & Office,Notebook Set,1,25.96,10,25.96,5.9,4.67,33.93,Google Pay,Delivered,Standard,Mobile App,,3,4
22268701,302949,2025-08-11,Electronics,USB-C Hub,1,41.18,10,41.18,12.9,7.41,57.37,Credit Card,Delivered,Express,Marketplace,,1,4
51663085,729423,2025-10-09,Sports,Fitness Tracker,2,86.61,10,173.22,0.0,31.18,187.08,Credit Card,Delivered,Standard,Marketplace,,6,4
32917993,249796,2025-12-11,Home & Kitchen,Desk Lamp,2,44.06,9,88.12,12.9,16.04,0.0,Credit Card,Cancelled,Express,Mobile App,,,
78533729,236070,2025-10-23,Electronics,Smart Watch,1,135.86,0,135.86,0.0,27.17,163.03,Google Pay,Delivered,Standard,Website,,4,4
19761402,405338,2025-12-10,Home & Kitchen,Air Fryer,2,142.24,19,284.48,12.9,46.09,0.0,Bank Transfer,Cancelled,Express,Mobile App,,,
44291707,949242,2025-06-12,Sports,Resistance Bands,1,31.88,5,31.88,5.9,6.06,42.25,Credit Card,Delivered,Standard,Mobile App,,3,4
44549527,907651,2024-12-20,Home & Kitchen,Cookware Set,2,147.0,9,294.0,0.0,53.51,321.05,Credit Card,Delivered,Standard,Mobile App,WELCOME10,4,4
91505405,119473,2025-07-16,Books & Office,Data Analytics Book,3,39.22,2,117.66,12.9,23.06,151.27,Credit Card,Delivered,Express,Mobile App,VIP20,1,5
22166736,958830,2025-02-17,Home & Kitchen,Air Fryer,2,134.22,20,268.44,0.0,16.54,231.29,Credit Card,Delivered,Standard,Website,SAVE15,6,4
54933263,324931,2024-10-06,Home & Kitchen,Desk Lamp,1,53.7,4,53.7,5.9,3.97,61.42,Google Pay,Delivered,Standard,Mobile App,,6,3
51064953,606428,2025-02-18,Sports,Yoga Mat,1,39.59,17,39.59,5.9,6.57,45.33,Google Pay,Delivered,Standard,Mobile App,SAVE15,4,5
41181949,924659,2024-05-02,Fashion,Cotton Hoodie,1,60.69,7,60.69,12.9,11.29,0.0,Credit Card,Cancelled,Express,Mobile App,FREESHIP,,
15873862,831411,2025-11-07,Electronics,Wireless Headphones,1,91.6,24,91.6,5.9,13.92,89.44,Credit Card,Delivered,Standard,Mobile App,,7,5
18386583,672950,2025-06-11,Fashion,Cotton Hoodie,4,65.02,2,260.08,0.0,50.98,305.86,Apple Pay,Delivered,Standard,Marketplace,WELCOME10,3,4
15560733,499665,2025-06-22,Fashion,Backpack,1,82.12,5,82.12,5.9,15.6,99.51,PayPal,Delivered,Standard,Website,,5,5
61576535,350075,2024-08-08,Fashion,Backpack,2,74.08,2,148.16,0.0,29.04,174.24,Bank Transfer,Delivered,Standard,Website,VIP20,5,4
98329527,672950,2025-06-04,Home & Kitchen,Coffee Maker,3,90.31,12,270.93,0.0,47.68,286.1,PayPal,Delivered,Standard,Website,,4,4
43882612,750478,2025-12-11,Fashion,Winter Jacket,1,193.45,4,193.45,0.0,37.14,222.85,PayPal,Delivered,Standard,Website,VIP20,5,4
44917135,888237,2025-10-31,Fashion,Winter Jacket,1,168.81,7,168.81,0.0,31.4,188.39,Apple Pay,Delivered,Standard,Mobile App,WELCOME10,1,2
11093392,296484,2024-11-04,Electronics,Mechanical Keyboard,1,105.84,14,105.84,5.9,18.2,115.12,Credit Card,Delivered,Standard,Mobile App,SAVE15,7,5
69062417,178261,2025-12-23,Books & Office,Ergonomic Mouse,1,56.05,21,56.05,0.0,8.86,53.14,Bank Transfer,Delivered,Pickup,Website,,1,5
74998023,537368,2025-08-23,Electronics,Smart Watch,1,150.26,25,150.26,0.0,22.54,135.24,Google Pay,Delayed,Standard,Mobile App,SAVE15,8,3
18006750,385849,2025-11-18,Sports,Fitness Tracker,1,97.99,11,97.99,0.0,13.08,100.29,PayPal,Delivered,Pickup,Marketplace,,4,3
38469017,866265,2025-02-21,Beauty,Electric Toothbrush,4,80.2,27,320.8,0.0,46.84,281.02,Credit Card,Delivered,Standard,Marketplace,,4,5
17167323,569244,2025-10-28,Fashion,Winter Jacket,1,167.42,2,167.42,12.9,32.81,209.78,Credit Card,Delivered,Express,Mobile App,VIP20,3,4
74904948,254665,2025-11-30,Beauty,Hair Dryer,2,56.0,29,112.0,12.9,15.9,108.32,Credit Card,Delivered,Express,Website,WELCOME10,1,4
27270194,746011,2025-02-16,Home & Kitchen,Cookware Set,3,179.11,10,537.33,0.0,96.72,580.32,Credit Card,Delivered,Pickup,Website,VIP20,1,5
16700621,565703,2024-02-29,Books & Office,Data Analytics Book,4,37.76,0,151.04,0.0,30.21,181.25,Credit Card,Delivered,Pickup,Mobile App,,1,4
24282267,795593,2025-12-10,Beauty,Makeup Kit,1,55.09,29,55.09,0.0,7.82,46.93,PayPal,Delivered,Pickup,Website,SAVE15,1,4
21106534,230315,2025-06-29,Electronics,Bluetooth Speaker,2,62.32,15,124.64,0.0,21.19,127.13,Credit Card,Delivered,Standard,Website,SAVE15,6,5
27385712,726493,2025-09-18,Beauty,Electric Toothbrush,1,70.7,17,70.7,0.0,4.52,63.2,Apple Pay,Delivered,Pickup,Website,,1,5
67869247,601338,2025-06-21,Beauty,Makeup Kit,2,60.5,0,121.0,0.0,24.2,145.2,Credit Card,Delivered,Standard,Website,,4,4
70194443,627159,2025-10-16,Fashion,Backpack,1,76.56,5,76.56,12.9,14.55,100.18,Credit Card,Delivered,Express,Website,,1,4
96166588,657545,2024-03-11,Electronics,Mechanical Keyboard,1,108.22,12,108.22,5.9,19.05,120.18,Bank Transfer,Delivered,Standard,Mobile App,WELCOME10,6,5
54743356,535113,2025-12-19,Home & Kitchen,Desk Lamp,2,57.71,9,115.42,5.9,21.01,131.94,Google Pay,Delivered,Standard,Marketplace,WELCOME10,5,5
38714584,620936,2025-02-20,Electronics,Mechanical Keyboard,1,121.09,2,121.09,0.0,23.73,142.4,Credit Card,Delivered,Standard,Mobile App,,4,3
89645198,974572,2025-08-06,Home & Kitchen,Coffee Maker,1,105.4,0,105.4,5.9,21.08,132.38,Apple Pay,Delivered,Standard,Website,,5,4
23267530,439102,2025-01-22,Fashion,Running Shoes,2,120.81,9,241.62,12.9,43.97,276.74,Credit Card,Delivered,Express,Mobile App,SAVE15,2,3
96178632,990091,2025-05-03,Beauty,Skin Care Set,1,83.59,0,83.59,12.9,16.72,113.21,Credit Card,Delivered,Express,Website,,1,4
47595259,215222,2024-08-23,Electronics,USB-C Hub,1,49.13,34,49.13,0.0,6.49,38.92,PayPal,Delivered,Pickup,Marketplace,,1,4
37973577,152133,2025-07-31,Home & Kitchen,Air Fryer,3,116.68,12,350.04,0.0,61.61,369.65,PayPal,Delivered,Standard,Mobile App,WELCOME10,4,3
63145274,757665,2024-11-18,Fashion,Backpack,1,74.97,4,74.97,12.9,14.39,99.26,Bank Transfer,Delivered,Express,Website,,1,4
83304968,521348,2025-10-15,Electronics,USB-C Hub,1,49.98,20,49.98,12.9,8.0,60.88,Credit Card,Delivered,Express,Mobile App,FREESHIP,2,4
80053171,447274,2025-04-29,Fashion,Backpack,1,70.97,20,70.97,5.9,11.36,74.04,Bank Transfer,Delivered,Standard,Mobile App,,5,5
60414635,888237,2025-03-24,Fashion,Winter Jacket,2,180.78,17,361.56,0.0,60.02,360.11,Credit Card,Delivered,Pickup,Website,FREESHIP,1,4
15911792,180687,2025-11-05,Books & Office,Data Analytics Book,1,41.91,26,41.91,5.9,6.2,43.11,Credit Card,Delivered,Standard,Mobile App,WELCOME10,3,3
60280704,641029,2025-12-01,Fashion,Backpack,1,85.7,4,85.7,5.9,16.45,104.62,Credit Card,Delayed,Standard,Marketplace,FREESHIP,7,2
26627285,447274,2025-06-12,Home & Kitchen,Blender,3,79.82,0,239.46,0.0,47.89,287.35,Bank Transfer,Delivered,Standard,Website,,3,4
99573111,704405,2025-10-12,Books & Office,Data Analytics Book,1,43.89,30,43.89,12.9,4.61,48.23,Credit Card,Delivered,Express,Website,FREESHIP,4,4
38721595,215222,2024-09-20,Sports,Yoga Mat,2,37.52,29,75.04,5.9,10.66,69.84,PayPal,Delivered,Standard,Mobile App,VIP20,2,4
27002867,478691,2025-11-04,Fashion,Running Shoes,1,112.94,34,112.94,5.9,14.91,95.35,Credit Card,Delivered,Standard,Mobile App,,7,5
39174242,871468,2025-11-25,Fashion,Backpack,1,74.09,9,74.09,5.9,10.11,83.43,Credit Card,Delivered,Standard,Website,,4,4
37058954,319377,2025-08-07,Home & Kitchen,Coffee Maker,3,101.63,4,304.89,0.0,58.54,351.23,Google Pay,Delivered,Standard,Website,,7,3
13442303,791189,2025-12-31,Electronics,Bluetooth Speaker,2,60.75,19,121.5,0.0,19.68,118.09,Credit Card,Delivered,Standard,Mobile App,,4,3
41561305,908200,2025-07-05,Fashion,Winter Jacket,2,204.72,34,409.44,0.0,54.05,324.28,Credit Card,Delivered,Standard,Website,VIP20,4,4
49380211,218341,2025-08-11,Books & Office,Ergonomic Mouse,1,52.55,20,52.55,5.9,8.41,56.35,Credit Card,Delivered,Standard,Website,WELCOME10,6,5
35223580,287149,2025-06-06,Fashion,Classic Jeans,1,69.24,17,69.24,5.9,11.49,74.86,PayPal,Delivered,Standard,Website,,4,4
47026554,468629,2025-10-15,Sports,Resistance Bands,3,31.1,15,93.3,12.9,15.86,108.07,Credit Card,Delivered,Express,Website,VIP20,2,4
49817117,120293,2025-12-02,Books & Office,Notebook Set,1,24.4,24,24.4,5.9,3.71,28.15,Apple Pay,Delivered,Standard,Mobile App,VIP20,4,
78286650,443824,2024-09-25,Electronics,USB-C Hub,1,46.8,29,46.8,5.9,6.65,45.78,Google Pay,Delivered,Standard,Website,FREESHIP,6,5
84241942,995196,2025-06-22,Home & Kitchen,Desk Lamp,1,55.4,2,55.4,5.9,10.86,71.05,Credit Card,Delivered,Standard,Website,FREESHIP,5,5
63326062,564546,2025-07-02,Sports,Dumbbell Set,3,98.67,26,296.01,12.9,32.86,264.81,PayPal,Delivered,Express,Mobile App,FREESHIP,1,4
80828416,471120,2025-11-14,Sports,Fitness Tracker,3,93.55,4,280.65,0.0,53.88,323.3,Credit Card,Delivered,Standard,Website,,3,4
45969251,451365,2025-11-29,Fashion,Backpack,1,86.83,9,86.83,12.9,15.8,107.72,PayPal,Delivered,Express,Mobile App,,2,3
73220015,276189,2025-06-15,Electronics,Mechanical Keyboard,3,92.6,0,277.8,0.0,55.56,0.0,Credit Card,Cancelled,Pickup,Website,,,
29451944,904949,2025-07-17,Books & Office,Monitor Stand,1,47.09,32,47.09,5.9,4.8,0.0,Credit Card,Cancelled,Standard,Website,,,
62764394,489771,2025-06-10,Electronics,Smart Watch,1,148.25,15,148.25,0.0,25.2,151.21,Credit Card,Delivered,Standard,Website,SAVE15,4,5
50526902,229805,2025-07-18,Sports,Fitness Tracker,1,96.12,2,96.12,5.9,18.84,118.94,Apple Pay,Delivered,Standard,Mobile App,FREESHIP,3,3
88994115,888237,2025-07-26,Beauty,Makeup Kit,3,67.38,4,202.14,12.9,38.81,245.76,Credit Card,Delivered,Express,Marketplace,WELCOME10,3,5
22954987,606510,2024-09-21,Beauty,Hair Dryer,1,63.39,22,63.39,12.9,9.89,72.23,Credit Card,Delivered,Express,Website,,3,4
25788431,178407,2025-09-28,Beauty,Skin Care Set,2,84.51,5,169.02,0.0,32.11,192.68,Credit Card,Delivered,Standard,Website,FREESHIP,4,4
84687253,773799,2024-09-22,Beauty,Hair Dryer,2,68.16,5,136.32,12.9,25.9,168.3,Credit Card,Delivered,Express,Marketplace,SAVE15,1,5
53887144,405338,2024-07-22,Sports,Fitness Tracker,3,99.69,17,299.07,0.0,49.65,297.88,Credit Card,Delivered,Standard,Mobile App,VIP20,3,4
90702175,850369,2025-09-23,Fashion,Winter Jacket,1,184.85,5,184.85,12.9,35.12,223.63,Bank Transfer,Delivered,Express,Website,VIP20,3,4
40417701,549554,2025-09-18,Sports,Yoga Mat,2,43.65,9,87.3,5.9,15.89,101.23,Credit Card,Delivered,Standard,Mobile App,,5,5
65160642,445004,2025-07-08,Fashion,Classic Jeans,1,75.96,4,75.96,5.9,14.58,93.4,Apple Pay,Returned,Standard,Website,WELCOME10,6,
47057369,415734,2024-12-13,Electronics,USB-C Hub,1,42.7,34,42.7,5.9,5.64,39.72,PayPal,Delivered,Standard,Mobile App,FREESHIP,6,5
33175989,295623,2025-02-08,Home & Kitchen,Blender,1,89.38,5,89.38,5.9,6.54,97.35,PayPal,Delivered,Standard,Mobile App,SAVE15,5,5
82994049,287149,2025-06-07,Home & Kitchen,Blender,1,82.9,2,82.9,12.9,16.25,110.39,Google Pay,Delivered,Express,Website,,2,3
62003033,547877,2024-12-30,Beauty,Hair Dryer,1,63.07,16,63.07,12.9,10.6,76.48,Google Pay,Delivered,Express,Website,SAVE15,1,4
45185614,350434,2025-12-04,Home & Kitchen,Blender,2,93.59,34,187.18,0.0,24.71,148.25,Credit Card,Delivered,Pickup,Marketplace,,1,5
42628283,796464,2025-09-15,Fashion,Cotton Hoodie,2,55.18,12,110.36,12.9,14.57,124.59,PayPal,Delivered,Express,Mobile App,WELCOME10,3,5
65756743,385226,2025-08-07,Electronics,Wireless Headphones,2,90.32,17,180.64,0.0,29.99,179.92,PayPal,Delayed,Pickup,Marketplace,VIP20,3,3
69091870,645394,2024-12-26,Fashion,Running Shoes,1,127.61,6,127.61,12.9,9.24,142.09,PayPal,Delivered,Express,Mobile App,SAVE15,2,
75167065,760293,2025-09-18,Books & Office,Office Chair,2,205.9,24,411.8,0.0,62.59,375.56,Credit Card,Delivered,Standard,Website,,5,4
53314594,412096,2025-08-03,Beauty,Perfume,3,85.76,5,257.28,0.0,48.88,293.3,Credit Card,Delivered,Pickup,Website,,1,5
66158580,791789,2024-01-01,Home & Kitchen,Blender,1,86.11,14,86.11,5.9,14.81,94.76,Credit Card,Delivered,Standard,Website,WELCOME10,4,4
69136032,917094,2024-06-27,Sports,Fitness Tracker,3,91.12,24,273.36,12.9,41.55,262.2,Credit Card,Delivered,Express,Website,WELCOME10,2,3
62772275,867969,2025-07-15,Beauty,Electric Toothbrush,1,86.66,26,86.66,0.0,12.83,76.96,Apple Pay,Delivered,Pickup,Mobile App,,1,5
69592225,527499,2025-04-28,Home & Kitchen,Air Fryer,3,137.97,10,413.91,12.9,74.5,459.92,Apple Pay,Delivered,Express,Mobile App,,2,4
61489175,394629,2025-03-27,Electronics,Bluetooth Speaker,2,69.34,10,138.68,0.0,24.96,149.77,Credit Card,Delivered,Standard,Mobile App,,6,3
21692867,445918,2025-09-26,Books & Office,Ergonomic Mouse,1,58.14,2,58.14,5.9,11.4,74.28,Apple Pay,Delivered,Standard,Website,,3,4
14977769,982524,2025-03-28,Beauty,Skin Care Set,1,86.5,17,86.5,12.9,10.77,95.46,Credit Card,Delivered,Express,Mobile App,WELCOME10,1,3
19643115,225018,2024-12-04,Fashion,Winter Jacket,1,205.86,19,205.86,0.0,33.35,200.1,Credit Card,Returned,Standard,Mobile App,WELCOME10,4,
36567738,287149,2025-06-30,Books & Office,Ergonomic Mouse,2,60.31,17,120.62,0.0,20.02,120.13,Google Pay,Delivered,Pickup,Mobile App,WELCOME10,2,5
29991187,999021,2025-11-22,Fashion,Backpack,1,88.31,16,88.31,12.9,14.84,101.92,PayPal,Delivered,Express,Mobile App,WELCOME10,5,4
54694433,796464,2025-05-20,Beauty,Perfume,3,107.74,2,323.22,12.9,47.51,377.17,PayPal,Delivered,Express,Website,SAVE15,1,4
80521431,450952,2025-05-17,Home & Kitchen,Cookware Set,2,156.55,20,313.1,12.9,50.1,313.48,PayPal,Delivered,Express,Website,VIP20,3,5
63045475,951634,2025-09-02,Sports,Fitness Tracker,1,93.33,19,93.33,0.0,15.12,90.72,Bank Transfer,Delivered,Pickup,Mobile App,,1,3
65073934,444949,2024-11-24,Sports,Fitness Tracker,1,92.51,6,92.51,5.9,17.39,0.0,Google Pay,Cancelled,Standard,Website,,,
74049912,110649,2025-12-28,Electronics,Wireless Headphones,1,75.78,9,75.78,5.9,5.31,80.17,Google Pay,Delivered,Standard,Marketplace,WELCOME10,4,4
18093531,481750,2025-12-21,Beauty,Makeup Kit,2,60.1,14,120.2,0.0,20.67,124.04,Apple Pay,Returned,Standard,Website,VIP20,5,
70118256,564546,2025-09-22,Electronics,Wireless Headphones,1,83.16,24,83.16,5.9,9.48,78.58,PayPal,Delivered,Standard,Mobile App,WELCOME10,5,5
31903936,467610,2025-05-24,Electronics,USB-C Hub,3,46.57,7,139.71,0.0,19.49,149.42,Credit Card,Delivered,Standard,Website,FREESHIP,4,5
77799842,391759,2025-04-07,Sports,Yoga Mat,2,38.26,17,76.52,5.9,9.53,78.94,Credit Card,Delivered,Standard,Website,,5,5
66138765,565703,2024-05-04,Electronics,Mechanical Keyboard,1,107.17,10,107.17,5.9,19.29,121.64,Bank Transfer,Delivered,Standard,Marketplace,,4,4
95226926,225018,2024-10-20,Beauty,Hair Dryer,2,56.29,0,112.58,5.9,22.52,141.0,Apple Pay,Delivered,Standard,Mobile App,,5,5
41833877,104428,2025-06-23,Fashion,Classic Jeans,3,80.71,2,242.13,0.0,47.46,284.75,Apple Pay,Delivered,Pickup,Website,VIP20,1,4
64353728,394335,2025-07-15,Fashion,Running Shoes,1,103.17,24,103.17,5.9,15.68,99.99,Apple Pay,Delivered,Standard,Website,FREESHIP,5,3
99917575,900129,2025-12-31,Beauty,Skin Care Set,3,84.64,9,253.92,0.0,46.21,277.28,Credit Card,Delivered,Standard,Mobile App,VIP20,2,3
46569830,302694,2025-12-18,Sports,Dumbbell Set,2,119.22,34,238.44,0.0,31.47,188.84,Google Pay,Delivered,Standard,Mobile App,,4,5
52047045,974572,2025-08-20,Beauty,Makeup Kit,1,57.11,30,57.11,12.9,8.0,60.88,Bank Transfer,Delivered,Express,Website,VIP20,2,4
53683863,865030,2025-12-31,Home & Kitchen,Coffee Maker,1,87.07,4,87.07,5.9,16.72,106.21,Credit Card,Delivered,Standard,Website,,2,4
79648495,302877,2025-08-31,Home & Kitchen,Coffee Maker,1,92.45,20,92.45,5.9,14.79,94.65,Bank Transfer,Delivered,Standard,Mobile App,,5,5
25254667,250538,2025-12-07,Electronics,Smart Watch,3,163.7,21,491.1,0.0,77.59,465.56,PayPal,Delivered,Standard,Mobile App,VIP20,7,5
19282903,146198,2024-09-04,Fashion,Running Shoes,3,100.27,4,300.81,0.0,57.76,346.54,Credit Card,Delivered,Standard,Marketplace,,5,3
93835794,243318,2025-12-02,Fashion,Classic Jeans,1,65.66,28,65.66,5.9,9.46,62.64,Apple Pay,Delivered,Standard,Website,,1,5
89003228,866265,2025-01-18,Beauty,Hair Dryer,3,61.46,14,184.38,0.0,31.71,190.28,Bank Transfer,Delivered,Standard,Mobile App,,5,4
39847843,626632,2025-10-05,Fashion,Winter Jacket,4,175.48,12,701.92,12.9,123.54,754.13,Credit Card,Delayed,Express,Marketplace,,5,3
46379185,892918,2025-03-13,Beauty,Perfume,1,95.23,24,95.23,5.9,14.47,92.74,Bank Transfer,Delayed,Standard,Mobile App,,7,4
79792433,798789,2025-12-13,Beauty,Electric Toothbrush,1,66.03,14,66.03,5.9,11.36,74.05,Credit Card,Delivered,Standard,Mobile App,VIP20,6,5
64567183,900924,2025-10-16,Home & Kitchen,Blender,1,92.46,15,92.46,5.9,15.72,100.21,Google Pay,Returned,Standard,Mobile App,WELCOME10,4,
41805619,889635,2025-04-18,Books & Office,Ergonomic Mouse,1,52.02,22,52.02,0.0,8.12,48.7,PayPal,Delivered,Pickup,Mobile App,,1,4
38987151,914638,2025-07-12,Fashion,Running Shoes,1,94.27,29,94.27,12.9,13.39,0.0,Apple Pay,Cancelled,Express,Website,,,
88367367,511732,2025-05-07,Fashion,Classic Jeans,1,64.7,12,64.7,12.9,11.39,81.23,Bank Transfer,Delayed,Express,Website,,4,4
32271553,587971,2025-05-24,Home & Kitchen,Blender,4,74.23,0,296.92,12.9,59.38,369.2,Credit Card,Delivered,Express,Website,,2,5
88586542,100813,2025-12-29,Home & Kitchen,Coffee Maker,2,101.1,4,202.2,12.9,38.82,245.83,Credit Card,Delivered,Express,Mobile App,,1,5
56380075,180406,2025-06-06,Fashion,Cotton Hoodie,3,57.61,4,172.83,0.0,33.18,199.1,Credit Card,Delivered,Standard,Website,WELCOME10,5,5
66864578,452641,2025-07-07,Home & Kitchen,Air Fryer,1,124.44,4,124.44,12.9,23.89,156.25,Credit Card,Delivered,Express,Website,SAVE15,1,4
15290943,443824,2024-07-04,Sports,Cycling Helmet,1,79.39,21,79.39,12.9,12.54,88.16,Credit Card,Delivered,Express,Marketplace,FREESHIP,1,5
54953823,178261,2025-11-01,Electronics,Smart Watch,1,150.98,6,150.98,0.0,28.38,170.3,Credit Card,Delivered,Standard,Website,SAVE15,5,4
14400306,935758,2025-08-10,Electronics,USB-C Hub,2,49.05,9,98.1,5.9,17.85,113.02,Credit Card,Returned,Standard,Mobile App,VIP20,4,
79311339,233651,2025-10-12,Fashion,Backpack,1,72.72,5,72.72,5.9,13.82,88.8,PayPal,Returned,Standard,Mobile App,FREESHIP,4,
52916953,838716,2025-06-22,Home & Kitchen,Cookware Set,2,138.85,10,277.7,0.0,49.99,299.92,Apple Pay,Delivered,Standard,Marketplace,,4,5
15562167,295940,2025-05-24,Electronics,Mechanical Keyboard,1,105.84,4,105.84,5.9,20.32,127.83,Credit Card,Delivered,Standard,Marketplace,,4,5
36706675,547877,2024-03-23,Books & Office,Office Chair,1,205.31,12,205.31,0.0,36.13,216.8,Credit Card,Delivered,Standard,Mobile App,,2,4
24866124,549554,2024-03-26,Books & Office,Monitor Stand,1,49.12,19,49.12,5.9,7.96,53.65,PayPal,Delivered,Standard,Website,,3,4
84700990,781848,2024-11-15,Beauty,Hair Dryer,1,63.35,6,63.35,0.0,4.59,64.14,Apple Pay,Delivered,Pickup,Mobile App,,1,3
74548005,451365,2025-10-10,Electronics,Wireless Headphones,2,102.77,25,205.54,0.0,30.83,0.0,PayPal,Cancelled,Standard,Website,,,
95188064,443824,2025-11-28,Fashion,Cotton Hoodie,1,60.42,8,60.42,5.9,11.12,72.61,Credit Card,Delivered,Standard,Website,WELCOME10,3,4
32398573,549554,2025-11-16,Home & Kitchen,Blender,1,85.72,18,85.72,12.9,14.06,97.25,Credit Card,Delivered,Express,Website,SAVE15,1,5
28079311,100813,2025-07-28,Fashion,Cotton Hoodie,4,63.23,22,252.92,12.9,39.46,249.64,Apple Pay,Delivered,Express,Mobile App,,2,4
19054569,238013,2025-12-31,Home & Kitchen,Desk Lamp,1,57.55,19,57.55,5.9,9.32,61.84,PayPal,Delivered,Standard,Website,WELCOME10,5,4
83454251,358151,2025-10-31,Fashion,Backpack,2,63.19,4,126.38,0.0,24.26,145.58,Google Pay,Delivered,Standard,Mobile App,SAVE15,3,4
66105414,232347,2025-03-30,Electronics,Bluetooth Speaker,1,67.45,9,67.45,5.9,12.28,79.56,Credit Card,Delivered,Standard,Mobile App,WELCOME10,2,5
80525476,773617,2025-01-21,Sports,Dumbbell Set,1,131.36,12,131.36,0.0,17.34,0.0,Bank Transfer,Cancelled,Standard,Marketplace,VIP20,,
45639299,419246,2025-10-01,Electronics,Mechanical Keyboard,1,109.54,0,109.54,0.0,21.91,131.45,Google Pay,Delivered,Pickup,Website,,1,4
30192691,167359,2025-08-13,Home & Kitchen,Desk Lamp,5,47.93,4,239.65,0.0,46.01,276.07,Google Pay,Delivered,Standard,Website,WELCOME10,3,3
13837384,225761,2025-01-26,Electronics,USB-C Hub,2,46.72,21,93.44,0.0,14.76,88.58,Apple Pay,Delivered,Pickup,Website,,1,5
23303712,178261,2025-12-08,Electronics,Wireless Headphones,1,101.76,16,101.76,5.9,17.1,108.48,Credit Card,Delivered,Standard,Mobile App,,5,4
95421634,990071,2025-01-24,Fashion,Backpack,2,80.66,2,161.32,0.0,31.62,189.71,Credit Card,Delivered,Standard,Mobile App,SAVE15,5,5
49297924,445004,2025-08-12,Home & Kitchen,Blender,1,93.99,7,93.99,12.9,17.48,117.79,PayPal,Delivered,Express,Mobile App,WELCOME10,1,5
96869187,291896,2025-05-05,Fashion,Classic Jeans,1,66.29,2,66.29,12.9,12.99,90.85,Google Pay,Delayed,Express,Website,VIP20,4,3
97408103,298043,2025-04-10,Electronics,Smart Watch,1,149.2,5,149.2,0.0,28.35,170.09,Google Pay,Delivered,Pickup,Mobile App,SAVE15,1,4
42575888,900924,2025-05-11,Beauty,Perfume,1,98.49,15,98.49,5.9,16.74,106.36,Apple Pay,Delivered,Standard,Marketplace,WELCOME10,5,5
64309900,912428,2024-07-26,Electronics,Wireless Headphones,2,91.69,31,183.38,0.0,25.31,151.84,PayPal,Delivered,Standard,Mobile App,,4,4
57649313,433309,2025-12-18,Fashion,Running Shoes,1,107.52,14,107.52,5.9,18.49,116.86,Credit Card,Delivered,Standard,Website,,3,5
78410205,329367,2025-12-15,Home & Kitchen,Cookware Set,1,177.56,16,177.56,12.9,22.37,184.42,Credit Card,Delivered,Express,Website,,3,5
46081999,912428,2025-06-06,Beauty,Perfume,1,103.14,24,103.14,12.9,15.68,106.97,Credit Card,Delivered,Express,Mobile App,,2,3
90365725,672950,2025-02-16,Electronics,Mechanical Keyboard,2,95.01,2,190.02,0.0,37.24,223.46,Credit Card,Delivered,Pickup,Mobile App,,2,4
12015723,889635,2025-05-28,Home & Kitchen,Air Fryer,1,130.34,17,130.34,0.0,21.64,129.82,Google Pay,Delivered,Standard,Mobile App,FREESHIP,3,5
19928803,672950,2025-09-04,Fashion,Winter Jacket,1,189.38,2,189.38,0.0,37.12,222.71,PayPal,Delivered,Pickup,Marketplace,,2,4
50059926,412156,2025-03-05,Electronics,Wireless Headphones,1,79.49,0,79.49,5.9,15.9,101.29,Credit Card,Delivered,Standard,Website,,6,5
26549814,588766,2025-01-25,Sports,Dumbbell Set,1,108.46,22,108.46,12.9,16.92,114.42,Credit Card,Delivered,Express,Website,VIP20,1,5
87022863,953413,2025-10-04,Books & Office,Monitor Stand,2,40.4,9,80.8,5.9,14.71,94.14,Credit Card,Delivered,Standard,Mobile App,,4,5
23123887,711699,2025-03-13,Electronics,USB-C Hub,2,48.39,25,96.78,5.9,5.59,84.07,Credit Card,Delivered,Standard,Mobile App,WELCOME10,4,4
49325662,990071,2025-06-18,Beauty,Skin Care Set,1,85.26,0,85.26,5.9,17.05,108.21,PayPal,Delivered,Standard,Website,,3,4
90684580,451365,2025-08-23,Fashion,Cotton Hoodie,1,65.35,30,65.35,5.9,9.15,60.8,Google Pay,Delivered,Standard,Website,,4,4
99157350,385304,2025-11-29,Beauty,Perfume,3,94.62,26,283.86,0.0,42.01,252.07,Credit Card,Delivered,Standard,Mobile App,,4,4
36911721,131288,2024-06-23,Books & Office,Data Analytics Book,2,38.72,22,77.44,12.9,12.08,85.38,Bank Transfer,Delivered,Express,Mobile App,,2,5
60513867,773799,2025-03-15,Home & Kitchen,Coffee Maker,5,87.42,10,437.1,0.0,78.68,472.07,Credit Card,Delivered,Pickup,Website,VIP20,1,5
35655793,650860,2025-08-03,Books & Office,Notebook Set,1,24.19,10,24.19,5.9,4.35,32.02,Bank Transfer,Delivered,Standard,Mobile App,FREESHIP,3,4
57249198,888237,2025-06-17,Beauty,Perfume,1,94.75,12,94.75,5.9,16.68,105.96,Apple Pay,Delivered,Standard,Website,,4,4
70768861,343327,2025-12-17,Home & Kitchen,Coffee Maker,1,101.62,4,101.62,5.9,19.51,122.97,PayPal,Delivered,Standard,Website,FREESHIP,5,
31925493,807398,2025-09-11,Electronics,USB-C Hub,1,41.8,10,41.8,5.9,7.52,51.04,Credit Card,Delivered,Standard,Mobile App,WELCOME10,6,5
21234674,791320,2025-01-15,Sports,Fitness Tracker,3,107.65,4,322.95,0.0,62.01,372.04,Credit Card,Delayed,Standard,Website,VIP20,5,3
57620437,497108,2025-06-01,Books & Office,Data Analytics Book,1,39.54,10,39.54,12.9,7.12,55.61,Bank Transfer,Delayed,Express,Website,SAVE15,4,3
81039193,828973,2025-12-14,Books & Office,Office Chair,1,204.49,9,204.49,0.0,37.22,223.31,Credit Card,Delivered,Standard,Website,VIP20,3,4
30240452,617166,2024-12-27,Electronics,USB-C Hub,2,46.77,24,93.54,5.9,14.22,91.21,Credit Card,Delivered,Standard,Mobile App,,3,5
23544351,286370,2025-06-02,Fashion,Cotton Hoodie,1,74.62,5,74.62,5.9,10.63,87.42,Google Pay,Delivered,Standard,Mobile App,,4,5
86352783,958830,2025-08-06,Sports,Cycling Helmet,1,61.89,15,61.89,5.9,4.05,62.56,Apple Pay,Delivered,Standard,Mobile App,,3,3
46395655,658396,2025-07-26,Home & Kitchen,Coffee Maker,1,97.78,17,97.78,12.9,16.23,110.29,Credit Card,Delivered,Express,Marketplace,WELCOME10,1,5
40799819,358151,2025-06-24,Electronics,Wireless Headphones,2,84.36,14,168.72,0.0,29.02,174.12,Credit Card,Delayed,Standard,Website,WELCOME10,7,3
68112775,286983,2024-12-15,Sports,Fitness Tracker,1,103.37,11,103.37,5.9,18.4,116.3,PayPal,Delivered,Standard,Marketplace,VIP20,5,5
88930580,746525,2025-12-07,Books & Office,Ergonomic Mouse,2,57.15,4,114.3,5.9,21.95,137.58,Google Pay,Delivered,Standard,Mobile App,,6,4
60283406,443824,2024-04-20,Beauty,Perfume,1,103.5,14,103.5,5.9,17.8,112.71,Credit Card,Delivered,Standard,Website,FREESHIP,3,4
45613877,438556,2025-08-04,Fashion,Winter Jacket,2,190.62,5,381.24,0.0,72.44,434.62,Apple Pay,Delivered,Pickup,Website,,1,5
13084835,866265,2025-09-16,Home & Kitchen,Coffee Maker,1,93.95,12,93.95,5.9,16.54,105.12,PayPal,Delivered,Standard,Marketplace,,4,5
59682275,999634,2025-06-16,Beauty,Skin Care Set,1,94.62,0,94.62,5.9,18.92,119.44,Google Pay,Delivered,Standard,Website,,4,5
50945765,543532,2024-11-15,Beauty,Perfume,1,107.53,11,107.53,5.9,7.37,108.97,Bank Transfer,Delivered,Standard,Mobile App,SAVE15,5,4
70835939,453744,2025-10-25,Electronics,USB-C Hub,1,44.48,20,44.48,5.9,7.12,48.6,PayPal,Delivered,Standard,Mobile App,WELCOME10,5,4
71708439,688526,2025-09-04,Books & Office,Data Analytics Book,1,41.67,15,41.67,5.9,7.08,48.4,Google Pay,Returned,Standard,Mobile App,,3,
23998759,748246,2025-10-26,Sports,Dumbbell Set,1,122.53,5,122.53,12.9,23.28,152.58,Bank Transfer,Delivered,Express,Marketplace,VIP20,2,3
93323414,355481,2025-02-24,Beauty,Skin Care Set,1,81.3,15,81.3,12.9,13.82,95.82,Credit Card,Delivered,Express,Website,,1,4
73014628,358151,2024-08-25,Home & Kitchen,Cookware Set,2,166.09,14,332.18,12.9,57.13,355.7,Bank Transfer,Delivered,Express,Mobile App,VIP20,1,5
90390020,252422,2024-11-29,Home & Kitchen,Desk Lamp,1,47.0,28,47.0,12.9,6.77,53.51,Google Pay,Delivered,Express,Website,,1,3
93335449,864761,2025-03-09,Electronics,Bluetooth Speaker,1,66.42,2,66.42,5.9,13.02,84.01,PayPal,Delivered,Standard,Mobile App,,6,4
43630440,451365,2025-09-14,Fashion,Cotton Hoodie,1,65.4,5,65.4,5.9,12.43,80.46,Credit Card,Delayed,Standard,Mobile App,SAVE15,8,2
80201807,311826,2024-11-23,Fashion,Backpack,1,69.24,4,69.24,5.9,13.29,85.66,Google Pay,Delivered,Standard,Website,SAVE15,4,
88070325,527499,2025-11-23,Fashion,Winter Jacket,1,150.59,14,150.59,12.9,25.9,168.31,Bank Transfer,Delivered,Express,Marketplace,SAVE15,1,4
29519955,656035,2025-11-29,Sports,Resistance Bands,1,31.39,4,31.39,0.0,6.03,36.16,Credit Card,Delayed,Pickup,Mobile App,SAVE15,2,4
69503371,821516,2025-01-06,Electronics,Wireless Headphones,1,91.13,11,91.13,5.9,16.22,103.23,Apple Pay,Delivered,Standard,Marketplace,VIP20,5,5
34679997,736777,2025-11-17,Electronics,Wireless Headphones,1,77.37,4,77.37,5.9,14.86,95.04,Credit Card,Delivered,Standard,Website,VIP20,4,4
17783424,747145,2025-08-13,Electronics,USB-C Hub,1,38.0,5,38.0,12.9,7.22,56.22,Google Pay,Delivered,Express,Marketplace,,1,5
63174426,358151,2024-11-08,Electronics,USB-C Hub,1,49.9,18,49.9,5.9,8.18,55.0,Apple Pay,Delayed,Standard,Mobile App,,9,2
69191761,778915,2025-12-08,Home & Kitchen,Coffee Maker,2,87.27,16,174.54,0.0,29.32,175.93,PayPal,Delivered,Standard,Mobile App,,6,4
53658275,114582,2025-06-08,Electronics,Wireless Headphones,2,73.08,7,146.16,12.9,27.19,176.02,Bank Transfer,Delivered,Express,Website,FREESHIP,1,5
10209457,487033,2025-02-27,Sports,Dumbbell Set,4,116.78,0,467.12,0.0,93.42,560.54,Bank Transfer,Delivered,Pickup,Mobile App,,1,4
42391974,847964,2025-08-31,Beauty,Perfume,1,93.61,0,93.61,0.0,18.72,112.33,PayPal,Delivered,Pickup,Mobile App,,2,4
70673640,234791,2025-12-08,Home & Kitchen,Cookware Set,1,172.2,14,172.2,0.0,29.62,177.71,Credit Card,Delivered,Standard,Website,FREESHIP,3,5
16919712,657545,2025-01-04,Fashion,Cotton Hoodie,1,65.33,9,65.33,5.9,11.89,77.24,Google Pay,Delivered,Standard,Mobile App,,3,4
90388615,565703,2024-07-09,Sports,Cycling Helmet,5,71.62,12,358.1,0.0,63.03,378.16,Credit Card,Delivered,Standard,Website,WELCOME10,3,3
10401446,225761,2024-05-20,Electronics,Bluetooth Speaker,2,76.71,19,153.42,0.0,24.85,149.12,Credit Card,Delayed,Standard,Mobile App,,8,3
90171617,662484,2024-12-06,Electronics,Mechanical Keyboard,2,96.24,6,192.48,12.9,36.19,230.02,Credit Card,Delivered,Express,Website,,1,4
62034836,550396,2025-10-29,Books & Office,Monitor Stand,1,43.31,24,43.31,0.0,6.58,0.0,Google Pay,Cancelled,Pickup,Website,,,
29895692,215222,2024-06-07,Beauty,Hair Dryer,3,57.37,4,172.11,0.0,33.05,198.28,Google Pay,Delayed,Standard,Mobile App,VIP20,8,3
37177310,215775,2025-12-15,Beauty,Makeup Kit,3,61.0,19,183.0,0.0,29.65,177.88,Credit Card,Delayed,Standard,Mobile App,,6,3
95474332,889635,2025-08-01,Beauty,Skin Care Set,2,81.56,27,163.12,0.0,23.82,142.9,PayPal,Delivered,Standard,Website,,5,4
78664936,874848,2025-08-16,Fashion,Cotton Hoodie,1,65.19,10,65.19,12.9,11.73,83.3,Apple Pay,Delivered,Express,Website,,2,5
78212706,552681,2024-12-01,Fashion,Running Shoes,1,97.51,4,97.51,5.9,7.21,106.72,Bank Transfer,Returned,Standard,Mobile App,WELCOME10,4,
48833407,374084,2024-07-21,Home & Kitchen,Coffee Maker,4,98.96,2,395.84,12.9,77.58,478.4,PayPal,Delivered,Express,Website,,2,4
13940407,218735,2025-07-20,Books & Office,Office Chair,2,218.78,9,437.56,0.0,59.73,457.91,Credit Card,Delivered,Standard,Website,VIP20,4,5
37741468,597105,2025-07-17,Electronics,Smart Watch,1,132.68,24,132.68,0.0,20.17,121.01,Credit Card,Delivered,Standard,Mobile App,WELCOME10,6,4
25193333,657891,2025-10-22,Electronics,Mechanical Keyboard,1,102.58,7,102.58,5.9,14.31,115.61,Google Pay,Delivered,Standard,Mobile App,,4,4
83172406,433309,2025-12-29,Home & Kitchen,Coffee Maker,3,83.76,9,251.28,12.9,45.73,287.29,Credit Card,Delivered,Express,Mobile App,,1,4
31111980,433309,2025-12-28,Fashion,Winter Jacket,2,192.78,19,385.56,0.0,62.46,374.76,PayPal,Delivered,Standard,Mobile App,FREESHIP,5,3
99831828,859385,2025-09-21,Beauty,Hair Dryer,1,64.85,0,64.85,5.9,12.97,83.72,Credit Card,Delivered,Standard,Website,,5,5
24219585,443824,2024-05-31,Electronics,Smart Watch,1,134.68,19,134.68,0.0,21.82,130.91,PayPal,Delivered,Pickup,Marketplace,FREESHIP,1,5
69665350,674593,2025-11-26,Electronics,Mechanical Keyboard,1,102.45,21,102.45,0.0,16.19,97.13,Credit Card,Delivered,Pickup,Website,,1,4
45987626,645394,2025-07-02,Fashion,Classic Jeans,2,66.03,14,132.06,0.0,8.74,122.31,Credit Card,Delivered,Standard,Website,,5,5
12760665,548453,2024-09-14,Fashion,Backpack,1,82.1,22,82.1,5.9,12.81,82.75,Credit Card,Delivered,Standard,Website,,4,5
47238650,900924,2025-01-19,Home & Kitchen,Air Fryer,3,148.87,7,446.61,0.0,83.07,498.42,PayPal,Delivered,Standard,Mobile App,SAVE15,4,5
83663268,358151,2025-02-07,Electronics,Wireless Headphones,3,98.22,19,294.66,0.0,47.73,286.4,Credit Card,Delayed,Standard,Website,,9,4
25246620,467610,2025-07-01,Electronics,Wireless Headphones,2,90.49,24,180.98,0.0,20.63,158.17,PayPal,Delivered,Standard,Marketplace,FREESHIP,6,4
52211916,883140,2024-09-30,Books & Office,Monitor Stand,1,53.61,12,53.61,0.0,9.44,56.62,Google Pay,Delivered,Pickup,Mobile App,,1,4
84207496,394335,2025-11-11,Fashion,Winter Jacket,1,176.86,11,176.86,0.0,31.48,188.89,Google Pay,Delivered,Standard,Website,,5,5
71153663,604512,2025-11-21,Beauty,Makeup Kit,2,52.07,34,104.14,5.9,13.75,88.38,Bank Transfer,Delivered,Standard,Website,,5,4
82179410,412752,2025-06-28,Electronics,Wireless Headphones,3,88.31,10,264.93,0.0,47.69,286.13,PayPal,Delivered,Standard,Marketplace,WELCOME10,4,5
78222921,731524,2025-02-05,Fashion,Winter Jacket,3,177.22,12,531.66,0.0,93.57,561.43,Bank Transfer,Delivered,Pickup,Mobile App,,1,2
89955564,350075,2024-10-22,Books & Office,Ergonomic Mouse,1,52.96,32,52.96,5.9,7.2,49.11,Credit Card,Delivered,Standard,Marketplace,WELCOME10,5,5
87115594,243925,2024-11-02,Electronics,Wireless Headphones,1,92.02,6,92.02,12.9,17.3,116.7,Google Pay,Delivered,Express,Marketplace,VIP20,1,5
22647726,815011,2025-11-16,Fashion,Running Shoes,1,92.66,9,92.66,12.9,16.86,114.08,Credit Card,Delivered,Express,Website,,2,5
89762765,476735,2024-08-19,Electronics,USB-C Hub,2,51.13,27,102.26,12.9,11.2,0.0,PayPal,Cancelled,Express,Marketplace,,,
93485936,617166,2025-12-30,Books & Office,Ergonomic Mouse,1,52.97,24,52.97,12.9,8.05,61.21,PayPal,Delivered,Express,Website,VIP20,3,4
54647139,264538,2025-03-28,Books & Office,Office Chair,2,199.71,5,399.42,0.0,75.89,455.34,Credit Card,Delivered,Pickup,Website,FREESHIP,1,4
72721212,282434,2025-08-02,Books & Office,Data Analytics Book,1,38.6,17,38.6,5.9,6.41,44.35,Credit Card,Delivered,Standard,Website,SAVE15,3,4
58140121,478222,2025-06-19,Books & Office,Data Analytics Book,1,42.52,7,42.52,12.9,7.91,60.35,Credit Card,Delivered,Express,Mobile App,FREESHIP,2,4
51732484,828973,2025-06-05,Electronics,Smart Watch,1,164.64,0,164.64,0.0,32.93,197.57,Credit Card,Delivered,Standard,Website,,4,5
53858115,178261,2025-11-18,Fashion,Running Shoes,2,120.8,6,241.6,12.9,45.42,285.42,Apple Pay,Delivered,Express,Mobile App,FREESHIP,1,5
88306085,239214,2024-12-11,Sports,Yoga Mat,1,39.78,19,39.78,5.9,6.44,44.56,Apple Pay,Delivered,Standard,Website,VIP20,5,5
41782626,497108,2025-11-22,Beauty,Skin Care Set,1,88.06,14,88.06,5.9,15.15,96.78,Credit Card,Delivered,Standard,Marketplace,,4,3
61607873,848223,2025-08-31,Sports,Resistance Bands,4,30.46,7,121.84,0.0,22.66,135.97,Apple Pay,Delivered,Standard,Mobile App,,4,4
34540851,684762,2025-10-04,Home & Kitchen,Coffee Maker,1,98.08,2,98.08,5.9,19.22,121.24,Credit Card,Returned,Standard,Mobile App,,5,
76474814,889635,2025-12-13,Beauty,Hair Dryer,3,69.41,6,208.23,12.9,39.15,247.79,Bank Transfer,Delivered,Express,Mobile App,,1,5
34274075,920398,2025-12-30,Books & Office,Ergonomic Mouse,4,51.93,24,207.72,0.0,31.57,189.44,Credit Card,Delivered,Standard,Website,VIP20,3,4
52511475,871468,2025-04-17,Books & Office,Data Analytics Book,1,39.91,0,39.91,12.9,5.99,58.8,Credit Card,Delayed,Express,Website,,6,3
64788385,286983,2025-07-17,Books & Office,Ergonomic Mouse,2,57.46,4,114.92,5.9,22.06,138.28,PayPal,Delivered,Standard,Mobile App,FREESHIP,5,5
76750701,422472,2025-12-29,Home & Kitchen,Desk Lamp,5,62.87,6,314.35,0.0,59.1,354.59,Credit Card,Delivered,Pickup,Mobile App,VIP20,1,5
17146084,877546,2024-04-19,Electronics,Wireless Headphones,2,89.69,12,179.38,0.0,31.57,189.42,PayPal,Delivered,Pickup,Mobile App,VIP20,1,2
49926018,439102,2025-06-06,Electronics,Mechanical Keyboard,1,109.98,12,109.98,5.9,19.36,122.04,Bank Transfer,Delivered,Standard,Mobile App,,5,5
17188431,250538,2025-07-29,Electronics,Mechanical Keyboard,2,107.68,14,215.36,0.0,37.04,222.25,Google Pay,Delayed,Standard,Mobile App,,9,4
43153419,272038,2025-03-01,Home & Kitchen,Coffee Maker,3,100.05,0,300.15,12.9,60.03,373.08,Credit Card,Delivered,Express,Mobile App,,1,4
41618868,478222,2025-11-28,Electronics,USB-C Hub,2,46.9,16,93.8,5.9,15.76,100.45,Credit Card,Delivered,Standard,Mobile App,SAVE15,6,4
56383215,874948,2025-05-20,Sports,Cycling Helmet,2,83.66,22,167.32,12.9,26.1,169.51,PayPal,Delivered,Express,Mobile App,VIP20,2,4
90452559,270244,2025-12-22,Fashion,Backpack,1,84.28,24,84.28,12.9,12.81,0.0,Bank Transfer,Cancelled,Express,Website,FREESHIP,,
60963560,319377,2024-10-11,Beauty,Makeup Kit,3,60.21,19,180.63,0.0,29.26,175.57,Credit Card,Delayed,Standard,Website,WELCOME10,8,3
74772076,791189,2025-12-31,Electronics,Smart Watch,1,148.61,14,148.61,0.0,25.56,153.36,Credit Card,Delivered,Standard,Mobile App,VIP20,3,5
40940776,656035,2024-06-26,Sports,Dumbbell Set,1,126.55,0,126.55,0.0,25.31,151.86,Credit Card,Delivered,Standard,Mobile App,,4,5
99838486,900924,2025-11-14,Fashion,Backpack,1,73.55,19,73.55,5.9,11.92,77.4,PayPal,Delivered,Standard,Marketplace,VIP20,6,4
43722252,681133,2025-07-14,Books & Office,Notebook Set,1,22.08,19,22.08,0.0,2.68,20.56,PayPal,Delayed,Pickup,Website,,4,3
31980198,767194,2025-08-03,Fashion,Classic Jeans,1,62.84,15,62.84,0.0,8.01,61.42,Credit Card,Delivered,Pickup,Mobile App,,1,4
15668521,565703,2024-04-02,Sports,Dumbbell Set,1,116.6,0,116.6,12.9,23.32,152.82,Credit Card,Delivered,Express,Website,,1,4
58843588,215222,2025-01-01,Fashion,Classic Jeans,4,66.59,6,266.36,0.0,50.08,300.46,Credit Card,Returned,Pickup,Website,VIP20,1,
20255434,757665,2025-10-10,Fashion,Cotton Hoodie,1,61.04,10,61.04,5.9,10.99,71.83,Google Pay,Delivered,Standard,Website,,6,5
19047719,265833,2025-11-23,Electronics,Mechanical Keyboard,4,88.5,6,354.0,0.0,66.55,399.31,PayPal,Returned,Standard,Mobile App,,3,
86579258,225018,2025-03-01,Beauty,Perfume,2,106.17,5,212.34,0.0,40.34,242.06,Credit Card,Delivered,Standard,Mobile App,FREESHIP,5,5
19994018,249796,2025-05-13,Fashion,Cotton Hoodie,3,64.75,15,194.25,0.0,33.02,198.13,Credit Card,Delivered,Standard,Mobile App,,6,4
33492533,665255,2025-10-22,Electronics,Mechanical Keyboard,1,110.94,9,110.94,12.9,20.19,134.05,Credit Card,Delivered,Express,Website,,2,2
66308839,747145,2025-06-18,Electronics,USB-C Hub,1,40.53,0,40.53,12.9,8.11,61.54,Credit Card,Delivered,Express,Mobile App,,2,4
34971791,178261,2025-10-08,Fashion,Winter Jacket,2,180.5,2,361.0,0.0,70.76,424.54,Apple Pay,Delivered,Standard,Website,FREESHIP,4,3
17532241,322199,2025-12-29,Fashion,Winter Jacket,3,177.92,24,533.76,12.9,81.13,499.69,PayPal,Delivered,Express,Website,VIP20,3,4
97737466,489771,2025-11-22,Fashion,Classic Jeans,1,64.59,4,64.59,5.9,12.4,80.31,PayPal,Delivered,Standard,Website,SAVE15,2,5
55325377,569244,2025-07-22,Electronics,Wireless Headphones,2,82.17,4,164.34,0.0,31.55,189.32,PayPal,Delivered,Standard,Website,,7,4
46518431,900924,2024-07-11,Books & Office,Monitor Stand,1,43.95,12,43.95,0.0,7.74,46.42,Bank Transfer,Delivered,Pickup,Website,,1,4
56465957,657545,2025-04-14,Home & Kitchen,Cookware Set,1,146.86,7,146.86,0.0,27.32,163.9,Credit Card,Delivered,Standard,Mobile App,,3,4
16409032,453744,2024-09-15,Sports,Dumbbell Set,1,116.04,15,116.04,5.9,19.73,124.26,PayPal,Returned,Standard,Marketplace,,4,
71953452,439102,2025-11-11,Electronics,Wireless Headphones,1,83.39,16,83.39,5.9,14.01,89.96,PayPal,Delivered,Standard,Mobile App,SAVE15,5,4
47443074,233651,2025-12-04,Electronics,Smart Watch,1,168.27,4,168.27,0.0,32.31,193.85,Credit Card,Delivered,Standard,Marketplace,,5,5
10805919,405090,2025-12-28,Electronics,Wireless Headphones,1,88.09,4,88.09,5.9,16.91,107.38,Credit Card,Delivered,Standard,Marketplace,FREESHIP,4,4
44465924,355481,2025-03-15,Beauty,Perfume,2,102.26,0,204.52,12.9,40.9,258.32,Credit Card,Delivered,Express,Marketplace,,1,4
41500741,982524,2025-11-23,Beauty,Hair Dryer,1,72.15,26,72.15,5.9,8.01,67.3,Credit Card,Delayed,Standard,Marketplace,,9,4
99657139,287149,2025-04-10,Electronics,Bluetooth Speaker,1,57.51,12,57.51,5.9,10.12,66.63,,Delivered,Standard,Mobile App,SAVE15,6,3
25228583,681133,2025-04-03,Home & Kitchen,Air Fryer,2,146.03,2,292.06,12.9,42.93,342.05,Credit Card,Delivered,Express,Website,,5,5
54263709,672950,2025-01-22,Electronics,Smart Watch,1,133.77,29,133.77,0.0,19.0,113.98,PayPal,Delivered,Pickup,Website,,1,5
66571868,425550,2025-12-19,Beauty,Skin Care Set,3,81.76,14,245.28,0.0,31.64,242.58,Bank Transfer,Delivered,Standard,Website,,6,5
54285059,711699,2025-10-02,Home & Kitchen,Desk Lamp,1,47.91,10,47.91,12.9,3.32,59.34,Bank Transfer,Delivered,Express,Mobile App,WELCOME10,4,5
81713639,215222,2024-11-11,Fashion,Winter Jacket,4,193.03,18,772.12,0.0,126.63,759.77,Credit Card,Delivered,Standard,Mobile App,SAVE15,6,4
11845128,950545,2025-11-21,Electronics,Mechanical Keyboard,1,102.07,24,102.07,12.9,15.51,105.98,Credit Card,Delivered,Express,Website,VIP20,4,5
96063234,552681,2025-02-26,Books & Office,Data Analytics Book,2,41.89,10,83.78,5.9,5.81,87.11,Bank Transfer,Delivered,Standard,Website,,4,4
23611243,225761,2025-05-26,Fashion,Winter Jacket,1,169.68,14,169.68,0.0,29.18,175.1,Credit Card,Delivered,Standard,Website,VIP20,6,3
82591844,225761,2025-02-17,Electronics,USB-C Hub,1,44.49,9,44.49,5.9,8.1,54.49,Credit Card,Delivered,Standard,Mobile App,WELCOME10,4,5
33580129,142846,2025-12-09,Electronics,Wireless Headphones,1,83.75,14,83.75,12.9,14.41,99.34,Credit Card,Delivered,Express,Mobile App,VIP20,1,5
28425281,814633,2024-10-16,Fashion,Classic Jeans,2,73.51,15,147.02,12.9,24.99,162.86,Credit Card,Delivered,Express,Mobile App,,2,4
20646939,290261,2024-11-29,Sports,Fitness Tracker,1,100.98,9,100.98,0.0,18.38,110.27,Credit Card,Delivered,Pickup,Website,,1,5
73792431,405090,2025-12-27,Fashion,Backpack,1,77.77,19,77.77,12.9,12.6,88.49,PayPal,Delivered,Express,Website,WELCOME10,1,4
45232193,211308,2025-12-10,Electronics,Bluetooth Speaker,1,65.17,14,65.17,12.9,11.21,80.16,Credit Card,Delivered,Express,Mobile App,WELCOME10,3,5
69061706,981921,2025-06-01,Fashion,Running Shoes,2,109.81,12,219.62,12.9,38.65,244.82,Credit Card,Delivered,Express,Website,WELCOME10,1,5
39388901,923517,2025-10-12,Fashion,Winter Jacket,1,189.02,27,189.02,0.0,27.6,165.58,PayPal,Returned,Standard,Marketplace,,4,
13579249,178261,2025-08-03,Beauty,Skin Care Set,1,89.04,7,89.04,12.9,16.56,112.27,Google Pay,Delivered,Express,Mobile App,,2,5
82927639,866265,2025-03-16,Fashion,Cotton Hoodie,2,58.15,12,116.3,5.9,20.47,128.71,Apple Pay,Delivered,Standard,Website,SAVE15,4,5
35697481,848223,2025-02-09,Electronics,Bluetooth Speaker,1,69.8,7,69.8,5.9,12.98,0.0,Credit Card,Cancelled,Standard,Website,,,
97631202,215222,2025-01-21,Home & Kitchen,Cookware Set,4,162.78,26,651.12,0.0,96.37,578.2,Credit Card,Delivered,Standard,Website,SAVE15,5,4
36468016,858006,2025-11-01,Beauty,Electric Toothbrush,1,69.6,14,69.6,0.0,11.97,71.83,PayPal,Delivered,Pickup,Website,,1,5
62901100,131819,2024-01-31,Electronics,Wireless Headphones,1,82.53,19,82.53,12.9,13.37,93.12,Credit Card,Delivered,Express,Mobile App,SAVE15,2,5
90610573,889635,2025-09-11,Beauty,Perfume,1,105.74,7,105.74,12.9,19.67,130.91,Credit Card,Delivered,Express,Website,VIP20,2,2
96839050,657545,2025-07-20,Fashion,Backpack,1,77.47,34,77.47,5.9,10.23,67.26,Apple Pay,Delivered,Standard,Mobile App,,4,4
60453938,867969,2024-04-28,Sports,Cycling Helmet,1,77.5,9,77.5,5.9,14.11,90.54,Credit Card,Delivered,Standard,Website,VIP20,3,4
28833542,985158,2025-12-05,Fashion,Backpack,1,75.34,16,75.34,5.9,12.66,81.85,Credit Card,Returned,Standard,Mobile App,VIP20,4,
21987783,746525,2025-12-16,Sports,Fitness Tracker,2,83.33,24,166.66,12.9,25.33,164.89,Google Pay,Delivered,Express,Website,,1,4
51345773,257178,2024-05-25,Home & Kitchen,Coffee Maker,1,78.48,12,78.48,5.9,13.81,88.77,Apple Pay,Delivered,Standard,Website,,6,5
99619972,253129,2025-03-01,Electronics,Bluetooth Speaker,3,70.39,25,211.17,0.0,12.2,170.58,Bank Transfer,Delivered,Standard,Marketplace,,6,4
21221200,879588,2025-12-17,Home & Kitchen,Air Fryer,2,124.8,29,249.6,0.0,35.44,212.66,Credit Card,Delivered,Standard,Website,FREESHIP,5,5
73137174,718197,2025-06-07,Home & Kitchen,Desk Lamp,1,51.11,20,51.11,12.9,8.18,61.97,PayPal,Delivered,Express,Marketplace,FREESHIP,1,4
85962599,403996,2025-12-30,Electronics,Wireless Headphones,1,100.57,9,100.57,5.9,18.3,115.72,Credit Card,Delivered,Standard,Marketplace,,7,5
12409193,220868,2025-08-26,Fashion,Winter Jacket,2,184.17,15,368.34,12.9,62.62,388.61,PayPal,Delivered,Express,Mobile App,VIP20,1,4
85154975,215222,2025-09-25,Beauty,Hair Dryer,2,66.35,4,132.7,0.0,25.48,152.87,Google Pay,Delivered,Standard,Marketplace,SAVE15,5,3
96096559,726063,2025-11-25,Books & Office,Data Analytics Book,2,42.26,6,84.52,5.9,15.89,101.24,Bank Transfer,Delivered,Standard,Mobile App,FREESHIP,3,3
66525793,916096,2025-08-31,Home & Kitchen,Blender,1,83.12,15,83.12,5.9,14.13,90.68,PayPal,Delivered,Standard,Mobile App,VIP20,4,5
33437349,322768,2025-12-20,Books & Office,Office Chair,1,229.88,26,229.88,0.0,34.02,0.0,Credit Card,Cancelled,Standard,Marketplace,FREESHIP,,
97640326,617166,2025-12-26,Books & Office,Office Chair,1,208.43,29,208.43,0.0,29.6,177.59,Credit Card,Delayed,Standard,Website,WELCOME10,8,2
60142561,391759,2025-12-02,Books & Office,Office Chair,1,220.88,21,220.88,0.0,26.18,200.68,Apple Pay,Delayed,Standard,Mobile App,,8,3
38921125,478691,2025-11-07,Fashion,Backpack,1,82.87,19,82.87,5.9,13.42,86.44,Credit Card,Delivered,Standard,Mobile App,VIP20,4,4
41312120,974572,2025-10-07,Books & Office,Data Analytics Book,2,44.64,20,89.28,5.9,14.28,91.6,Bank Transfer,Delivered,Standard,Website,,7,4
12872835,888971,2025-09-20,Home & Kitchen,Desk Lamp,1,50.98,25,50.98,12.9,5.74,56.88,Bank Transfer,Delivered,Express,Website,VIP20,1,4
39330589,806299,2025-06-18,Fashion,Winter Jacket,1,204.18,24,204.18,0.0,31.04,186.22,Credit Card,Delivered,Standard,Website,,4,3
99896050,839525,2024-06-30,Beauty,Makeup Kit,4,60.59,17,242.36,0.0,40.23,241.39,PayPal,Delivered,Pickup,Website,WELCOME10,1,4
42143109,404084,2025-12-03,Fashion,Cotton Hoodie,1,65.99,14,65.99,0.0,11.35,68.1,Google Pay,Delivered,Pickup,Website,VIP20,2,4
50778483,935758,2025-02-16,Electronics,Mechanical Keyboard,3,89.12,29,267.36,0.0,37.97,227.8,Credit Card,Delivered,Standard,Website,VIP20,4,4
99346386,931588,2025-11-20,Home & Kitchen,Air Fryer,2,110.08,9,220.16,12.9,40.07,253.32,Credit Card,Delivered,Express,Website,,2,3
78264887,381770,2024-10-02,Beauty,Makeup Kit,2,55.65,0,111.3,5.9,22.26,139.46,Bank Transfer,Delayed,Standard,Mobile App,,10,2
11456512,241563,2025-10-01,Electronics,USB-C Hub,1,39.76,10,39.76,5.9,7.16,48.84,PayPal,Delivered,Standard,Website,SAVE15,4,5
29352794,606510,2024-12-18,Sports,Cycling Helmet,1,74.88,11,74.88,12.9,13.33,92.87,Credit Card,Delivered,Express,Website,,2,5
53308941,352457,2025-12-14,Electronics,Wireless Headphones,1,87.48,26,87.48,0.0,12.95,77.69,Credit Card,Delivered,Pickup,Mobile App,,2,5
80460990,433309,2025-12-31,Fashion,Cotton Hoodie,2,64.32,19,128.64,0.0,20.84,125.04,Google Pay,Delivered,Standard,Mobile App,VIP20,5,4
63040101,888237,2025-09-23,Sports,Yoga Mat,3,39.98,22,119.94,5.9,18.71,118.16,PayPal,Delayed,Standard,Mobile App,WELCOME10,6,2
37384778,355481,2025-02-22,Electronics,Mechanical Keyboard,2,106.03,5,212.06,0.0,40.29,241.75,Credit Card,Delivered,Standard,Mobile App,FREESHIP,5,5
33690405,319377,2025-11-11,Electronics,Mechanical Keyboard,2,102.25,13,204.5,12.9,35.58,226.39,Credit Card,Delivered,Express,Marketplace,,1,3
25214356,574710,2025-07-23,Sports,Dumbbell Set,1,140.32,19,140.32,12.9,22.73,0.0,Credit Card,Cancelled,Express,Mobile App,FREESHIP,,
93766232,878684,2025-09-23,Fashion,Winter Jacket,1,188.11,27,188.11,0.0,27.46,164.78,Credit Card,Returned,Standard,Website,,4,
18501452,157073,2024-09-28,Beauty,Skin Care Set,2,82.64,2,165.28,12.9,12.47,187.34,Google Pay,Delivered,Express,Mobile App,WELCOME10,1,4
89098491,703633,2025-05-06,Fashion,Classic Jeans,1,66.95,10,66.95,5.9,12.05,78.2,Credit Card,Delivered,Standard,Website,,4,5
47279551,114582,2025-11-17,Electronics,Mechanical Keyboard,2,87.58,21,175.16,12.9,27.68,178.96,Credit Card,Returned,Express,Mobile App,WELCOME10,1,
60289595,232347,2024-11-02,Electronics,Smart Watch,2,139.96,28,279.92,0.0,40.31,241.85,Bank Transfer,Delivered,Pickup,Mobile App,SAVE15,1,5
50537803,999021,2024-09-10,Electronics,Bluetooth Speaker,1,67.18,17,67.18,5.9,11.15,72.81,Google Pay,Delivered,Standard,Mobile App,SAVE15,3,5
55141410,391759,2025-11-27,Beauty,Skin Care Set,1,84.28,11,84.28,12.9,11.25,99.16,Google Pay,Delivered,Express,Mobile App,,2,5
33441648,244304,2025-09-17,Fashion,Cotton Hoodie,1,69.56,10,69.56,5.9,12.52,81.02,PayPal,Delivered,Standard,Website,FREESHIP,5,5
67111795,319377,2024-07-09,Beauty,Electric Toothbrush,1,76.65,21,76.65,5.9,12.11,78.56,Credit Card,Delivered,Standard,Website,FREESHIP,2,4
10537357,319377,2025-03-01,Sports,Dumbbell Set,3,109.71,4,329.13,0.0,63.19,379.15,Bank Transfer,Delivered,Standard,Marketplace,,5,5
51217968,851397,2025-09-02,Sports,Yoga Mat,2,40.72,7,81.44,12.9,5.83,94.47,Credit Card,Delivered,Express,Mobile App,SAVE15,3,5
79353398,888237,2025-03-27,Beauty,Perfume,1,102.59,12,102.59,5.9,18.06,114.24,Credit Card,Delivered,Standard,Mobile App,,4,5
69761483,441490,2024-06-06,Books & Office,Monitor Stand,2,52.0,7,104.0,12.9,19.34,128.96,Google Pay,Delivered,Express,Website,,2,3
53436104,324931,2025-11-27,Books & Office,Data Analytics Book,1,41.46,28,41.46,5.9,2.3,38.05,Credit Card,Delivered,Standard,Mobile App,WELCOME10,3,5
16257992,322199,2025-04-30,Home & Kitchen,Cookware Set,2,155.93,10,311.86,0.0,56.13,336.8,Google Pay,Delivered,Standard,Mobile App,,5,4
19233880,225761,2025-11-23,Home & Kitchen,Blender,2,86.82,8,173.64,0.0,31.95,191.7,PayPal,Delivered,Standard,Website,WELCOME10,4,4
10599226,770578,2025-11-15,Fashion,Running Shoes,2,112.76,4,225.52,0.0,43.3,259.8,Credit Card,Delayed,Standard,Mobile App,,10,3
50372241,249557,2025-09-26,Books & Office,Monitor Stand,2,47.07,15,94.14,5.9,16.0,101.92,PayPal,Delayed,Standard,Mobile App,FREESHIP,7,3
58213666,362615,2025-08-17,Books & Office,Notebook Set,2,21.36,5,42.72,5.9,8.12,54.6,Apple Pay,Delivered,Standard,Mobile App,,4,5
95952793,934753,2025-03-05,Fashion,Running Shoes,2,121.57,7,243.14,0.0,45.22,271.34,PayPal,Delivered,Standard,Mobile App,,4,5
14012793,391759,2025-08-09,Fashion,Classic Jeans,2,60.94,27,121.88,0.0,13.35,102.32,Bank Transfer,Delivered,Standard,Marketplace,,7,5
89248738,648698,2024-11-10,Beauty,Perfume,1,99.24,4,99.24,5.9,14.29,115.46,Bank Transfer,Delivered,Standard,Website,FREESHIP,3,3
62528528,322199,2025-07-11,Beauty,Makeup Kit,1,61.69,7,61.69,0.0,11.47,68.84,Google Pay,Delivered,Pickup,Mobile App,,1,4
88143635,570380,2024-08-23,Fashion,Classic Jeans,1,70.72,15,70.72,12.9,12.02,85.03,Apple Pay,Delivered,Express,Marketplace,VIP20,3,4
65242081,710272,2025-07-07,Books & Office,Monitor Stand,1,54.24,17,54.24,5.9,9.0,59.92,Credit Card,Delivered,Standard,Mobile App,WELCOME10,6,5
21447644,888237,2024-10-21,Beauty,Hair Dryer,1,63.2,7,63.2,12.9,11.76,83.44,Apple Pay,Delivered,Express,Website,,2,5
99162876,358151,2025-11-20,Books & Office,Data Analytics Book,1,44.34,23,44.34,12.9,6.83,53.87,Bank Transfer,Delivered,Express,Mobile App,FREESHIP,2,4
36374901,651126,2025-09-16,Electronics,Smart Watch,1,142.39,0,142.39,12.9,28.48,183.77,Credit Card,Delivered,Express,Website,,3,3
60205348,135344,2024-12-28,Home & Kitchen,Cookware Set,2,172.13,11,344.26,0.0,61.28,367.67,Credit Card,Delayed,Pickup,Website,,3,3
72646833,748246,2025-10-10,Fashion,Winter Jacket,2,170.74,5,341.48,0.0,64.88,389.29,Credit Card,Delivered,Standard,Website,SAVE15,3,3
49356360,606510,2024-04-28,Home & Kitchen,Coffee Maker,3,75.98,2,227.94,0.0,44.68,268.06,Credit Card,Delayed,Standard,Marketplace,FREESHIP,5,4
22604892,551665,2024-12-11,Books & Office,Data Analytics Book,1,43.97,11,43.97,12.9,7.83,59.86,Credit Card,Delivered,Express,Website,WELCOME10,1,4
38819664,874355,2025-09-28,Sports,Resistance Bands,1,31.16,5,31.16,5.9,5.92,41.42,Credit Card,Delivered,Standard,Mobile App,,4,4
40667639,871400,2025-04-09,Books & Office,Notebook Set,1,22.24,12,22.24,5.9,3.91,29.38,Google Pay,Delivered,Standard,Mobile App,VIP20,6,5
81987897,778915,2025-12-23,Home & Kitchen,Blender,3,86.16,26,258.48,12.9,38.26,242.44,Credit Card,Delivered,Express,Mobile App,FREESHIP,1,
18207808,571089,2024-08-26,Books & Office,Monitor Stand,1,54.45,12,54.45,5.9,9.58,63.4,Apple Pay,Delayed,Standard,Mobile App,VIP20,8,2
57819394,433309,2025-12-22,Home & Kitchen,Cookware Set,1,165.76,24,165.76,0.0,25.2,151.18,Credit Card,Delivered,Standard,Mobile App,SAVE15,4,4
94845854,672950,2024-07-03,Electronics,Mechanical Keyboard,2,94.87,4,189.74,0.0,36.43,218.58,Apple Pay,Delivered,Standard,Website,,4,3
18003059,322264,2025-05-22,Fashion,Classic Jeans,1,66.98,0,66.98,0.0,13.4,80.38,Apple Pay,Delivered,Pickup,Mobile App,,1,3
34520866,657545,2025-08-02,Fashion,Winter Jacket,1,187.79,22,187.79,0.0,29.3,175.78,Credit Card,Delivered,Standard,Website,SAVE15,5,4
46591164,225018,2025-12-08,Home & Kitchen,Blender,3,73.83,9,221.49,0.0,40.31,241.87,Bank Transfer,Delivered,Standard,Mobile App,SAVE15,5,4
11612533,451365,2025-12-04,Fashion,Winter Jacket,1,193.69,14,193.69,0.0,33.31,199.88,Credit Card,Returned,Standard,Marketplace,,7,
58675682,225018,2024-12-23,Home & Kitchen,Blender,1,88.31,9,88.31,0.0,16.07,96.43,Credit Card,Delivered,Pickup,Marketplace,SAVE15,2,4
81995497,549554,2024-05-18,Sports,Resistance Bands,1,30.26,24,30.26,5.9,4.6,33.5,PayPal,Delivered,Standard,Website,SAVE15,4,3
22345504,967709,2025-08-16,Electronics,Bluetooth Speaker,2,74.52,7,149.04,0.0,27.72,0.0,Apple Pay,Cancelled,Pickup,Website,SAVE15,,
80069188,801451,2025-12-13,Electronics,Bluetooth Speaker,4,66.41,14,265.64,0.0,34.27,262.72,Credit Card,Delivered,Standard,Website,,3,5
45807955,445004,2024-12-10,Electronics,Wireless Headphones,1,80.77,6,80.77,0.0,15.18,91.1,PayPal,Delivered,Pickup,Mobile App,WELCOME10,1,4
21056987,229805,2025-09-13,Electronics,Bluetooth Speaker,2,63.96,0,127.92,0.0,25.58,153.5,Apple Pay,Delayed,Standard,Mobile App,,6,3
50661436,287149,2025-09-22,Home & Kitchen,Desk Lamp,1,50.26,2,50.26,5.9,9.85,65.0,Apple Pay,Delivered,Standard,Mobile App,VIP20,3,5
14167970,608992,2025-09-19,Electronics,Bluetooth Speaker,2,70.69,15,141.38,12.9,24.03,157.1,Credit Card,Delivered,Express,Website,,1,5
22934004,289234,2024-08-16,Beauty,Makeup Kit,1,54.55,24,54.55,5.9,8.29,55.65,PayPal,Delivered,Standard,Website,,3,3
32896317,253129,2025-06-11,Home & Kitchen,Blender,1,73.96,10,73.96,5.9,5.13,77.59,Apple Pay,Delivered,Standard,Website,,5,4
91153164,993630,2025-08-08,Books & Office,Ergonomic Mouse,1,58.39,10,58.39,5.9,10.51,68.96,PayPal,Delivered,Standard,Website,VIP20,3,4
53591118,893534,2025-11-27,Home & Kitchen,Cookware Set,1,157.48,24,157.48,0.0,23.94,143.62,Credit Card,Returned,Standard,Website,,5,
93846091,993374,2025-07-08,Beauty,Skin Care Set,1,87.37,2,87.37,5.9,17.12,108.64,PayPal,Delivered,Standard,Website,SAVE15,5,3
16377925,385226,2025-09-20,Books & Office,Ergonomic Mouse,2,56.36,12,112.72,5.9,19.84,124.93,Credit Card,Delivered,Standard,Mobile App,,4,4
25336279,780313,2025-04-15,Fashion,Running Shoes,3,127.49,32,382.47,0.0,52.02,312.1,Bank Transfer,Delivered,Standard,Website,FREESHIP,6,4
75631003,487033,2025-05-24,Electronics,USB-C Hub,2,50.84,10,101.68,0.0,18.3,109.81,Bank Transfer,Delivered,Pickup,Mobile App,,1,4
94374508,781848,2025-11-26,Beauty,Hair Dryer,2,67.85,21,135.7,0.0,8.25,115.45,Credit Card,Delivered,Pickup,Website,,1,5
64809504,391759,2025-11-27,Electronics,USB-C Hub,1,42.21,16,42.21,12.9,5.32,53.68,PayPal,Delivered,Express,Mobile App,,3,5
22560709,481750,2025-11-16,Books & Office,Monitor Stand,1,46.36,19,46.36,12.9,7.51,57.96,Credit Card,Delivered,Express,Website,,1,4
38635972,625384,2025-11-01,Home & Kitchen,Blender,1,80.8,24,80.8,5.9,9.21,76.52,Google Pay,Delivered,Standard,Mobile App,WELCOME10,7,3
11797744,916917,2025-06-09,Fashion,Cotton Hoodie,2,66.83,17,133.66,12.9,22.19,146.03,PayPal,Delivered,Express,Mobile App,,1,4
29822202,757665,2025-06-29,Fashion,Backpack,1,74.9,10,74.9,0.0,13.48,80.89,Google Pay,Delivered,Pickup,Website,,2,5
99416087,798789,2025-08-01,Fashion,Classic Jeans,1,58.04,5,58.04,5.9,11.03,72.07,Credit Card,Delivered,Standard,Website,SAVE15,4,4
11740664,167359,2024-09-03,Books & Office,Monitor Stand,1,48.2,9,48.2,0.0,8.77,52.63,Credit Card,Delivered,Pickup,Website,VIP20,1,5
72797725,407189,2025-02-05,Fashion,Classic Jeans,2,62.47,2,124.94,0.0,24.49,146.93,Credit Card,Delivered,Standard,Mobile App,,5,5
14006938,726493,2025-10-02,Electronics,Smart Watch,1,148.95,2,148.95,0.0,11.24,157.21,Apple Pay,Delivered,Standard,Mobile App,WELCOME10,5,4
11873544,633842,2025-08-06,Electronics,Smart Watch,4,140.88,9,563.52,0.0,39.49,552.29,Bank Transfer,Delivered,Standard,Website,SAVE15,4,5
40350514,991134,2025-09-25,Electronics,USB-C Hub,2,46.81,20,93.62,5.9,14.98,95.78,Bank Transfer,Returned,Standard,Mobile App,VIP20,2,
15781427,416819,2024-12-16,Fashion,Classic Jeans,1,73.7,11,73.7,12.9,5.05,83.54,Google Pay,Delivered,Express,Mobile App,,3,4
61175940,633842,2025-03-27,Sports,Cycling Helmet,3,64.5,34,193.5,0.0,9.83,137.54,Bank Transfer,Delivered,Standard,Mobile App,,5,4
26160431,240302,2025-04-17,Beauty,Skin Care Set,1,80.8,10,80.8,5.9,14.54,93.16,Bank Transfer,Delivered,Standard,Mobile App,,4,3
65194666,581771,2025-07-28,Fashion,Winter Jacket,1,162.26,9,162.26,12.9,29.53,190.09,PayPal,Delivered,Express,Mobile App,,3,4
44882984,215222,2024-11-24,Fashion,Backpack,1,74.58,13,74.58,12.9,12.98,90.76,Credit Card,Delayed,Express,Website,WELCOME10,5,3
17330261,298767,2025-12-16,Books & Office,Office Chair,2,217.9,34,435.8,0.0,57.53,345.16,Google Pay,Delayed,Standard,Mobile App,,7,2
78369514,744782,2025-06-22,Books & Office,Notebook Set,2,25.35,5,50.7,5.9,9.63,63.69,Credit Card,Delivered,Standard,Mobile App,,5,4
79370208,879588,2025-11-06,Fashion,Cotton Hoodie,5,64.08,4,320.4,0.0,61.52,369.1,PayPal,Delivered,Standard,Mobile App,WELCOME10,5,5
62486676,900924,2024-12-31,Electronics,Smart Watch,1,160.87,24,160.87,0.0,24.45,146.71,Credit Card,Delivered,Standard,Website,WELCOME10,5,5
38292658,859344,2024-07-26,Fashion,Cotton Hoodie,1,56.84,17,56.84,12.9,9.44,69.52,Credit Card,Delivered,Express,Website,,2,3
99859535,287149,2025-04-11,Fashion,Cotton Hoodie,3,77.02,17,231.06,0.0,38.36,230.14,Google Pay,Delivered,Standard,Mobile App,,5,4
36635861,241563,2025-01-01,Fashion,Classic Jeans,1,71.04,12,71.04,12.9,12.5,87.92,Credit Card,Delivered,Express,Website,,1,5
10540089,416819,2025-10-19,Fashion,Running Shoes,1,110.61,12,110.61,5.9,7.5,110.74,Credit Card,Delayed,Standard,Marketplace,,6,3
63796234,272490,2025-06-26,Electronics,Wireless Headphones,1,97.95,10,97.95,5.9,17.63,111.69,Bank Transfer,Delivered,Standard,Mobile App,VIP20,4,5
77578151,463147,2025-11-26,Beauty,Skin Care Set,2,85.05,9,170.1,0.0,30.96,185.75,Credit Card,Delivered,Standard,Mobile App,VIP20,5,4
51553510,990071,2024-08-29,Electronics,Mechanical Keyboard,1,95.8,30,95.8,5.9,13.41,86.37,Credit Card,Delivered,Standard,Mobile App,VIP20,5,5
79292711,778915,2025-11-26,Beauty,Skin Care Set,1,87.41,35,87.41,0.0,11.36,68.18,Credit Card,Delivered,Pickup,Website,,3,4
43680413,178261,2025-09-02,Home & Kitchen,Coffee Maker,1,86.46,2,86.46,12.9,16.95,114.58,Credit Card,Delivered,Express,Mobile App,VIP20,2,4
33575749,178261,2025-03-10,Electronics,USB-C Hub,1,42.3,12,42.3,5.9,7.44,50.56,PayPal,Delivered,Standard,Mobile App,SAVE15,5,5
78048135,752309,2025-12-19,Beauty,Perfume,1,89.27,14,89.27,5.9,15.35,0.0,Google Pay,Cancelled,Standard,Website,FREESHIP,,
86399608,656035,2025-05-09,Electronics,USB-C Hub,2,44.09,20,88.18,5.9,14.11,90.55,Credit Card,Delivered,Standard,Mobile App,VIP20,5,4
86273831,694107,2025-07-04,Electronics,Bluetooth Speaker,2,69.1,19,138.2,0.0,22.39,134.33,Credit Card,Delivered,Standard,Mobile App,FREESHIP,5,4
94117634,981921,2024-11-17,Beauty,Hair Dryer,3,70.04,21,210.12,0.0,33.2,199.19,Google Pay,Delivered,Standard,Marketplace,,4,3
36520281,738362,2025-05-10,Fashion,Running Shoes,2,107.55,10,215.1,0.0,38.72,232.31,Bank Transfer,Delivered,Standard,Mobile App,,6,5
85618432,951634,2024-07-10,Books & Office,Office Chair,2,204.11,21,408.22,0.0,64.5,386.99,PayPal,Delivered,Standard,Mobile App,,4,3
42370328,958830,2025-12-29,Books & Office,Notebook Set,1,26.83,4,26.83,5.9,1.98,33.64,Credit Card,Delivered,Standard,Website,VIP20,3,5
42839664,828973,2025-05-04,Electronics,Mechanical Keyboard,2,100.22,15,200.44,0.0,34.07,204.44,Credit Card,Delivered,Standard,Mobile App,SAVE15,5,5
73051112,287149,2025-10-15,Beauty,Makeup Kit,1,66.26,17,66.26,12.9,11.0,78.9,Google Pay,Delivered,Express,Website,,1,5
95198082,888237,2025-10-05,Home & Kitchen,Blender,2,75.54,12,151.08,0.0,26.59,159.54,Credit Card,Delivered,Standard,Website,,6,5
90326074,272706,2025-10-14,Sports,Fitness Tracker,1,101.77,0,101.77,5.9,20.35,128.02,PayPal,Delivered,Standard,Website,,4,4
91495867,433309,2025-12-28,Home & Kitchen,Desk Lamp,1,49.58,24,49.58,12.9,7.54,58.12,Google Pay,Delivered,Express,Marketplace,,1,5
37155331,577111,2024-07-28,Books & Office,Office Chair,1,198.66,4,198.66,12.9,38.14,241.75,Google Pay,Delivered,Express,Marketplace,,1,5
39534690,385304,2024-09-21,Books & Office,Office Chair,1,222.29,2,222.29,0.0,43.57,261.41,PayPal,Delivered,Standard,Mobile App,VIP20,5,5
11225218,272038,2025-03-02,Sports,Cycling Helmet,1,64.83,10,64.83,5.9,11.67,75.92,PayPal,Delivered,Standard,Mobile App,,5,5
88784697,662484,2025-07-28,Books & Office,Notebook Set,1,25.72,4,25.72,5.9,4.94,35.53,Credit Card,Delivered,Standard,Mobile App,,3,4
78602898,322199,2025-10-31,Electronics,Wireless Headphones,1,78.85,5,78.85,5.9,14.98,95.79,Bank Transfer,Delivered,Standard,Mobile App,FREESHIP,3,4
32982606,368856,2025-11-09,Electronics,Mechanical Keyboard,5,102.76,29,513.8,0.0,72.96,437.76,PayPal,Delayed,Standard,Website,,7,4
96718609,967709,2025-08-03,Home & Kitchen,Cookware Set,2,156.3,7,312.6,0.0,58.14,348.86,Apple Pay,Delivered,Standard,Mobile App,,6,5
79944659,578279,2025-02-05,Beauty,Makeup Kit,1,54.17,32,54.17,5.9,7.37,0.0,Credit Card,Cancelled,Standard,Website,WELCOME10,,
46412053,136522,2025-09-02,Electronics,USB-C Hub,4,47.43,2,189.72,12.9,37.19,236.02,Apple Pay,Delivered,Express,Website,,2,5
69809231,232347,2025-07-30,Books & Office,Ergonomic Mouse,2,57.11,16,114.22,5.9,19.19,121.03,Credit Card,Delivered,Standard,Mobile App,,5,5
82456713,191540,2025-12-14,Home & Kitchen,Blender,2,84.72,4,169.44,0.0,32.53,195.19,Credit Card,Delivered,Standard,Mobile App,SAVE15,2,
18562948,657891,2025-08-03,Home & Kitchen,Cookware Set,1,163.76,12,163.76,0.0,21.62,165.73,Google Pay,Delivered,Pickup,Marketplace,WELCOME10,1,5
22123765,633842,2025-02-24,Fashion,Backpack,1,79.98,29,79.98,0.0,4.37,61.16,Credit Card,Delivered,Pickup,Mobile App,WELCOME10,1,5
60358129,481329,2025-08-11,Electronics,USB-C Hub,2,41.92,12,83.84,5.9,14.76,94.44,PayPal,Delivered,Standard,Website,,2,4
40952398,551094,2024-12-07,Sports,Cycling Helmet,2,66.72,24,133.44,0.0,20.28,121.69,PayPal,Delivered,Standard,Website,,6,2
44648063,232347,2024-10-02,Home & Kitchen,Air Fryer,1,119.23,14,119.23,5.9,20.51,128.95,Google Pay,Delivered,Standard,Marketplace,SAVE15,6,5
96083205,617166,2024-12-20,Home & Kitchen,Air Fryer,3,141.62,19,424.86,0.0,68.83,412.97,Bank Transfer,Delivered,Pickup,Website,,1,5
35499159,900448,2025-10-15,Home & Kitchen,Air Fryer,1,141.83,7,141.83,12.9,19.79,164.59,Credit Card,Delivered,Express,Mobile App,FREESHIP,3,4
99922424,681390,2025-12-29,Home & Kitchen,Air Fryer,1,105.91,4,105.91,5.9,20.33,127.9,Credit Card,Delivered,Standard,Mobile App,,4,5
18743773,316389,2025-12-11,Sports,Fitness Tracker,1,88.13,14,88.13,12.9,15.16,0.0,Bank Transfer,Cancelled,Express,Mobile App,SAVE15,,
64395620,869875,2025-01-23,Electronics,Mechanical Keyboard,2,100.99,7,201.98,0.0,37.57,225.41,Apple Pay,Delayed,Standard,Mobile App,VIP20,6,3
37142693,230315,2025-06-02,Home & Kitchen,Air Fryer,1,119.09,0,119.09,5.9,23.82,148.81,Credit Card,Delivered,Standard,Mobile App,,6,4
44376705,287149,2025-08-04,Fashion,Running Shoes,3,111.39,17,334.17,0.0,55.47,332.83,PayPal,Delivered,Standard,Mobile App,WELCOME10,4,4
82503434,666728,2025-01-27,Beauty,Electric Toothbrush,1,72.09,24,72.09,5.9,10.96,71.65,Credit Card,Delivered,Standard,Mobile App,VIP20,5,4
25197445,549554,2025-09-09,Home & Kitchen,Blender,2,87.3,9,174.6,12.9,31.78,203.57,Apple Pay,Delivered,Express,Website,,1,5
12690802,252422,2025-02-21,Electronics,Bluetooth Speaker,1,69.63,24,69.63,5.9,10.58,69.4,Credit Card,Delayed,Standard,Mobile App,,7,3
84343001,487033,2025-03-12,Home & Kitchen,Blender,1,75.46,20,75.46,12.9,12.07,85.34,Credit Card,Delivered,Express,Website,,1,5
84109493,425550,2025-09-22,Electronics,Mechanical Keyboard,1,102.56,20,102.56,5.9,12.31,100.26,Google Pay,Delivered,Standard,Mobile App,SAVE15,4,5
48419067,841579,2025-07-03,Electronics,Bluetooth Speaker,3,60.56,19,181.68,0.0,29.43,0.0,Apple Pay,Cancelled,Standard,Website,WELCOME10,,
88320378,391759,2025-12-14,Fashion,Running Shoes,2,117.16,6,234.32,0.0,33.04,253.3,PayPal,Delivered,Standard,Marketplace,WELCOME10,3,4
23308911,329367,2025-08-12,Books & Office,Office Chair,2,212.89,17,425.78,0.0,53.01,406.41,PayPal,Delivered,Standard,Website,,3,5
84196646,666728,2024-10-24,Fashion,Backpack,1,75.27,32,75.27,5.9,10.24,67.32,Credit Card,Returned,Standard,Marketplace,,3,
56834742,243318,2024-10-04,Fashion,Winter Jacket,5,166.33,19,831.65,0.0,134.73,808.37,Credit Card,Delivered,Standard,Website,,7,5
56819574,218735,2025-10-25,Books & Office,Ergonomic Mouse,1,57.68,7,57.68,5.9,8.05,67.59,Credit Card,Delivered,Standard,Mobile App,SAVE15,4,5
59879224,625591,2025-05-16,Electronics,Mechanical Keyboard,3,118.84,0,356.52,0.0,53.48,410.0,PayPal,Delivered,Standard,Mobile App,,5,2
18307940,681390,2025-12-13,Home & Kitchen,Desk Lamp,1,45.94,14,45.94,5.9,7.9,53.31,Bank Transfer,Delivered,Standard,Mobile App,,3,4
28072848,269867,2025-07-17,Electronics,Wireless Headphones,1,88.04,4,88.04,0.0,16.9,101.42,Bank Transfer,Delivered,Pickup,Mobile App,SAVE15,1,3
38845408,900924,2025-05-17,Sports,Yoga Mat,1,37.77,10,37.77,5.9,6.8,46.69,Google Pay,Delivered,Standard,Mobile App,SAVE15,4,4
73592628,358151,2025-03-26,Electronics,Bluetooth Speaker,1,62.74,19,62.74,5.9,10.16,66.88,PayPal,Delayed,Standard,Website,,7,2
48333610,608725,2025-09-24,Fashion,Winter Jacket,1,150.94,4,150.94,0.0,28.98,173.88,Bank Transfer,Delivered,Standard,Website,WELCOME10,6,5
19847291,527499,2024-08-28,Fashion,Running Shoes,1,94.31,0,94.31,5.9,18.86,119.07,PayPal,Delivered,Standard,Website,,3,4
64146525,574710,2025-10-11,Electronics,Wireless Headphones,2,76.19,27,152.38,0.0,22.25,0.0,PayPal,Cancelled,Standard,Mobile App,,,
63400481,990071,2025-01-13,Electronics,Smart Watch,1,144.86,17,144.86,12.9,24.05,157.18,PayPal,Delivered,Express,Website,SAVE15,1,4
18302621,204963,2025-12-08,Beauty,Makeup Kit,1,61.47,14,61.47,5.9,10.57,69.33,Google Pay,Delivered,Standard,Marketplace,WELCOME10,5,4
46202817,935758,2024-10-21,Electronics,Mechanical Keyboard,2,100.12,4,200.24,0.0,38.45,230.68,Credit Card,Returned,Standard,Website,WELCOME10,6,
89311068,405338,2025-11-22,Beauty,Makeup Kit,1,53.39,4,53.39,5.9,10.25,67.4,Credit Card,Delivered,Standard,Mobile App,SAVE15,7,4
62627985,662484,2024-11-04,Electronics,Bluetooth Speaker,1,63.86,16,63.86,5.9,10.73,70.27,Bank Transfer,Delivered,Standard,Mobile App,,3,4
31346358,864761,2025-10-07,Home & Kitchen,Coffee Maker,4,93.47,12,373.88,0.0,65.8,394.81,Credit Card,Delivered,Pickup,Website,VIP20,1,4
36194440,726493,2025-08-27,Electronics,Wireless Headphones,2,78.99,2,157.98,0.0,11.92,166.74,Credit Card,Delayed,Standard,Website,SAVE15,8,3
90167315,287149,2025-12-28,Sports,Yoga Mat,1,38.59,6,38.59,5.9,7.25,49.42,Google Pay,Delivered,Standard,Mobile App,FREESHIP,5,5
49525986,990675,2025-12-08,Electronics,Mechanical Keyboard,1,89.59,14,89.59,5.9,15.41,98.36,Google Pay,Delivered,Standard,Marketplace,WELCOME10,4,5
12061143,481329,2025-09-16,Electronics,Wireless Headphones,1,90.28,27,90.28,5.9,13.18,84.98,Google Pay,Delivered,Standard,Website,,4,4
11024939,662484,2024-09-26,Fashion,Running Shoes,2,104.47,7,208.94,0.0,38.86,233.17,Apple Pay,Delivered,Standard,Mobile App,,5,4
89495486,114582,2024-08-01,Sports,Cycling Helmet,1,65.68,2,65.68,5.9,12.87,83.14,Bank Transfer,Delivered,Standard,Mobile App,FREESHIP,5,5
88662915,178261,2025-09-10,Fashion,Running Shoes,1,113.35,12,113.35,0.0,19.95,119.7,Credit Card,Delivered,Pickup,Mobile App,,1,5
14998313,391183,2025-08-24,Electronics,Bluetooth Speaker,1,63.4,0,63.4,5.9,12.68,81.98,Bank Transfer,Delivered,Standard,Mobile App,,3,3
74451090,767194,2025-09-28,Sports,Dumbbell Set,1,114.7,0,114.7,5.9,17.2,137.8,PayPal,Delivered,Standard,Marketplace,,2,5
38241324,746011,2025-03-13,Fashion,Backpack,2,78.8,10,157.6,12.9,28.37,183.11,PayPal,Delivered,Express,Website,,3,4
41180225,865030,2025-12-31,Electronics,Mechanical Keyboard,1,101.98,9,101.98,12.9,18.56,0.0,Bank Transfer,Cancelled,Express,Marketplace,VIP20,,
63303662,272038,2025-08-08,Beauty,Perfume,1,94.57,30,94.57,0.0,13.24,79.44,Google Pay,Delivered,Pickup,Mobile App,VIP20,1,4
36881481,883140,2025-01-09,Electronics,Mechanical Keyboard,1,91.77,14,91.77,5.9,15.78,100.6,Credit Card,Delivered,Standard,Mobile App,FREESHIP,6,5
48752211,684762,2025-10-03,Beauty,Hair Dryer,2,56.38,2,112.76,5.9,22.1,138.5,Credit Card,Delivered,Standard,Website,WELCOME10,5,5
19849245,178261,2025-09-11,Electronics,Bluetooth Speaker,1,75.13,17,75.13,12.9,12.47,87.73,Credit Card,Delivered,Express,Mobile App,,1,5
56856609,481329,2025-10-31,Fashion,Classic Jeans,4,67.43,2,269.72,0.0,52.87,317.2,Bank Transfer,Delivered,Standard,Website,FREESHIP,5,3
38882367,894892,2025-01-29,Home & Kitchen,Coffee Maker,2,96.97,22,193.94,0.0,30.25,181.52,Credit Card,Delivered,Pickup,Website,,1,4
74741079,179100,2025-12-16,Home & Kitchen,Blender,3,75.53,24,226.59,0.0,34.44,206.65,Credit Card,Delayed,Standard,Mobile App,FREESHIP,7,3
16786700,913479,2025-12-26,Sports,Yoga Mat,3,38.6,29,115.8,0.0,16.44,98.66,Bank Transfer,Delivered,Pickup,Mobile App,,1,5
54513146,874948,2025-09-11,Electronics,USB-C Hub,3,45.18,17,135.54,0.0,22.5,135.0,PayPal,Returned,Standard,Mobile App,,5,
71988590,178261,2025-10-03,Electronics,Bluetooth Speaker,1,69.67,12,69.67,5.9,12.26,79.47,Credit Card,Delivered,Standard,Marketplace,VIP20,6,5
47170197,927285,2025-07-08,Books & Office,Office Chair,1,189.97,4,189.97,0.0,14.04,196.41,Credit Card,Delivered,Standard,Website,,3,4
16701416,258802,2024-08-20,Fashion,Classic Jeans,2,69.07,7,138.14,0.0,25.69,154.16,Credit Card,Delayed,Standard,Website,,8,3
77435456,719528,2025-09-30,Books & Office,Ergonomic Mouse,1,48.51,2,48.51,5.9,9.51,62.95,Google Pay,Delayed,Standard,Website,,9,3
89046884,606510,2025-11-19,Beauty,Electric Toothbrush,1,82.8,16,82.8,0.0,13.91,83.46,Credit Card,Delivered,Pickup,Mobile App,,1,5
47634154,641029,2025-12-22,Electronics,Smart Watch,2,151.24,34,302.48,0.0,39.93,239.57,Bank Transfer,Delivered,Pickup,Website,,1,4
67772843,990001,2025-12-31,Beauty,Perfume,1,101.66,24,101.66,5.9,15.45,98.61,Credit Card,Delivered,Standard,Mobile App,FREESHIP,3,4
68750560,864761,2025-05-21,Electronics,Smart Watch,1,128.33,2,128.33,0.0,25.15,150.91,Google Pay,Delivered,Standard,Mobile App,FREESHIP,8,4
16400154,438556,2025-03-31,Sports,Fitness Tracker,1,99.55,5,99.55,12.9,18.91,126.38,Credit Card,Delivered,Express,Marketplace,,1,5
95909670,620970,2024-11-28,Sports,Cycling Helmet,2,84.42,31,168.84,0.0,23.3,139.8,PayPal,Delivered,Pickup,Mobile App,VIP20,1,5
93084864,648698,2025-01-14,Fashion,Backpack,3,72.24,32,216.72,12.9,22.11,182.38,Credit Card,Delivered,Express,Marketplace,FREESHIP,1,5
85878786,391759,2025-03-12,Sports,Cycling Helmet,1,70.6,2,70.6,12.9,10.38,92.47,Credit Card,Delivered,Express,Marketplace,VIP20,1,5
81148617,908200,2025-05-21,Electronics,USB-C Hub,3,43.99,12,131.97,0.0,23.23,0.0,PayPal,Cancelled,Standard,Marketplace,,,
29720697,100813,2025-07-13,Electronics,USB-C Hub,1,47.48,17,47.48,5.9,7.88,53.19,PayPal,Delivered,Standard,Website,,5,4
83559808,433309,2025-12-29,Electronics,Mechanical Keyboard,2,104.35,4,208.7,0.0,40.07,240.42,Credit Card,Delivered,Standard,Mobile App,SAVE15,5,3
71064278,433309,2025-12-31,Beauty,Skin Care Set,1,83.32,4,83.32,12.9,16.0,108.89,Bank Transfer,Delivered,Express,Mobile App,SAVE15,1,5
68260514,439102,2025-09-03,Fashion,Cotton Hoodie,1,65.24,17,65.24,5.9,10.83,70.88,Apple Pay,Delivered,Standard,Website,,4,4
43435261,740180,2025-11-18,Books & Office,Ergonomic Mouse,3,52.74,19,158.22,0.0,25.63,153.79,Google Pay,Delivered,Standard,Mobile App,SAVE15,5,4
29185276,780313,2025-08-22,Books & Office,Data Analytics Book,1,42.38,12,42.38,0.0,7.46,44.75,PayPal,Delivered,Pickup,Mobile App,,2,4
41592564,152133,2025-11-15,Electronics,USB-C Hub,2,41.67,14,83.34,5.9,14.33,91.9,PayPal,Delivered,Standard,Mobile App,FREESHIP,3,4
12113508,871400,2025-10-16,Fashion,Classic Jeans,1,64.26,12,64.26,0.0,11.31,67.86,Apple Pay,Delivered,Pickup,Mobile App,FREESHIP,1,5
57595727,447274,2025-12-04,Books & Office,Office Chair,1,212.21,24,212.21,0.0,32.26,193.54,PayPal,Delivered,Standard,Mobile App,,4,5
18093891,465243,2025-07-15,Electronics,USB-C Hub,1,45.36,7,45.36,12.9,8.44,63.52,PayPal,Delivered,Express,Mobile App,WELCOME10,2,4
56047863,230315,2025-10-30,Fashion,Classic Jeans,2,64.92,25,129.84,0.0,19.48,116.86,Credit Card,Delivered,Standard,Website,FREESHIP,5,5
82897392,807398,2025-07-17,Home & Kitchen,Desk Lamp,4,44.2,12,176.8,0.0,31.12,186.7,Credit Card,Delivered,Standard,Mobile App,FREESHIP,4,4
47676611,593958,2025-08-04,Home & Kitchen,Desk Lamp,4,47.09,0,188.36,0.0,37.67,226.03,Bank Transfer,Delivered,Standard,Mobile App,,4,5
35817131,405338,2024-05-18,Beauty,Hair Dryer,1,59.99,5,59.99,5.9,11.4,74.29,Credit Card,Delivered,Standard,Website,VIP20,5,5
23047010,119473,2025-03-31,Books & Office,Notebook Set,1,25.91,25,25.91,5.9,3.89,29.22,Credit Card,Delivered,Standard,Mobile App,,6,5
83454924,367070,2025-07-17,Books & Office,Office Chair,1,180.73,22,180.73,12.9,28.19,182.06,Google Pay,Delivered,Express,Mobile App,,1,5
21113053,874948,2025-08-04,Sports,Cycling Helmet,1,65.18,22,65.18,5.9,10.17,66.91,PayPal,Delivered,Standard,Mobile App,,6,3
68469250,178261,2025-04-13,Sports,Fitness Tracker,1,105.12,2,105.12,0.0,20.6,123.62,Apple Pay,Delivered,Pickup,Website,WELCOME10,1,4
83553706,853843,2024-11-23,Electronics,Smart Watch,1,154.82,16,154.82,0.0,26.01,156.06,PayPal,Delivered,Standard,Mobile App,WELCOME10,4,4
25388951,927673,2025-12-25,Electronics,Bluetooth Speaker,1,62.87,16,62.87,5.9,10.56,69.27,Credit Card,Delivered,Standard,Mobile App,,3,5
12825405,672950,2024-07-22,Books & Office,Notebook Set,1,20.13,19,20.13,0.0,3.26,19.57,Credit Card,Delivered,Pickup,Website,,1,5
50478968,287149,2025-07-11,Electronics,USB-C Hub,1,40.15,9,40.15,5.9,7.31,49.75,PayPal,Delivered,Standard,Mobile App,,3,4
58013675,478691,2025-11-22,Books & Office,Monitor Stand,1,52.13,34,52.13,12.9,6.88,54.19,Credit Card,Delivered,Express,Website,FREESHIP,2,5
26617856,218735,2025-11-14,Fashion,Winter Jacket,3,175.33,6,525.99,0.0,74.16,568.59,Credit Card,Delivered,Standard,Mobile App,WELCOME10,4,3
59150079,302877,2025-07-22,Home & Kitchen,Air Fryer,1,113.4,12,113.4,12.9,19.96,132.65,Bank Transfer,Delivered,Express,Mobile App,WELCOME10,1,4
80374377,765546,2025-12-04,Books & Office,Monitor Stand,2,47.49,9,94.98,0.0,17.29,103.72,Credit Card,Delayed,Pickup,Website,VIP20,4,3
83241332,223018,2024-10-15,Beauty,Skin Care Set,2,87.32,17,174.64,0.0,28.99,173.94,Apple Pay,Delivered,Standard,Mobile App,,3,5
11671191,294889,2025-12-10,Fashion,Running Shoes,3,117.41,4,352.23,0.0,26.04,364.18,Credit Card,Delayed,Pickup,Mobile App,FREESHIP,4,4
41871786,295940,2024-09-26,Sports,Dumbbell Set,1,124.83,9,124.83,12.9,22.72,149.22,Credit Card,Delivered,Express,Website,SAVE15,2,4
48751149,225018,2024-11-22,Electronics,USB-C Hub,2,47.4,19,94.8,5.9,15.36,98.05,Credit Card,Delivered,Standard,Website,,5,4
32438316,211308,2025-11-10,Home & Kitchen,Blender,1,80.24,19,80.24,12.9,13.0,90.89,Credit Card,Delivered,Express,Mobile App,,1,4
44372267,866265,2025-06-01,Fashion,Winter Jacket,2,189.68,17,379.36,0.0,62.97,0.0,Credit Card,Cancelled,Standard,Mobile App,VIP20,,
69695409,100813,2025-09-03,Beauty,Perfume,1,97.62,10,97.62,5.9,17.57,111.33,Credit Card,Delivered,Standard,Mobile App,WELCOME10,3,4
79065892,287149,2025-05-05,Beauty,Skin Care Set,1,83.2,2,83.2,5.9,16.31,103.75,Credit Card,Delivered,Standard,Website,WELCOME10,7,3
31905441,771578,2025-02-09,Home & Kitchen,Desk Lamp,2,46.73,20,93.46,12.9,14.95,102.62,Bank Transfer,Delivered,Express,Mobile App,WELCOME10,3,4
53221413,560426,2025-05-21,Electronics,Bluetooth Speaker,1,66.16,2,66.16,5.9,12.97,83.71,PayPal,Delayed,Standard,Mobile App,,7,3
60302763,225018,2024-12-19,Sports,Fitness Tracker,1,93.0,4,93.0,5.9,17.86,113.04,Credit Card,Delivered,Standard,Website,,3,4
66525516,450952,2025-01-18,Fashion,Classic Jeans,2,73.44,2,146.88,0.0,28.79,172.73,Bank Transfer,Delayed,Pickup,Marketplace,SAVE15,3,3
12933750,422271,2025-11-18,Books & Office,Monitor Stand,5,51.49,24,257.45,12.9,39.13,247.69,Apple Pay,Delivered,Express,Mobile App,SAVE15,3,5
97306718,593958,2025-07-22,Home & Kitchen,Cookware Set,1,152.44,22,152.44,0.0,23.78,142.68,Google Pay,Delivered,Standard,Marketplace,,5,4
54323793,344294,2025-04-19,Home & Kitchen,Coffee Maker,1,101.39,0,101.39,5.9,20.28,127.57,Credit Card,Delivered,Standard,Mobile App,,5,3
52444280,727033,2025-12-24,Books & Office,Office Chair,1,208.2,11,208.2,0.0,37.06,222.36,Bank Transfer,Delivered,Standard,Website,FREESHIP,4,5
46691669,676297,2025-09-25,Fashion,Backpack,1,72.97,9,72.97,5.9,5.11,77.41,Google Pay,Delivered,Standard,Mobile App,FREESHIP,5,5
27908583,433309,2025-12-22,Home & Kitchen,Desk Lamp,3,50.63,19,151.89,0.0,24.61,147.64,PayPal,Delivered,Standard,Mobile App,VIP20,5,5
14350694,736777,2025-10-20,Beauty,Makeup Kit,2,61.89,10,123.78,0.0,22.28,133.68,PayPal,Delivered,Standard,Mobile App,,6,4
65376455,646360,2025-12-22,Sports,Fitness Tracker,5,93.28,29,466.4,0.0,66.23,397.37,Credit Card,Delivered,Standard,Marketplace,VIP20,3,5
60494133,245306,2025-12-05,Beauty,Makeup Kit,2,59.91,19,119.82,5.9,19.41,122.36,Apple Pay,Delivered,Standard,Mobile App,FREESHIP,5,3
76377575,831444,2025-08-01,Home & Kitchen,Blender,1,71.37,12,71.37,5.9,12.56,81.27,PayPal,Delivered,Standard,Website,,4,4
63645941,894892,2025-03-16,Books & Office,Office Chair,1,224.94,0,224.94,0.0,44.99,269.93,Credit Card,Delivered,Standard,Mobile App,,7,4
74724302,648698,2025-08-16,Fashion,Running Shoes,1,111.98,0,111.98,5.9,16.8,134.68,Credit Card,Delayed,Standard,Mobile App,,8,5
89996798,773799,2025-06-27,Sports,Resistance Bands,1,31.29,0,31.29,5.9,6.26,43.45,Apple Pay,Delivered,Standard,Mobile App,,6,4
13536274,243318,2025-08-18,Home & Kitchen,Cookware Set,1,157.8,29,157.8,0.0,22.41,134.45,Google Pay,Delivered,Standard,Mobile App,SAVE15,5,4
20223529,711699,2025-08-27,Electronics,Mechanical Keyboard,1,98.55,10,98.55,5.9,6.83,101.42,PayPal,Delivered,Standard,Website,VIP20,6,5
43141266,676297,2025-10-06,Home & Kitchen,Blender,2,69.55,14,139.1,0.0,9.21,128.84,Credit Card,Delivered,Standard,Mobile App,,4,3
10431990,833845,2024-07-28,Books & Office,Monitor Stand,1,51.21,6,51.21,0.0,9.63,57.77,Google Pay,Delivered,Pickup,Marketplace,,1,4
96380638,650860,2025-07-13,Sports,Resistance Bands,1,27.25,2,27.25,5.9,5.34,37.94,Credit Card,Delivered,Standard,Mobile App,WELCOME10,5,4
64566182,681133,2025-07-10,Fashion,Cotton Hoodie,3,61.72,9,185.16,12.9,25.27,206.67,Credit Card,Delivered,Express,Website,,1,5
37062558,319377,2024-12-26,Beauty,Makeup Kit,2,57.51,18,115.02,0.0,18.86,113.18,Credit Card,Delivered,Pickup,Mobile App,,1,5
57482130,593958,2025-06-04,Electronics,Wireless Headphones,5,89.24,0,446.2,0.0,89.24,535.44,Credit Card,Delivered,Standard,Website,,3,5
15041975,212495,2025-10-14,Beauty,Perfume,1,96.57,32,96.57,5.9,5.06,76.63,PayPal,Delivered,Standard,Website,FREESHIP,7,5
94516731,467610,2025-12-01,Beauty,Skin Care Set,1,92.17,6,92.17,12.9,13.0,112.54,PayPal,Delivered,Express,Mobile App,,2,4
54117409,131819,2025-09-29,Home & Kitchen,Air Fryer,1,125.8,22,125.8,0.0,19.62,117.74,Bank Transfer,Delivered,Standard,Website,WELCOME10,5,4
38414691,819078,2025-12-17,Fashion,Winter Jacket,1,196.34,14,196.34,0.0,33.77,202.62,Apple Pay,Delivered,Standard,Mobile App,VIP20,4,4
69213692,798789,2025-11-15,Electronics,Smart Watch,1,146.3,4,146.3,0.0,28.09,168.54,Credit Card,Delayed,Standard,Mobile App,WELCOME10,10,3
66161028,334627,2024-12-04,Beauty,Electric Toothbrush,3,77.05,14,231.15,0.0,39.76,238.55,Apple Pay,Delivered,Standard,Website,,4,4
62710007,985158,2025-09-12,Books & Office,Data Analytics Book,2,40.71,2,81.42,12.9,15.96,108.65,Apple Pay,Delivered,Express,Website,,4,5
85236062,225018,2025-08-02,Electronics,USB-C Hub,1,43.06,5,43.06,5.9,8.18,54.99,Google Pay,Delivered,Standard,Marketplace,VIP20,3,5
79794589,416349,2025-03-25,Electronics,Smart Watch,1,141.78,20,141.78,0.0,22.68,136.1,Apple Pay,Delivered,Standard,Mobile App,SAVE15,5,5
54631672,463147,2025-07-12,Fashion,Backpack,2,75.25,2,150.5,0.0,29.5,176.99,Credit Card,Delivered,Standard,Website,,4,4
30788299,888237,2025-09-28,Books & Office,Notebook Set,1,19.2,22,19.2,12.9,3.0,30.88,Credit Card,Delivered,Express,Mobile App,,3,4
58180184,178261,2025-12-12,Books & Office,Notebook Set,2,25.36,6,50.72,5.9,9.54,63.12,Google Pay,Delivered,Standard,Website,,5,4
32856048,830384,2025-02-17,Books & Office,Office Chair,1,203.5,5,203.5,12.9,38.66,244.88,Credit Card,Delivered,Express,Website,SAVE15,2,5
33237730,837252,2024-12-01,Sports,Yoga Mat,1,40.55,9,40.55,5.9,2.84,45.64,PayPal,Delivered,Standard,Mobile App,,5,5
82628550,657545,2024-08-24,Home & Kitchen,Blender,2,88.81,2,177.62,0.0,34.81,208.88,Apple Pay,Delivered,Standard,Website,WELCOME10,4,4
32391256,496342,2025-09-26,Electronics,Mechanical Keyboard,4,112.31,10,449.24,0.0,80.86,485.18,Credit Card,Returned,Standard,Website,,4,
50454944,807947,2024-12-02,Fashion,Classic Jeans,2,61.68,4,123.36,0.0,17.76,136.19,PayPal,Returned,Standard,Mobile App,,3,
23552388,967709,2025-08-05,Fashion,Winter Jacket,1,171.22,17,171.22,0.0,28.42,170.53,,Delivered,Standard,Website,VIP20,3,4
18052281,204963,2025-12-08,Electronics,Mechanical Keyboard,2,101.55,4,203.1,0.0,39.0,233.98,PayPal,Delivered,Standard,Website,FREESHIP,5,3
59072509,981921,2025-12-01,Fashion,Running Shoes,1,117.69,6,117.69,5.9,22.13,0.0,PayPal,Cancelled,Standard,Mobile App,WELCOME10,,
73644003,658396,2025-11-14,Electronics,Wireless Headphones,1,89.05,19,89.05,12.9,14.43,99.46,Apple Pay,Delivered,Express,Mobile App,VIP20,4,4
14485618,993374,2025-09-04,Electronics,Mechanical Keyboard,1,100.91,10,100.91,5.9,18.16,114.88,PayPal,Delayed,Standard,Marketplace,VIP20,9,4
23930568,657545,2024-10-16,Books & Office,Office Chair,2,184.9,2,369.8,0.0,72.48,434.88,Google Pay,Delivered,Standard,Mobile App,,6,4
38090105,120293,2025-11-13,Books & Office,Office Chair,1,216.65,19,216.65,12.9,35.1,223.49,Credit Card,Delayed,Express,Mobile App,WELCOME10,6,3
87862074,672950,2024-10-27,Fashion,Classic Jeans,1,68.84,32,68.84,12.9,9.36,69.07,,Delivered,Express,Marketplace,VIP20,1,5
94847113,688526,2025-11-22,Books & Office,Data Analytics Book,1,44.66,4,44.66,5.9,8.57,57.34,Credit Card,Delivered,Standard,Website,,4,4
84226370,878684,2025-12-19,Books & Office,Monitor Stand,1,46.43,6,46.43,5.9,8.73,58.27,Credit Card,Delivered,Standard,Mobile App,,2,3
79753359,665255,2024-12-30,Electronics,Smart Watch,2,144.33,18,288.66,12.9,47.34,296.94,Bank Transfer,Delivered,Express,Website,WELCOME10,3,5
36600938,503699,2025-11-20,Books & Office,Ergonomic Mouse,3,55.03,21,165.09,0.0,26.08,156.5,Credit Card,Delayed,Standard,Website,SAVE15,6,2
26788148,265833,2025-10-20,Fashion,Backpack,1,75.49,22,75.49,5.9,11.78,76.56,Credit Card,Delivered,Standard,Marketplace,SAVE15,3,5
28892679,547441,2025-11-20,Fashion,Running Shoes,3,114.34,4,343.02,0.0,65.86,395.16,Apple Pay,Delivered,Pickup,Mobile App,,2,3
90103549,471028,2025-12-24,Electronics,Smart Watch,3,146.22,24,438.66,0.0,66.68,400.06,Credit Card,Delivered,Standard,Mobile App,,5,4
86903882,178261,2025-09-01,Fashion,Running Shoes,1,114.02,2,114.02,5.9,22.35,139.99,PayPal,Delivered,Standard,Marketplace,,4,3
38545455,778915,2025-11-30,Books & Office,Office Chair,1,215.95,11,215.95,12.9,38.44,243.54,Credit Card,Delivered,Express,Marketplace,,4,5
63968810,225018,2025-01-04,Sports,Dumbbell Set,1,112.6,17,112.6,5.9,18.69,118.05,Credit Card,Delivered,Standard,Mobile App,,5,4
77014371,185948,2024-05-02,Sports,Resistance Bands,1,32.48,17,32.48,0.0,5.39,32.35,Credit Card,Delivered,Pickup,Website,SAVE15,1,3
74336769,871468,2024-10-24,Sports,Resistance Bands,2,33.15,30,66.3,5.9,6.96,59.27,Credit Card,Delivered,Standard,Website,SAVE15,5,4
79017450,270516,2025-10-31,Sports,Resistance Bands,1,31.52,0,31.52,5.9,2.43,39.85,Bank Transfer,Delivered,Standard,Website,,7,4
22627515,847964,2025-12-30,Books & Office,Ergonomic Mouse,2,58.27,4,116.54,5.9,22.38,140.16,Credit Card,Delivered,Standard,Website,,4,4
24286940,912428,2025-09-12,Fashion,Backpack,1,79.72,19,79.72,5.9,12.91,83.38,Bank Transfer,Delayed,Standard,Website,FREESHIP,8,3
67496538,419258,2025-07-26,Electronics,Wireless Headphones,1,91.93,9,91.93,5.9,16.73,106.29,Credit Card,Delivered,Standard,Mobile App,,4,5
71400466,633555,2025-11-20,Books & Office,Ergonomic Mouse,1,56.36,14,56.36,12.9,9.69,71.06,Google Pay,Delivered,Express,Website,,2,5
51710433,447274,2025-12-10,Sports,Cycling Helmet,1,73.8,34,73.8,5.9,9.74,64.35,Credit Card,Delivered,Standard,Website,VIP20,2,5
38160105,917094,2024-12-01,Beauty,Hair Dryer,1,66.62,33,66.62,5.9,8.93,59.47,PayPal,Delivered,Standard,Marketplace,,5,5
75703888,733644,2025-12-09,Home & Kitchen,Coffee Maker,1,93.46,6,93.46,12.9,17.57,118.32,Bank Transfer,Delivered,Express,Mobile App,WELCOME10,1,5
94250075,759117,2025-04-14,Beauty,Hair Dryer,3,73.55,15,220.65,0.0,37.51,0.0,Credit Card,Cancelled,Standard,Marketplace,,,
62452613,119473,2025-01-01,Fashion,Classic Jeans,1,61.67,12,61.67,12.9,10.85,78.02,Credit Card,Delivered,Express,Marketplace,,1,5
89625986,861112,2025-11-04,Beauty,Skin Care Set,1,92.44,9,92.44,5.9,16.82,106.84,Credit Card,Delivered,Standard,Website,SAVE15,6,5
79459394,363608,2024-10-25,Sports,Resistance Bands,2,34.09,2,68.18,5.9,13.36,86.08,PayPal,Delivered,Standard,Mobile App,WELCOME10,5,4
49964616,778915,2025-12-25,Electronics,Bluetooth Speaker,1,68.08,16,68.08,5.9,11.44,74.53,Credit Card,Delivered,Standard,Website,,8,4
75229223,204963,2025-11-18,Beauty,Makeup Kit,1,54.57,29,54.57,5.9,7.75,52.39,Credit Card,Delayed,Standard,Website,FREESHIP,7,3
56630398,244304,2025-12-17,Electronics,Smart Watch,1,159.04,19,159.04,12.9,25.76,0.0,Credit Card,Cancelled,Express,Mobile App,VIP20,,
19248795,152133,2025-02-25,Fashion,Backpack,2,74.02,30,148.04,0.0,20.73,124.36,Bank Transfer,Delivered,Standard,Mobile App,SAVE15,5,5
12011359,574710,2025-07-17,Home & Kitchen,Blender,1,86.42,29,86.42,0.0,12.27,73.63,Apple Pay,Delivered,Pickup,Website,,1,4
84019943,581771,2025-08-14,Fashion,Winter Jacket,1,195.91,22,195.91,0.0,30.56,183.37,PayPal,Delivered,Standard,Mobile App,VIP20,6,4
45032324,433309,2025-12-26,Fashion,Running Shoes,5,117.84,4,589.2,12.9,113.13,691.66,PayPal,Returned,Express,Website,,1,
35332874,782437,2025-06-15,Electronics,Bluetooth Speaker,1,73.91,20,73.91,5.9,11.83,76.86,Credit Card,Delivered,Standard,Website,VIP20,5,4
36465412,746233,2025-04-04,Electronics,Bluetooth Speaker,2,72.64,12,145.28,0.0,25.57,153.42,Google Pay,Delivered,Standard,Website,WELCOME10,5,3
45597185,362615,2024-08-19,Sports,Cycling Helmet,2,81.33,15,162.66,0.0,27.65,0.0,Credit Card,Cancelled,Standard,Mobile App,WELCOME10,,
83563384,913479,2025-04-12,Fashion,Cotton Hoodie,2,62.12,0,124.24,0.0,24.85,149.09,Apple Pay,Delivered,Pickup,Marketplace,,1,5
74543866,825650,2025-07-04,Electronics,USB-C Hub,1,44.67,4,44.67,5.9,8.58,57.36,PayPal,Returned,Standard,Website,WELCOME10,5,
72348147,287149,2025-06-16,Home & Kitchen,Desk Lamp,2,50.26,17,100.52,5.9,16.69,106.02,Apple Pay,Delivered,Standard,Mobile App,VIP20,4,5
59464360,455270,2024-05-18,Beauty,Electric Toothbrush,1,76.66,19,76.66,5.9,12.42,80.41,Credit Card,Delivered,Standard,Mobile App,FREESHIP,6,5
68229332,737650,2025-03-01,Electronics,Wireless Headphones,1,82.26,2,82.26,0.0,6.21,86.82,Credit Card,Delivered,Pickup,Mobile App,FREESHIP,1,4
10450963,957124,2025-06-20,Sports,Dumbbell Set,2,113.6,5,227.2,0.0,43.17,259.01,Bank Transfer,Delivered,Standard,Marketplace,,6,4
82356850,658396,2025-10-12,Home & Kitchen,Cookware Set,2,173.1,10,346.2,0.0,62.32,0.0,PayPal,Cancelled,Standard,Mobile App,WELCOME10,,
56880516,731524,2025-09-15,Home & Kitchen,Air Fryer,1,115.76,22,115.76,5.9,18.06,114.25,Credit Card,Delayed,Standard,Mobile App,WELCOME10,6,3
52838139,272038,2025-01-26,Home & Kitchen,Blender,4,85.09,7,340.36,0.0,63.31,379.84,Credit Card,Delivered,Standard,Mobile App,VIP20,4,4
70538818,311826,2025-08-01,Electronics,Wireless Headphones,4,82.2,5,328.8,0.0,62.47,374.83,Credit Card,Delivered,Pickup,Website,,1,4
48346837,452641,2025-08-18,Home & Kitchen,Coffee Maker,3,86.91,2,260.73,0.0,51.1,306.62,PayPal,Delivered,Standard,Mobile App,WELCOME10,4,5
85269283,565703,2025-05-15,Fashion,Backpack,1,74.55,5,74.55,12.9,14.16,97.88,Credit Card,Delivered,Express,Website,,2,4
91005004,358151,2024-09-17,Fashion,Cotton Hoodie,1,62.23,24,62.23,5.9,9.46,62.65,Bank Transfer,Delivered,Standard,Website,WELCOME10,4,5
14038115,726063,2025-10-23,Books & Office,Notebook Set,1,21.83,2,21.83,5.9,4.28,31.57,Credit Card,Delivered,Standard,Mobile App,SAVE15,4,4
62667446,350434,2025-07-04,Beauty,Electric Toothbrush,2,78.92,17,157.84,0.0,26.2,157.21,Credit Card,Delivered,Standard,Website,WELCOME10,5,5
63252160,461503,2024-12-07,Fashion,Winter Jacket,1,168.44,9,168.44,0.0,30.66,183.94,Credit Card,Delivered,Standard,Website,,5,5
11778009,521348,2025-12-21,Sports,Resistance Bands,2,30.77,9,61.54,12.9,11.2,80.1,PayPal,Delivered,Express,Website,SAVE15,3,4
33938908,662484,2025-09-21,Beauty,Skin Care Set,2,95.49,22,190.98,12.9,29.79,191.65,PayPal,Delivered,Express,Website,WELCOME10,1,4
55463457,927673,2025-08-28,Electronics,Bluetooth Speaker,1,67.57,2,67.57,5.9,13.24,85.36,PayPal,Delivered,Standard,Marketplace,,5,5
45445792,215222,2025-02-17,Electronics,Wireless Headphones,3,102.81,24,308.43,0.0,46.88,281.29,Bank Transfer,Delivered,Standard,Website,,2,4
85060025,503699,2024-10-18,Electronics,Wireless Headphones,4,69.38,22,277.52,12.9,43.29,272.66,Apple Pay,Delivered,Express,Website,SAVE15,2,5
72858855,456030,2025-10-29,Books & Office,Ergonomic Mouse,1,55.35,20,55.35,0.0,8.86,53.14,Credit Card,Delivered,Pickup,Website,,1,4
28075660,874848,2025-05-25,Sports,Resistance Bands,1,32.92,20,32.92,5.9,5.27,37.51,Apple Pay,Delivered,Standard,Mobile App,,4,5
28311851,438556,2025-06-22,Beauty,Perfume,1,101.32,5,101.32,5.9,19.25,121.4,Bank Transfer,Delivered,Standard,Mobile App,,3,5
45254267,443824,2024-12-27,Beauty,Perfume,1,101.3,23,101.3,5.9,15.6,99.5,Apple Pay,Delivered,Standard,Website,,2,5
87486431,888237,2024-12-25,Sports,Cycling Helmet,4,70.98,26,283.92,12.9,42.02,265.02,Credit Card,Delivered,Express,Mobile App,FREESHIP,1,4
69187976,666728,2024-10-22,Electronics,Bluetooth Speaker,1,65.43,2,65.43,5.9,12.82,82.84,Apple Pay,Delivered,Standard,Website,,4,4
56569774,857434,2025-12-10,Home & Kitchen,Blender,2,84.48,6,168.96,12.9,31.76,203.48,Apple Pay,Delivered,Express,Website,WELCOME10,3,5
46302265,385849,2024-11-14,Books & Office,Ergonomic Mouse,2,48.73,26,97.46,0.0,10.82,82.94,Google Pay,Delivered,Pickup,Website,VIP20,2,5
53617658,507468,2025-11-26,Fashion,Cotton Hoodie,1,64.13,26,64.13,12.9,9.49,69.85,PayPal,Delivered,Express,Mobile App,SAVE15,1,4
15864456,662484,2024-10-15,Fashion,Running Shoes,1,105.5,12,105.5,0.0,18.57,111.41,Apple Pay,Delivered,Pickup,Website,FREESHIP,2,5
64058697,789592,2025-01-14,Electronics,Bluetooth Speaker,3,65.03,29,195.09,0.0,20.78,159.29,Google Pay,Returned,Standard,Website,,3,
77329815,651126,2025-11-09,Home & Kitchen,Desk Lamp,2,43.12,19,86.24,12.9,13.97,96.72,Credit Card,Delivered,Express,Marketplace,VIP20,1,3
45685218,412096,2025-07-12,Electronics,Smart Watch,3,151.61,27,454.83,0.0,66.41,398.44,Google Pay,Delivered,Standard,Website,,3,5
16520645,222579,2025-11-15,Electronics,Mechanical Keyboard,3,85.76,31,257.28,0.0,35.5,213.02,Google Pay,Delivered,Standard,Mobile App,,4,5
61893119,751201,2025-05-04,Electronics,Smart Watch,3,166.38,5,499.14,0.0,94.84,569.02,Apple Pay,Returned,Standard,Mobile App,FREESHIP,5,
90800614,729914,2025-12-12,Home & Kitchen,Air Fryer,1,119.09,29,119.09,12.9,16.91,114.36,Credit Card,Delivered,Express,Marketplace,WELCOME10,1,4
82577783,453744,2024-11-03,Fashion,Winter Jacket,1,183.19,14,183.19,0.0,31.51,189.05,PayPal,Delivered,Standard,Mobile App,FREESHIP,5,4
65507244,733644,2025-10-03,Beauty,Makeup Kit,3,49.82,12,149.46,0.0,26.3,157.82,Apple Pay,Delivered,Standard,Mobile App,VIP20,3,5
22410825,316389,2025-07-30,Fashion,Classic Jeans,1,74.2,22,74.2,5.9,11.58,75.36,Credit Card,Delayed,Standard,Mobile App,,8,1
58506578,242246,2025-09-08,Electronics,Smart Watch,1,138.33,17,138.33,0.0,22.96,137.77,Credit Card,Delivered,Standard,Website,FREESHIP,4,4
14409802,796464,2025-12-01,Electronics,Wireless Headphones,3,88.84,26,266.52,0.0,29.58,226.8,PayPal,Delivered,Standard,Mobile App,,3,5
23211242,887269,2025-12-23,Beauty,Electric Toothbrush,1,89.73,4,89.73,5.9,17.23,109.27,Credit Card,Delivered,Standard,Website,,6,4
44370932,131819,2024-03-20,Electronics,Mechanical Keyboard,1,91.26,7,91.26,5.9,16.97,107.74,Google Pay,Delivered,Standard,Website,,6,4
20161661,574710,2025-09-21,Fashion,Classic Jeans,3,63.74,7,191.22,12.9,35.57,226.3,Apple Pay,Delivered,Express,Mobile App,,1,4
73946687,178261,2025-06-12,Home & Kitchen,Air Fryer,1,141.6,17,141.6,0.0,23.51,141.04,Credit Card,Delivered,Standard,Website,VIP20,3,5
81945943,951634,2024-10-05,Beauty,Makeup Kit,1,55.57,19,55.57,5.9,9.0,59.91,PayPal,Delivered,Standard,Mobile App,WELCOME10,4,5
52150593,487033,2025-07-24,Fashion,Classic Jeans,2,71.89,12,143.78,12.9,25.31,164.74,Credit Card,Delivered,Express,Website,,4,4
19661054,522620,2025-12-31,Books & Office,Office Chair,4,197.52,14,790.08,0.0,52.32,731.79,Google Pay,Delivered,Standard,Mobile App,WELCOME10,4,3
20018947,218735,2025-11-20,Electronics,Mechanical Keyboard,1,91.51,21,91.51,12.9,10.84,96.03,Credit Card,Delivered,Express,Mobile App,SAVE15,1,4
80470602,657571,2025-03-31,Sports,Cycling Helmet,1,79.19,17,79.19,12.9,13.15,91.78,PayPal,Delayed,Express,Website,VIP20,5,4
86503962,499665,2025-05-20,Fashion,Backpack,1,84.07,30,84.07,12.9,11.77,83.52,Credit Card,Delivered,Express,Website,WELCOME10,1,4
21231494,167359,2025-06-24,Beauty,Makeup Kit,1,65.22,14,65.22,5.9,11.22,73.21,Credit Card,Delivered,Standard,Marketplace,,2,3
43746618,319377,2025-03-29,Fashion,Running Shoes,1,104.55,19,104.55,5.9,16.94,107.53,,Delayed,Standard,Website,FREESHIP,8,
32286346,358151,2025-07-12,Home & Kitchen,Coffee Maker,1,100.06,16,100.06,5.9,16.81,106.76,Credit Card,Returned,Standard,Mobile App,WELCOME10,4,
79007219,468629,2025-10-10,Books & Office,Ergonomic Mouse,2,47.06,10,94.12,0.0,16.94,101.65,Bank Transfer,Delivered,Pickup,Mobile App,,1,5
48155347,154643,2025-07-23,Beauty,Makeup Kit,2,48.74,22,97.48,5.9,11.4,93.33,Google Pay,Delayed,Standard,Website,,8,3
45710513,871400,2025-09-14,Electronics,Bluetooth Speaker,1,68.55,7,68.55,5.9,12.75,82.4,Credit Card,Delayed,Standard,Website,,7,3
89538021,358151,2024-09-21,Electronics,USB-C Hub,2,48.56,9,97.12,5.9,17.68,111.96,Apple Pay,Delivered,Standard,Mobile App,VIP20,5,5
99897291,709841,2025-05-29,Fashion,Winter Jacket,1,169.65,2,169.65,0.0,33.25,199.51,Bank Transfer,Delivered,Standard,Website,,3,5
66108709,889635,2025-07-08,Fashion,Classic Jeans,1,68.11,4,68.11,5.9,13.08,84.37,PayPal,Delivered,Standard,Mobile App,VIP20,5,5
13435945,551094,2025-09-20,Books & Office,Monitor Stand,3,44.33,20,132.99,12.9,21.28,0.0,Credit Card,Cancelled,Express,Website,SAVE15,,
58790915,740180,2025-10-30,Electronics,Wireless Headphones,3,99.63,5,298.89,0.0,56.79,340.74,Credit Card,Delivered,Standard,Website,,2,5
40302311,215222,2025-07-24,Home & Kitchen,Cookware Set,4,165.96,16,663.84,0.0,111.53,669.16,Credit Card,Delivered,Standard,Mobile App,,3,3
93995625,215222,2024-05-05,Electronics,Wireless Headphones,1,105.03,19,105.03,5.9,17.01,107.98,Google Pay,Delivered,Standard,Website,VIP20,6,4
28243471,770578,2025-11-23,Electronics,Bluetooth Speaker,3,72.19,4,216.57,0.0,41.58,249.49,Bank Transfer,Delivered,Standard,Website,SAVE15,5,5
86326836,119473,2025-06-14,Fashion,Classic Jeans,1,66.08,15,66.08,5.9,11.23,73.3,Apple Pay,Delayed,Standard,Website,FREESHIP,8,3
30179092,461503,2024-12-26,Books & Office,Office Chair,1,226.73,19,226.73,0.0,36.73,220.38,Bank Transfer,Delivered,Pickup,Mobile App,,1,5
90425650,311826,2024-08-20,Home & Kitchen,Coffee Maker,1,100.05,30,100.05,0.0,14.01,84.04,Credit Card,Delivered,Pickup,Website,,3,4
16235195,215222,2024-12-10,Home & Kitchen,Air Fryer,2,116.08,28,232.16,0.0,33.43,200.59,Credit Card,Delivered,Pickup,Website,,1,3
75065269,231776,2025-12-20,Beauty,Makeup Kit,1,52.02,4,52.02,5.9,9.99,65.83,Credit Card,Delivered,Standard,Mobile App,,4,5
34886234,953413,2025-11-30,Books & Office,Data Analytics Book,2,43.15,23,86.3,0.0,13.29,79.74,PayPal,Delivered,Pickup,Marketplace,FREESHIP,1,5
51420807,726063,2025-11-07,Home & Kitchen,Coffee Maker,2,95.22,6,190.44,0.0,35.8,214.81,Bank Transfer,Delivered,Pickup,Website,,1,5
27805664,262520,2025-08-31,Beauty,Electric Toothbrush,5,76.21,15,381.05,12.9,64.78,401.57,Google Pay,Delivered,Express,Mobile App,VIP20,1,3
74595041,860337,2025-12-05,Electronics,Smart Watch,1,132.3,14,132.3,12.9,22.76,149.44,PayPal,Delivered,Express,Mobile App,,1,4
10805567,746011,2025-08-03,Home & Kitchen,Desk Lamp,1,46.95,0,46.95,12.9,9.39,69.24,Credit Card,Delivered,Express,Marketplace,,2,3
63823812,990930,2025-07-07,Electronics,Mechanical Keyboard,1,82.82,2,82.82,5.9,16.23,103.29,Credit Card,Delivered,Standard,Mobile App,,4,4
29469208,301022,2024-08-31,Books & Office,Office Chair,1,225.81,20,225.81,0.0,36.13,216.78,Google Pay,Delivered,Standard,Mobile App,,5,4
12912017,985158,2025-03-10,Electronics,Mechanical Keyboard,2,99.91,2,199.82,0.0,39.16,234.98,PayPal,Delivered,Standard,Website,,7,3
64026694,736777,2025-12-27,Electronics,Smart Watch,2,139.32,4,278.64,0.0,53.5,320.99,PayPal,Delivered,Standard,Mobile App,,3,5
38560538,154643,2025-06-23,Books & Office,Notebook Set,1,22.23,0,22.23,12.9,3.33,38.46,PayPal,Delivered,Express,Website,,1,5
38325994,209508,2025-12-15,Books & Office,Data Analytics Book,1,43.63,9,43.63,0.0,7.94,47.64,PayPal,Delivered,Pickup,Mobile App,,1,5
88943187,871400,2024-11-11,Fashion,Winter Jacket,1,176.49,31,176.49,0.0,24.36,146.14,Credit Card,Delivered,Standard,Mobile App,,3,3
61153348,248706,2024-10-15,Fashion,Classic Jeans,1,72.51,32,72.51,5.9,9.86,0.0,Credit Card,Cancelled,Standard,Website,,,
90427876,672950,2025-09-23,Electronics,Wireless Headphones,1,86.66,2,86.66,5.9,16.99,107.82,Credit Card,Delayed,Standard,Marketplace,SAVE15,7,2
59647514,444949,2025-02-19,Home & Kitchen,Blender,1,77.37,22,77.37,5.9,12.07,78.32,Credit Card,Delivered,Standard,Website,,5,5
18263116,388402,2025-10-08,Electronics,USB-C Hub,1,48.16,0,48.16,5.9,9.63,63.69,Credit Card,Delivered,Standard,Mobile App,,4,5
90783696,181988,2025-11-11,Home & Kitchen,Cookware Set,1,152.62,9,152.62,0.0,27.78,166.66,Credit Card,Delivered,Pickup,Marketplace,WELCOME10,1,5
39415146,276189,2025-05-11,Sports,Cycling Helmet,3,73.11,10,219.33,12.9,39.48,249.78,Apple Pay,Delivered,Express,Mobile App,WELCOME10,3,3
19417367,888237,2025-12-20,Electronics,USB-C Hub,3,41.77,21,125.31,0.0,19.8,118.79,Bank Transfer,Delivered,Standard,Marketplace,,4,5
99182839,721362,2025-12-31,Books & Office,Notebook Set,2,24.25,4,48.5,12.9,9.31,68.77,Credit Card,Delivered,Express,Mobile App,,3,3
51875874,672950,2025-07-04,Beauty,Skin Care Set,1,95.36,19,95.36,5.9,15.45,98.59,Credit Card,Delivered,Standard,Website,WELCOME10,6,3
68208068,859344,2024-10-26,Books & Office,Data Analytics Book,2,37.54,5,75.08,5.9,14.27,91.5,Bank Transfer,Delivered,Standard,Website,,4,5
69471424,942724,2025-10-21,Electronics,Mechanical Keyboard,1,104.04,5,104.04,5.9,19.77,124.51,,Delivered,Standard,Mobile App,VIP20,6,5
26941666,294889,2025-11-15,Beauty,Hair Dryer,2,59.63,9,119.26,12.9,8.36,129.79,Credit Card,Delivered,Express,Marketplace,,1,4
60307949,648698,2024-10-28,Books & Office,Office Chair,3,215.03,10,645.09,0.0,87.09,667.67,Credit Card,Delivered,Standard,Mobile App,VIP20,2,4
28354711,550396,2024-10-24,Beauty,Hair Dryer,1,69.48,4,69.48,5.9,13.34,85.94,Google Pay,Delivered,Standard,Mobile App,,5,4
16444372,900924,2025-11-13,Fashion,Classic Jeans,1,69.31,24,69.31,5.9,10.54,69.12,PayPal,Delivered,Standard,Website,,4,4
30632497,593958,2025-07-05,Sports,Cycling Helmet,1,74.21,7,74.21,12.9,13.8,95.72,Credit Card,Delivered,Express,Website,SAVE15,1,5
51197465,606502,2025-12-07,Fashion,Classic Jeans,1,58.03,21,58.03,5.9,9.17,60.91,Bank Transfer,Delivered,Standard,Website,VIP20,2,5
83317148,551665,2025-04-20,Electronics,Bluetooth Speaker,1,71.94,12,71.94,5.9,12.66,81.87,Credit Card,Delayed,Standard,Website,VIP20,9,3
84728890,740180,2025-10-17,Electronics,Smart Watch,1,125.88,25,125.88,0.0,18.88,113.29,Credit Card,Delivered,Standard,Mobile App,VIP20,8,5
27578996,672950,2025-02-07,Home & Kitchen,Cookware Set,4,153.0,27,612.0,0.0,89.35,536.11,Apple Pay,Delayed,Standard,Mobile App,,9,3
80165305,814633,2024-07-08,Home & Kitchen,Desk Lamp,2,50.27,27,100.54,12.9,14.68,100.97,Credit Card,Delivered,Express,Website,,1,4
97228763,979370,2025-10-10,Home & Kitchen,Air Fryer,1,142.86,0,142.86,12.9,28.57,184.33,Credit Card,Delivered,Express,Website,,2,5
58511812,317282,2024-06-30,Home & Kitchen,Air Fryer,1,125.99,14,125.99,0.0,21.67,130.02,Credit Card,Delivered,Pickup,Website,SAVE15,2,3
70491912,900924,2025-06-10,Beauty,Hair Dryer,1,70.9,0,70.9,5.9,14.18,90.98,Credit Card,Delivered,Standard,Mobile App,,3,4
11826182,236070,2025-05-21,Electronics,Mechanical Keyboard,1,96.37,15,96.37,5.9,16.38,104.19,PayPal,Delivered,Standard,Website,VIP20,7,4
14901492,521348,2025-12-16,Electronics,Bluetooth Speaker,3,74.01,14,222.03,0.0,38.19,229.14,Google Pay,Delayed,Standard,Mobile App,WELCOME10,8,2
95334342,445918,2025-04-14,Electronics,Mechanical Keyboard,2,106.61,2,213.22,12.9,41.79,263.65,PayPal,Delivered,Express,Website,VIP20,1,2
67733456,301022,2024-10-07,Beauty,Hair Dryer,1,64.99,0,64.99,5.9,13.0,83.89,Credit Card,Delivered,Standard,Website,,2,4
19221819,655738,2025-07-05,Home & Kitchen,Desk Lamp,1,50.5,4,50.5,5.9,9.7,64.08,Credit Card,Delivered,Standard,Website,FREESHIP,5,5
47923437,127177,2025-07-03,Sports,Resistance Bands,1,31.51,14,31.51,5.9,5.42,38.42,Credit Card,Delivered,Standard,Mobile App,FREESHIP,5,5
37994607,857434,2025-10-29,Fashion,Cotton Hoodie,1,67.56,17,67.56,12.9,11.21,80.18,Apple Pay,Delivered,Express,Website,,2,4
64700715,302694,2025-02-15,Fashion,Backpack,1,71.61,0,71.61,5.9,14.32,91.83,Apple Pay,Delivered,Standard,Mobile App,,1,4
90068622,619125,2025-12-10,Fashion,Backpack,2,73.73,24,147.46,12.9,22.41,0.0,Credit Card,Cancelled,Express,Marketplace,,,
65848741,180687,2025-07-02,Electronics,Mechanical Keyboard,2,89.54,14,179.08,0.0,30.8,184.81,PayPal,Delivered,Standard,Website,FREESHIP,6,4
93522991,443824,2025-11-15,Books & Office,Ergonomic Mouse,1,59.47,8,59.47,5.9,10.94,71.55,Credit Card,Delayed,Standard,Mobile App,SAVE15,9,2
98408074,651343,2025-05-09,Beauty,Skin Care Set,1,84.3,12,84.3,5.9,14.84,94.92,Google Pay,Delivered,Standard,Website,VIP20,5,4
81765505,765119,2025-12-26,Electronics,Bluetooth Speaker,1,62.67,24,62.67,5.9,9.53,63.06,Google Pay,Delivered,Standard,Mobile App,SAVE15,5,4
44173390,240044,2025-08-23,Home & Kitchen,Air Fryer,1,137.55,0,137.55,12.9,27.51,177.96,Apple Pay,Delivered,Express,Website,,1,4
67340440,648235,2025-09-15,Beauty,Makeup Kit,2,55.09,22,110.18,5.9,17.19,109.03,Credit Card,Delivered,Standard,Website,VIP20,5,5
50689542,296484,2025-12-08,Sports,Dumbbell Set,1,123.77,24,123.77,12.9,18.81,125.78,PayPal,Delivered,Express,Website,SAVE15,2,4
43446633,204963,2025-11-11,Electronics,Smart Watch,1,155.37,14,155.37,0.0,26.72,160.34,Bank Transfer,Delivered,Standard,Marketplace,VIP20,4,3
17987626,726063,2025-10-25,Home & Kitchen,Blender,3,70.26,2,210.78,0.0,41.31,247.87,Credit Card,Delayed,Standard,Mobile App,FREESHIP,6,4
49621125,751201,2025-07-04,Beauty,Perfume,1,82.11,2,82.11,12.9,16.09,109.46,Credit Card,Delivered,Express,Mobile App,FREESHIP,1,5
92615742,565703,2024-05-21,Electronics,USB-C Hub,1,47.26,15,47.26,5.9,8.03,54.1,Credit Card,Delivered,Standard,Mobile App,,5,5
43203040,204963,2025-11-09,Beauty,Electric Toothbrush,1,73.92,24,73.92,12.9,11.24,80.32,Credit Card,Delivered,Express,Website,SAVE15,3,3
46013536,874948,2025-07-30,Fashion,Classic Jeans,1,53.41,29,53.41,5.9,7.58,51.4,Credit Card,Returned,Standard,Website,WELCOME10,3,
77446574,119634,2024-12-13,Electronics,Mechanical Keyboard,1,90.43,34,90.43,5.9,11.94,77.52,Credit Card,Delivered,Standard,Website,SAVE15,3,4
87863604,574720,2025-08-22,Beauty,Makeup Kit,1,56.08,27,56.08,5.9,8.19,0.0,Credit Card,Cancelled,Standard,Mobile App,WELCOME10,,
20033412,215222,2025-04-27,Beauty,Makeup Kit,2,65.62,24,131.24,12.9,19.95,132.59,Google Pay,Delivered,Express,Website,FREESHIP,1,5
54928031,282434,2024-09-04,Sports,Dumbbell Set,1,112.03,17,112.03,12.9,18.6,124.48,Bank Transfer,Delivered,Express,Website,VIP20,1,4
18354094,958235,2025-04-04,Home & Kitchen,Cookware Set,1,148.05,22,148.05,0.0,23.1,138.58,Apple Pay,Delayed,Standard,Website,,6,2
41812709,953413,2024-08-20,Fashion,Cotton Hoodie,3,70.16,29,210.48,12.9,29.89,192.23,Credit Card,Returned,Express,Marketplace,WELCOME10,2,
29428428,317282,2024-12-23,Electronics,Bluetooth Speaker,1,55.65,23,55.65,5.9,8.57,57.32,Bank Transfer,Delivered,Standard,Mobile App,FREESHIP,4,5
13780720,157073,2025-04-07,Beauty,Perfume,1,80.93,12,80.93,5.9,5.48,0.0,Credit Card,Cancelled,Standard,Website,,,
97705237,119133,2025-04-03,Electronics,Smart Watch,2,147.31,27,294.62,0.0,32.26,247.33,Credit Card,Delivered,Pickup,Website,FREESHIP,1,4
88010238,122041,2025-06-21,Electronics,Wireless Headphones,3,97.27,22,291.81,0.0,45.52,273.13,Credit Card,Delivered,Standard,Mobile App,SAVE15,5,3
23519647,416349,2025-11-10,Electronics,Bluetooth Speaker,1,66.55,34,66.55,5.9,8.78,58.6,Credit Card,Returned,Standard,Mobile App,WELCOME10,4,
53787460,958830,2025-12-23,Beauty,Hair Dryer,2,68.02,14,136.04,12.9,9.01,138.9,Apple Pay,Delivered,Express,Website,WELCOME10,2,4
17954146,352457,2025-09-13,Home & Kitchen,Blender,1,80.48,22,80.48,12.9,12.55,88.22,PayPal,Delivered,Express,Website,,3,5
73198293,302949,2025-11-13,Fashion,Classic Jeans,1,65.92,14,65.92,0.0,11.34,68.03,Google Pay,Delivered,Pickup,Mobile App,WELCOME10,1,5
73223444,468629,2025-10-21,Electronics,Mechanical Keyboard,1,109.61,10,109.61,5.9,19.73,124.28,Google Pay,Delivered,Standard,Website,WELCOME10,4,4
91592326,760200,2025-08-14,Electronics,Wireless Headphones,1,85.8,20,85.8,5.9,13.73,88.27,PayPal,Delivered,Standard,Website,,4,5
38122447,711699,2025-05-14,Sports,Resistance Bands,3,32.7,10,98.1,5.9,6.8,100.99,Credit Card,Delivered,Standard,Website,VIP20,3,4
85020680,250538,2025-12-27,Books & Office,Notebook Set,1,26.28,26,26.28,5.9,3.89,29.24,Google Pay,Delivered,Standard,Website,WELCOME10,4,5
90039351,825293,2025-04-11,Sports,Yoga Mat,1,33.38,20,33.38,5.9,5.34,37.94,PayPal,Delivered,Standard,Website,WELCOME10,2,5
49177484,225018,2025-08-14,Sports,Cycling Helmet,2,83.65,10,167.3,0.0,30.11,180.68,Credit Card,Delivered,Standard,Mobile App,FREESHIP,4,5
32312604,860337,2025-08-17,Beauty,Perfume,1,110.28,5,110.28,0.0,20.95,125.72,Credit Card,Delivered,Pickup,Website,,1,5
71005699,638662,2025-12-13,Home & Kitchen,Cookware Set,1,168.32,24,168.32,0.0,25.58,153.5,Apple Pay,Delivered,Standard,Website,SAVE15,3,5
63537535,507747,2025-12-08,Beauty,Hair Dryer,2,55.82,24,111.64,12.9,16.97,114.72,Bank Transfer,Delivered,Express,Mobile App,VIP20,2,5
92123119,391183,2025-10-29,Electronics,USB-C Hub,1,44.98,0,44.98,12.9,9.0,66.88,Credit Card,Delivered,Express,Mobile App,,3,5
58879633,394335,2025-07-14,Home & Kitchen,Cookware Set,1,168.15,24,168.15,0.0,25.56,153.35,Apple Pay,Delivered,Standard,Mobile App,,7,4
38592178,152133,2025-04-26,Electronics,Mechanical Keyboard,2,101.01,0,202.02,0.0,40.4,242.42,Credit Card,Delivered,Pickup,Mobile App,,1,5
87353629,587971,2025-10-18,Home & Kitchen,Blender,1,84.92,0,84.92,5.9,16.98,107.8,Credit Card,Delivered,Standard,Mobile App,,6,5
34225801,159448,2025-08-27,Beauty,Perfume,1,89.58,30,89.58,12.9,12.54,88.15,Credit Card,Delivered,Express,Website,FREESHIP,2,5
99791543,888971,2025-06-06,Home & Kitchen,Blender,1,82.84,25,82.84,12.9,9.32,84.35,Credit Card,Delivered,Express,Mobile App,,1,4
14115784,871468,2025-12-07,Electronics,Bluetooth Speaker,1,60.75,14,60.75,12.9,7.84,72.98,Credit Card,Delivered,Express,Marketplace,WELCOME10,1,3
30221859,709631,2025-07-18,Sports,Yoga Mat,1,40.9,7,40.9,5.9,7.61,51.55,Credit Card,Delivered,Standard,Mobile App,,4,5
25467216,621846,2025-06-23,Fashion,Winter Jacket,2,195.61,9,391.22,0.0,71.2,427.21,PayPal,Returned,Standard,Marketplace,,3,
93502755,311826,2025-01-08,Books & Office,Ergonomic Mouse,3,44.99,27,134.97,0.0,19.71,118.24,Credit Card,Delivered,Pickup,Mobile App,WELCOME10,1,3
70729334,767194,2025-10-30,Fashion,Classic Jeans,1,74.37,0,74.37,5.9,11.16,91.43,Credit Card,Delivered,Standard,Mobile App,,6,4
95925530,740180,2025-11-04,Beauty,Perfume,1,83.9,19,83.9,5.9,13.59,87.45,Credit Card,Delivered,Standard,Mobile App,,5,5
87836775,831444,2025-10-23,Home & Kitchen,Coffee Maker,1,94.15,7,94.15,5.9,17.51,110.97,Credit Card,Delayed,Standard,Mobile App,WELCOME10,8,3
33622283,887269,2025-12-18,Beauty,Skin Care Set,2,89.19,4,178.38,12.9,34.25,218.39,Bank Transfer,Delivered,Express,Website,FREESHIP,4,5
23478380,429479,2025-08-03,Beauty,Skin Care Set,2,79.98,12,159.96,12.9,28.15,181.81,Bank Transfer,Delivered,Express,Website,,1,5
66374707,167359,2024-06-15,Beauty,Electric Toothbrush,4,83.43,29,333.72,12.9,47.39,297.23,Bank Transfer,Delivered,Express,Marketplace,SAVE15,1,3
66690180,900924,2025-01-26,Beauty,Electric Toothbrush,1,68.28,7,68.28,12.9,12.7,89.1,Google Pay,Delivered,Express,Mobile App,,1,4
91680539,746233,2024-11-19,Sports,Yoga Mat,2,41.05,21,82.1,5.9,12.97,83.73,Credit Card,Delivered,Standard,Website,FREESHIP,4,4
54305066,626632,2025-11-10,Electronics,Wireless Headphones,1,85.1,26,85.1,0.0,12.59,75.56,Credit Card,Delivered,Pickup,Mobile App,SAVE15,1,5
18206030,648698,2024-11-02,Electronics,Bluetooth Speaker,1,69.35,4,69.35,5.9,9.99,82.47,Credit Card,Delivered,Standard,Mobile App,,5,4
64179473,557889,2025-12-04,Books & Office,Notebook Set,1,24.92,4,24.92,5.9,4.78,34.6,Credit Card,Delivered,Standard,Mobile App,VIP20,4,5
59276714,729914,2025-12-05,Fashion,Backpack,1,71.16,9,71.16,5.9,12.95,83.61,Apple Pay,Delayed,Standard,Website,,7,3
81655584,871400,2025-02-25,Books & Office,Office Chair,3,194.1,12,582.3,12.9,102.48,627.8,Apple Pay,Delivered,Express,Website,,1,5
10045809,746525,2025-12-04,Home & Kitchen,Desk Lamp,1,47.8,4,47.8,12.9,9.18,67.97,PayPal,Delivered,Express,Website,SAVE15,1,5
46213966,596680,2025-02-20,Sports,Dumbbell Set,5,113.08,24,565.4,12.9,85.94,528.54,Credit Card,Delivered,Express,Website,,2,5
34258474,685801,2025-10-31,Books & Office,Office Chair,3,209.66,5,628.98,12.9,119.51,729.94,Credit Card,Delivered,Express,Mobile App,VIP20,3,3
23148028,105502,2025-12-30,Sports,Dumbbell Set,3,133.43,26,400.29,12.9,59.24,0.0,PayPal,Cancelled,Express,Website,,,
85160045,853287,2024-10-27,Home & Kitchen,Desk Lamp,1,45.16,17,45.16,5.9,7.5,0.0,PayPal,Cancelled,Standard,Website,FREESHIP,,
13503520,463147,2025-06-28,Home & Kitchen,Air Fryer,1,126.11,10,126.11,0.0,22.7,136.2,Credit Card,Delivered,Pickup,Website,VIP20,1,4
17727847,104428,2025-09-11,Sports,Dumbbell Set,4,108.84,22,435.36,12.9,67.92,420.4,Credit Card,Delivered,Express,Website,VIP20,1,4
38120479,405090,2025-12-30,Books & Office,Notebook Set,1,22.55,4,22.55,5.9,4.33,31.88,Credit Card,Delivered,Standard,Website,SAVE15,4,4
26506969,456030,2025-12-04,Home & Kitchen,Desk Lamp,2,48.28,4,96.56,5.9,18.54,117.14,Credit Card,Delivered,Standard,Mobile App,,5,3
49867899,270244,2025-12-07,Electronics,Smart Watch,1,142.48,14,142.48,12.9,24.51,159.94,Bank Transfer,Delayed,Express,Website,,1,3
20692729,202492,2024-09-24,Home & Kitchen,Coffee Maker,1,87.52,12,87.52,5.9,5.93,88.85,Bank Transfer,Delivered,Standard,Mobile App,VIP20,6,5
75293296,479084,2025-05-28,Electronics,Bluetooth Speaker,2,63.85,0,127.7,0.0,25.54,153.24,Google Pay,Delivered,Standard,Website,,7,4
17218986,225018,2024-11-28,Home & Kitchen,Desk Lamp,1,49.77,4,49.77,5.9,9.56,63.24,Apple Pay,Delivered,Standard,Mobile App,,6,5
35087958,547877,2025-12-13,Fashion,Classic Jeans,1,68.52,31,68.52,5.9,9.46,62.64,Google Pay,Delivered,Standard,Website,,6,5
88491533,298043,2025-06-05,Sports,Resistance Bands,3,33.45,25,100.35,5.9,15.05,96.21,Credit Card,Delivered,Standard,Website,,6,5
47661950,268270,2025-10-08,Electronics,Smart Watch,1,162.54,12,162.54,12.9,28.61,184.55,PayPal,Delivered,Express,Website,VIP20,2,5
28553719,641029,2025-12-18,Sports,Resistance Bands,4,30.44,4,121.76,0.0,23.38,140.27,PayPal,Delivered,Standard,Mobile App,,4,5
20571250,990675,2025-08-02,Fashion,Cotton Hoodie,1,59.62,20,59.62,5.9,9.54,63.14,Credit Card,Delivered,Standard,Website,,4,3
86804377,748344,2025-09-12,Home & Kitchen,Desk Lamp,1,49.79,0,49.79,5.9,9.96,65.65,Bank Transfer,Delivered,Standard,Website,,7,5
74303521,478222,2024-12-14,Fashion,Cotton Hoodie,1,63.47,16,63.47,5.9,10.66,69.87,Bank Transfer,Delivered,Standard,Website,WELCOME10,4,4
71154089,225018,2025-02-12,Books & Office,Office Chair,3,200.1,10,600.3,0.0,108.05,648.32,PayPal,Delivered,Standard,Website,SAVE15,4,5
20845111,990675,2025-07-02,Fashion,Winter Jacket,3,185.13,22,555.39,0.0,86.64,519.84,Credit Card,Delivered,Standard,Mobile App,,7,4
58656999,256754,2025-08-18,Fashion,Backpack,1,85.08,10,85.08,12.9,11.49,100.96,PayPal,Delayed,Express,Mobile App,FREESHIP,5,3
16310216,985158,2025-04-14,Fashion,Classic Jeans,3,62.19,2,186.57,12.9,36.57,232.31,Bank Transfer,Delivered,Express,Mobile App,SAVE15,1,5
23890158,236070,2025-09-15,Electronics,USB-C Hub,1,48.35,20,48.35,12.9,7.74,59.32,Credit Card,Delivered,Express,Mobile App,,3,4
97728966,560426,2025-09-18,Electronics,Smart Watch,1,137.98,32,137.98,0.0,18.77,112.6,PayPal,Delivered,Standard,Mobile App,,6,4
62152641,785908,2025-04-09,Fashion,Running Shoes,1,107.93,5,107.93,12.9,20.51,135.94,Credit Card,Returned,Express,Marketplace,,1,
67303907,917094,2025-07-12,Electronics,USB-C Hub,1,45.78,31,45.78,5.9,6.32,43.81,Credit Card,Delayed,Standard,Mobile App,WELCOME10,5,3
51107362,339209,2025-11-10,Electronics,USB-C Hub,3,46.92,29,140.76,0.0,14.99,114.93,Google Pay,Returned,Standard,Website,SAVE15,6,
66840172,746525,2025-11-28,Home & Kitchen,Cookware Set,1,155.19,4,155.19,0.0,29.8,178.78,Credit Card,Returned,Standard,Website,SAVE15,4,
75398887,962186,2025-11-17,Electronics,USB-C Hub,2,41.71,4,83.42,5.9,16.02,102.0,Apple Pay,Delayed,Standard,Website,VIP20,7,2
63727405,218341,2025-12-21,Fashion,Backpack,1,76.0,19,76.0,5.9,12.31,79.77,Credit Card,Returned,Standard,Website,VIP20,5,
18133205,119473,2025-12-31,Beauty,Makeup Kit,5,60.08,34,300.4,12.9,39.65,250.81,Credit Card,Delayed,Express,Website,SAVE15,6,4
94015681,215775,2025-12-25,Electronics,Smart Watch,1,135.1,4,135.1,12.9,25.94,168.54,Apple Pay,Delivered,Express,Website,WELCOME10,3,4
76396582,487033,2024-11-11,Fashion,Classic Jeans,1,72.84,34,72.84,0.0,9.61,57.68,Credit Card,Delivered,Pickup,Mobile App,SAVE15,1,5
38782789,119473,2025-09-09,Beauty,Electric Toothbrush,1,71.71,10,71.71,12.9,12.91,90.35,Bank Transfer,Delivered,Express,Mobile App,,3,5
64668945,848223,2025-11-25,Home & Kitchen,Coffee Maker,2,85.85,31,171.7,0.0,23.69,142.16,PayPal,Delayed,Standard,Mobile App,WELCOME10,9,4
75469127,287149,2025-06-04,Fashion,Running Shoes,4,115.19,2,460.76,0.0,90.31,541.85,PayPal,Delivered,Standard,Mobile App,,5,5
26290869,119473,2025-03-09,Books & Office,Office Chair,1,223.83,5,223.83,0.0,42.53,255.17,Bank Transfer,Delivered,Standard,Mobile App,VIP20,6,5
79807547,287149,2025-06-30,Fashion,Winter Jacket,1,159.94,17,159.94,12.9,26.55,172.2,PayPal,Delivered,Express,Website,FREESHIP,1,4
92335520,574720,2025-02-08,Beauty,Hair Dryer,1,70.95,2,70.95,5.9,13.91,89.34,Apple Pay,Delayed,Standard,Website,,8,3
83705749,422472,2025-12-13,Books & Office,Ergonomic Mouse,5,48.98,31,244.9,0.0,33.8,202.78,PayPal,Delivered,Standard,Mobile App,FREESHIP,7,5
48320858,920398,2025-11-04,Sports,Dumbbell Set,1,119.49,9,119.49,5.9,21.75,136.39,Credit Card,Delivered,Standard,Website,VIP20,5,4
53832302,587217,2024-10-22,Home & Kitchen,Air Fryer,1,133.75,0,133.75,12.9,10.3,156.95,Apple Pay,Delivered,Express,Website,,3,5
14445392,866265,2025-07-20,Books & Office,Monitor Stand,1,45.99,14,45.99,5.9,7.91,53.36,Credit Card,Delivered,Standard,Mobile App,WELCOME10,4,3
98652299,272490,2025-05-16,Beauty,Hair Dryer,1,65.8,0,65.8,5.9,13.16,84.86,PayPal,Delivered,Standard,Mobile App,,5,5
31729496,596169,2025-11-12,Beauty,Makeup Kit,1,46.55,4,46.55,0.0,8.94,53.63,Apple Pay,Delivered,Pickup,Mobile App,FREESHIP,1,5
95126551,373683,2025-09-15,Home & Kitchen,Blender,1,86.21,25,86.21,5.9,12.93,83.49,Credit Card,Returned,Standard,Website,,3,
20484649,319377,2025-07-27,Fashion,Classic Jeans,1,73.17,31,73.17,5.9,10.1,66.49,Credit Card,Delivered,Standard,Website,WELCOME10,4,5
45129510,355481,2025-10-10,Sports,Dumbbell Set,3,116.13,10,348.39,0.0,62.71,376.26,PayPal,Delivered,Standard,Mobile App,,7,5
57788014,303225,2024-06-11,Beauty,Skin Care Set,3,90.99,0,272.97,0.0,54.59,327.56,PayPal,Delivered,Pickup,Website,,1,4
92181996,858282,2025-12-30,Beauty,Makeup Kit,1,56.58,29,56.58,5.9,8.03,54.1,Credit Card,Delivered,Standard,Mobile App,,3,4
21492380,827812,2025-12-28,Sports,Fitness Tracker,2,86.14,24,172.28,0.0,26.19,157.12,Google Pay,Delivered,Standard,Mobile App,WELCOME10,4,4
42229124,258199,2024-11-12,Electronics,Bluetooth Speaker,2,66.56,14,133.12,0.0,8.81,123.29,Google Pay,Delivered,Standard,Website,FREESHIP,2,4
24808748,232146,2025-03-22,Fashion,Running Shoes,1,111.23,22,111.23,12.9,17.35,117.01,Credit Card,Delivered,Express,Mobile App,,1,5
42894441,131819,2025-02-23,Fashion,Running Shoes,2,119.92,7,239.84,12.9,44.61,280.56,,Delivered,Express,Mobile App,,3,4
62767330,445918,2024-07-31,Electronics,Wireless Headphones,1,90.0,9,90.0,5.9,16.38,104.18,PayPal,Delivered,Standard,Mobile App,,3,4
63562007,958830,2025-09-24,Books & Office,Ergonomic Mouse,1,55.13,20,55.13,5.9,3.4,53.4,Credit Card,Delivered,Standard,Mobile App,VIP20,6,4
86613075,350434,2025-12-10,Beauty,Skin Care Set,1,93.54,9,93.54,12.9,17.02,115.04,Credit Card,Delivered,Express,Website,VIP20,1,4
26077499,719528,2025-08-31,Sports,Dumbbell Set,1,116.6,17,116.6,5.9,19.36,122.04,Bank Transfer,Delivered,Standard,Marketplace,VIP20,5,3
31313878,215222,2025-03-19,Fashion,Classic Jeans,1,72.62,29,72.62,5.9,10.31,67.77,Apple Pay,Delivered,Standard,Website,WELCOME10,5,5
80311932,892918,2025-02-20,Electronics,Smart Watch,1,140.01,14,140.01,0.0,24.08,144.49,Bank Transfer,Delayed,Standard,Website,,6,3
88902763,915937,2024-12-26,Electronics,Mechanical Keyboard,1,99.34,11,99.34,5.9,17.68,111.99,Apple Pay,Delivered,Standard,Mobile App,FREESHIP,3,5
67645207,748344,2025-08-05,Electronics,USB-C Hub,1,43.24,10,43.24,5.9,7.78,52.6,Apple Pay,Delivered,Standard,Website,,3,5
22325809,801451,2025-12-31,Electronics,Smart Watch,3,132.02,4,396.06,0.0,57.03,0.0,Google Pay,Cancelled,Standard,Mobile App,,,
78736259,487033,2025-03-29,Electronics,Smart Watch,1,139.35,20,139.35,0.0,22.3,133.78,PayPal,Delivered,Standard,Mobile App,SAVE15,3,4
29731076,215222,2024-06-29,Fashion,Backpack,1,71.64,24,71.64,12.9,10.89,78.24,Credit Card,Delivered,Express,Mobile App,,2,5
57194618,756226,2025-12-31,Electronics,Bluetooth Speaker,1,63.56,26,63.56,5.9,9.41,62.34,Credit Card,Delivered,Standard,Website,VIP20,5,3
11474781,871468,2025-06-23,Electronics,Bluetooth Speaker,1,63.84,20,63.84,0.0,7.66,58.73,Credit Card,Delivered,Pickup,Website,,2,3
64952017,136522,2025-10-26,Beauty,Skin Care Set,1,80.09,12,80.09,12.9,14.1,97.48,Credit Card,Delivered,Express,Website,,3,4
26742150,662484,2024-11-20,Home & Kitchen,Cookware Set,1,169.11,21,169.11,0.0,26.72,160.32,PayPal,Delivered,Pickup,Website,,1,5
38564037,520836,2025-10-02,Fashion,Running Shoes,2,113.23,10,226.46,12.9,40.76,257.47,Google Pay,Delivered,Express,Mobile App,,1,4
96345309,565703,2025-09-24,Electronics,Mechanical Keyboard,2,102.89,0,205.78,0.0,41.16,246.94,Credit Card,Delayed,Standard,Marketplace,,7,3
53261758,634463,2025-12-01,Books & Office,Notebook Set,1,25.31,14,25.31,5.9,4.35,32.02,PayPal,Delivered,Standard,Mobile App,SAVE15,4,5
92153904,311826,2024-08-06,Home & Kitchen,Blender,1,74.11,10,74.11,5.9,13.34,85.94,Google Pay,Delivered,Standard,Mobile App,,3,5
72564153,879588,2025-12-21,Fashion,Classic Jeans,1,70.58,24,70.58,5.9,10.73,70.27,Credit Card,Returned,Standard,Mobile App,VIP20,7,
16766814,350075,2025-12-26,Fashion,Cotton Hoodie,2,54.66,21,109.32,5.9,17.27,109.53,Google Pay,Delivered,Standard,Website,WELCOME10,6,4
28207832,596680,2024-12-12,Sports,Dumbbell Set,1,133.09,28,133.09,12.9,19.16,127.88,PayPal,Delivered,Express,Marketplace,SAVE15,2,4
68857562,492888,2025-11-05,Sports,Resistance Bands,2,28.06,14,56.12,5.9,9.65,63.81,Google Pay,Delayed,Standard,Website,VIP20,7,3
16472395,499852,2025-04-15,Beauty,Skin Care Set,3,88.76,2,266.28,0.0,52.19,313.14,Apple Pay,Delivered,Standard,Mobile App,,4,4
32964049,385698,2025-08-29,Books & Office,Office Chair,2,209.85,17,419.7,0.0,26.82,375.17,Bank Transfer,Delivered,Standard,Website,,5,5
73583691,215222,2025-05-05,Home & Kitchen,Desk Lamp,3,49.02,19,147.06,12.9,23.82,155.84,Credit Card,Delivered,Express,Marketplace,,1,5
40948769,145895,2025-12-29,Home & Kitchen,Desk Lamp,1,52.27,4,52.27,5.9,10.04,66.12,Bank Transfer,Delivered,Standard,Website,SAVE15,4,4
10396957,703633,2025-07-26,Home & Kitchen,Cookware Set,2,157.01,17,314.02,0.0,52.13,312.77,Credit Card,Delivered,Standard,Marketplace,VIP20,4,4
12374348,780313,2024-08-30,Electronics,Wireless Headphones,1,97.43,22,97.43,5.9,15.2,97.1,Credit Card,Delivered,Standard,Mobile App,VIP20,3,4
51655934,268270,2025-07-25,Sports,Cycling Helmet,1,69.32,14,69.32,0.0,11.92,71.54,PayPal,Delivered,Pickup,Website,,2,4
54648746,110045,2025-11-08,Electronics,USB-C Hub,1,45.32,14,45.32,12.9,7.8,59.68,Google Pay,Delivered,Express,Website,,1,5
24560179,135344,2024-11-01,Electronics,Smart Watch,1,130.47,6,130.47,0.0,24.53,147.17,Credit Card,Delivered,Standard,Mobile App,VIP20,5,4
85653811,687269,2025-09-17,Books & Office,Notebook Set,1,25.1,0,25.1,12.9,5.02,0.0,Google Pay,Cancelled,Express,Marketplace,,,
85972782,136522,2025-07-31,Electronics,Mechanical Keyboard,2,96.17,29,192.34,0.0,27.31,0.0,Credit Card,Cancelled,Standard,Website,FREESHIP,,
88403476,287149,2025-05-24,Electronics,Wireless Headphones,2,84.0,17,168.0,0.0,27.89,167.33,Credit Card,Delivered,Standard,Marketplace,,6,4
44772966,487033,2025-07-13,Books & Office,Ergonomic Mouse,2,56.1,12,112.2,5.9,19.75,124.39,Credit Card,Delivered,Standard,Marketplace,,5,4
63724803,782437,2025-08-22,Sports,Cycling Helmet,1,68.87,20,68.87,5.9,11.02,72.02,Credit Card,Delivered,Standard,Mobile App,VIP20,5,4
36822536,878150,2025-03-22,Home & Kitchen,Cookware Set,1,167.0,25,167.0,0.0,25.05,150.3,Credit Card,Delayed,Standard,Website,,9,3
42601353,859344,2025-04-04,Beauty,Makeup Kit,2,62.06,15,124.12,12.9,21.1,139.5,PayPal,Delivered,Express,Website,FREESHIP,2,5
95506265,241563,2025-01-26,Electronics,Mechanical Keyboard,1,94.6,12,94.6,5.9,16.65,105.8,Credit Card,Delivered,Standard,Website,,4,5
81271855,104428,2025-11-05,Fashion,Cotton Hoodie,1,62.45,35,62.45,12.9,8.12,61.61,Credit Card,Delivered,Express,Website,FREESHIP,2,4
56066035,995196,2025-12-22,Books & Office,Monitor Stand,1,51.62,6,51.62,0.0,9.7,58.22,Bank Transfer,Delayed,Pickup,Mobile App,,2,2
94207368,445918,2025-08-08,Fashion,Winter Jacket,1,195.5,2,195.5,0.0,38.32,229.91,Credit Card,Delivered,Standard,Mobile App,,5,4
98973244,215222,2024-09-10,Fashion,Classic Jeans,2,62.85,14,125.7,12.9,21.62,142.62,Credit Card,Delayed,Express,Website,,5,4
72152802,300416,2025-12-10,Fashion,Winter Jacket,2,194.27,19,388.54,12.9,62.94,390.56,Credit Card,Delayed,Express,Mobile App,FREESHIP,5,3
82704178,243318,2024-11-16,Sports,Fitness Tracker,1,87.51,18,87.51,5.9,14.35,92.01,Credit Card,Delivered,Standard,Website,,5,5
92573624,142846,2025-10-29,Home & Kitchen,Air Fryer,2,125.01,0,250.02,0.0,50.0,300.02,Credit Card,Delivered,Standard,Mobile App,,5,3
13718628,871468,2025-03-09,Electronics,USB-C Hub,4,47.21,10,188.84,12.9,25.49,208.35,PayPal,Delivered,Express,Mobile App,SAVE15,1,5
28598774,498838,2025-06-17,Fashion,Cotton Hoodie,1,57.69,0,57.69,12.9,11.54,82.13,Credit Card,Delivered,Express,Website,,3,5
25669322,211308,2025-12-25,Beauty,Electric Toothbrush,1,78.62,19,78.62,5.9,12.74,82.32,PayPal,Delivered,Standard,Mobile App,,4,4
41739512,549554,2024-10-13,Electronics,Wireless Headphones,1,69.86,34,69.86,12.9,9.22,68.23,Credit Card,Delivered,Express,Mobile App,,1,4
39598941,981921,2025-12-26,Beauty,Makeup Kit,1,53.95,6,53.95,12.9,10.14,73.75,PayPal,Delivered,Express,Marketplace,,1,3
33133278,391759,2025-12-20,Electronics,Smart Watch,3,149.66,16,448.98,12.9,56.57,446.61,Credit Card,Delivered,Express,Mobile App,,1,4
83029321,419258,2025-07-26,Fashion,Winter Jacket,1,164.83,9,164.83,0.0,30.0,180.0,PayPal,Delayed,Pickup,Website,SAVE15,3,2
25184877,487033,2024-12-23,Fashion,Running Shoes,3,114.2,19,342.6,12.9,55.5,345.91,PayPal,Delivered,Express,Mobile App,SAVE15,1,3
48744343,801451,2025-12-30,Sports,Resistance Bands,1,34.94,14,34.94,5.9,4.51,40.46,Apple Pay,Delivered,Standard,Website,FREESHIP,2,4
83652714,497108,2025-05-02,Fashion,Cotton Hoodie,3,71.53,0,214.59,12.9,42.92,270.41,Credit Card,Delivered,Express,Website,,2,4
52245036,101827,2025-09-24,Fashion,Classic Jeans,1,71.0,7,71.0,5.9,13.21,85.14,PayPal,Delivered,Standard,Website,WELCOME10,7,5
76824115,178261,2025-03-13,Sports,Yoga Mat,2,38.01,22,76.02,5.9,11.86,77.06,Google Pay,Delivered,Standard,Website,SAVE15,5,3
43904219,547441,2025-08-01,Electronics,Wireless Headphones,1,90.82,0,90.82,12.9,18.16,121.88,Apple Pay,Delivered,Express,Marketplace,,3,3
47197231,957124,2025-11-02,Beauty,Hair Dryer,1,64.37,24,64.37,5.9,9.78,64.6,Credit Card,Delivered,Standard,Website,SAVE15,4,5
36979599,587217,2025-07-31,Fashion,Running Shoes,1,105.72,12,105.72,12.9,7.16,113.09,Credit Card,Delivered,Express,Mobile App,,2,5
82257036,726493,2025-09-28,Fashion,Cotton Hoodie,2,63.07,22,126.14,0.0,7.58,105.97,Apple Pay,Delivered,Standard,Website,,4,5
58762075,463147,2025-11-19,Home & Kitchen,Blender,2,84.76,24,169.52,0.0,25.77,154.61,Credit Card,Delivered,Pickup,Website,FREESHIP,1,4
88393505,879588,2025-10-31,Fashion,Running Shoes,1,121.71,10,121.71,12.9,21.91,144.35,Credit Card,Delivered,Express,Marketplace,,1,5
94581666,241099,2025-07-18,Beauty,Makeup Kit,1,59.66,4,59.66,5.9,11.45,74.62,Credit Card,Delivered,Standard,Marketplace,VIP20,3,4
82265039,767194,2025-12-16,Books & Office,Office Chair,1,205.93,14,205.93,0.0,26.57,203.67,PayPal,Delivered,Standard,Marketplace,VIP20,5,4
47016294,179027,2025-08-24,Fashion,Winter Jacket,4,193.73,19,774.92,12.9,125.54,766.13,Credit Card,Delivered,Express,Mobile App,,2,4
97667802,391759,2024-11-08,Fashion,Cotton Hoodie,1,59.93,6,59.93,5.9,8.45,70.68,Credit Card,Delivered,Standard,Website,,4,4
92676908,958830,2025-02-13,Home & Kitchen,Cookware Set,2,159.24,15,318.48,0.0,20.84,291.55,Bank Transfer,Delivered,Standard,Website,WELCOME10,3,2
56956569,503699,2024-08-23,Electronics,Bluetooth Speaker,1,64.58,2,64.58,5.9,12.66,81.85,Credit Card,Delivered,Standard,Website,SAVE15,5,4
31494198,613208,2024-08-18,Sports,Cycling Helmet,1,89.3,0,89.3,12.9,17.86,120.06,Credit Card,Delivered,Express,Mobile App,,4,2
94409327,361412,2025-11-22,Electronics,Wireless Headphones,1,80.96,26,80.96,0.0,11.98,71.89,Apple Pay,Delivered,Pickup,Marketplace,,1,5
55177417,204963,2025-12-30,Fashion,Winter Jacket,1,186.59,9,186.59,0.0,33.96,203.76,Apple Pay,Delivered,Standard,Marketplace,,5,4
89056971,545439,2025-01-21,Fashion,Backpack,2,75.77,14,151.54,0.0,26.06,156.38,Credit Card,Returned,Standard,Website,VIP20,5,
38824953,904949,2025-07-18,Home & Kitchen,Coffee Maker,3,78.37,12,235.11,0.0,31.04,237.94,Credit Card,Delivered,Standard,Mobile App,WELCOME10,6,4
23079560,524502,2025-12-28,Books & Office,Ergonomic Mouse,1,52.06,16,52.06,12.9,8.75,65.38,PayPal,Delivered,Express,Mobile App,WELCOME10,3,4
98461562,119473,2025-12-26,Home & Kitchen,Cookware Set,2,152.79,9,305.58,12.9,55.62,346.6,PayPal,Delivered,Express,Website,,2,4
12664224,564546,2025-07-09,Fashion,Backpack,1,79.19,6,79.19,5.9,11.17,91.51,Apple Pay,Delayed,Standard,Website,FREESHIP,8,3
70689701,556094,2025-11-20,Home & Kitchen,Desk Lamp,1,55.73,21,55.73,12.9,8.81,65.74,Apple Pay,Delivered,Express,Website,VIP20,5,5
30981019,105502,2025-12-25,Home & Kitchen,Coffee Maker,2,102.36,16,204.72,12.9,34.39,219.25,Google Pay,Delivered,Express,Marketplace,SAVE15,1,4
48900540,651126,2025-11-06,Fashion,Cotton Hoodie,1,52.91,4,52.91,5.9,10.16,66.85,Credit Card,Delivered,Standard,Website,,4,5
68594347,847964,2025-12-10,Home & Kitchen,Cookware Set,1,156.72,19,156.72,0.0,25.39,152.33,Credit Card,Delivered,Standard,Website,,6,4
95392174,286370,2025-04-10,Fashion,Backpack,1,72.92,10,72.92,5.9,9.84,81.37,Bank Transfer,Delayed,Standard,Mobile App,,6,3
19302780,825650,2025-10-16,Electronics,Wireless Headphones,1,90.27,2,90.27,5.9,17.69,112.05,Google Pay,Delivered,Standard,Marketplace,VIP20,5,5
37341718,455270,2024-12-15,Home & Kitchen,Desk Lamp,1,48.46,8,48.46,5.9,8.92,59.4,Apple Pay,Delivered,Standard,Mobile App,,3,5
29069988,439102,2025-10-02,Fashion,Cotton Hoodie,2,71.41,17,142.82,12.9,23.71,155.15,Credit Card,Delivered,Express,Website,FREESHIP,3,5
79730343,225018,2025-08-27,Sports,Cycling Helmet,1,72.95,0,72.95,5.9,14.59,93.44,Credit Card,Delivered,Standard,Mobile App,,4,4
33736122,985158,2025-11-12,Home & Kitchen,Blender,2,79.94,6,159.88,12.9,30.06,193.25,PayPal,Delayed,Express,Website,,4,2
96693999,167359,2025-09-09,Beauty,Skin Care Set,2,74.3,4,148.6,0.0,28.53,171.19,Credit Card,Delivered,Standard,Mobile App,FREESHIP,4,5
45082476,204963,2025-12-12,Fashion,Backpack,1,79.92,4,79.92,5.9,15.34,97.96,Credit Card,Returned,Standard,Mobile App,,4,
13629110,411553,2024-08-13,Electronics,USB-C Hub,2,50.54,0,101.08,5.9,20.22,127.2,Bank Transfer,Delivered,Standard,Website,,5,5
51032455,833845,2025-08-07,Fashion,Cotton Hoodie,5,61.9,4,309.5,0.0,59.42,356.54,Credit Card,Delayed,Standard,Mobile App,,7,3
21645404,276189,2025-09-14,Home & Kitchen,Blender,1,73.0,0,73.0,12.9,14.6,100.5,Apple Pay,Delivered,Express,Website,,1,5
11183897,264538,2024-03-19,Fashion,Classic Jeans,1,60.43,30,60.43,5.9,8.46,56.66,Google Pay,Delivered,Standard,Mobile App,VIP20,1,5
63129315,832553,2025-05-05,Books & Office,Office Chair,2,228.89,27,457.78,12.9,66.84,413.92,Credit Card,Delivered,Express,Website,,2,4
98908123,357048,2025-09-20,Beauty,Makeup Kit,2,60.5,24,121.0,12.9,18.39,123.25,PayPal,Delivered,Express,Website,,1,4
90187385,748246,2025-12-22,Beauty,Perfume,1,89.17,9,89.17,12.9,16.23,110.27,PayPal,Delivered,Express,Website,SAVE15,1,3
83414601,955069,2025-05-06,Beauty,Hair Dryer,2,69.36,20,138.72,0.0,16.65,127.63,Credit Card,Delivered,Standard,Mobile App,,6,4
75280971,614194,2025-03-05,Fashion,Backpack,1,78.03,10,78.03,5.9,10.53,86.66,Credit Card,Delivered,Standard,Website,,4,5
40798812,866265,2024-09-28,Books & Office,Notebook Set,1,25.07,2,25.07,5.9,4.91,35.38,PayPal,Delivered,Standard,Website,,4,4
28025114,633842,2024-08-12,Electronics,USB-C Hub,2,38.81,14,77.62,5.9,5.14,77.79,Credit Card,Delivered,Standard,Mobile App,,4,4
94599061,569244,2025-03-30,Beauty,Electric Toothbrush,1,72.02,7,72.02,5.9,13.4,86.28,PayPal,Delayed,Standard,Website,,9,2
48645128,560426,2025-09-01,Beauty,Makeup Kit,2,51.86,2,103.72,5.9,20.33,127.88,PayPal,Delivered,Standard,Website,,3,4
86424499,974572,2025-10-12,Electronics,Smart Watch,1,148.96,20,148.96,0.0,23.83,143.0,Credit Card,Delivered,Standard,Mobile App,SAVE15,5,5
21404296,433309,2025-12-30,Home & Kitchen,Blender,2,73.72,4,147.44,0.0,28.31,169.85,Credit Card,Delivered,Standard,Website,VIP20,3,5
60113626,249658,2025-10-30,Electronics,Smart Watch,1,138.63,0,138.63,0.0,27.73,166.36,Google Pay,Delayed,Standard,Mobile App,,10,3
93259706,784827,2024-10-06,Home & Kitchen,Coffee Maker,4,90.47,22,361.88,12.9,42.34,337.51,PayPal,Delivered,Express,Website,WELCOME10,2,5
94755246,225018,2024-12-25,Fashion,Classic Jeans,1,64.99,24,64.99,5.9,9.88,65.17,Credit Card,Delivered,Standard,Mobile App,,4,5
74835632,412752,2025-10-25,Beauty,Hair Dryer,1,65.7,15,65.7,5.9,11.17,72.91,Bank Transfer,Delivered,Standard,Mobile App,FREESHIP,2,5
22965351,461503,2024-10-26,Beauty,Makeup Kit,2,60.83,0,121.66,0.0,24.33,145.99,Credit Card,Delivered,Standard,Website,,4,5
35552398,731524,2025-06-25,Beauty,Hair Dryer,1,63.06,2,63.06,0.0,12.36,74.16,PayPal,Delivered,Pickup,Mobile App,,2,5
43969427,801451,2025-11-23,Electronics,Bluetooth Speaker,1,74.29,4,74.29,5.9,10.7,87.92,PayPal,Delivered,Standard,Marketplace,WELCOME10,4,4
90907130,766181,2025-12-11,Home & Kitchen,Desk Lamp,1,50.44,19,50.44,5.9,8.17,54.93,Apple Pay,Delivered,Standard,Mobile App,WELCOME10,5,4
47710964,935758,2025-09-21,Beauty,Electric Toothbrush,1,71.07,24,71.07,5.9,10.8,70.71,Credit Card,Delivered,Standard,Mobile App,,4,5
35032420,478691,2025-11-05,Beauty,Skin Care Set,1,83.55,4,83.55,5.9,16.04,102.15,Credit Card,Delivered,Standard,Website,VIP20,5,5
68794548,744782,2025-04-07,Beauty,Makeup Kit,2,62.27,0,124.54,0.0,24.91,149.45,Credit Card,Delivered,Standard,Website,,5,4
31181673,958830,2025-10-30,Sports,Fitness Tracker,1,87.88,0,87.88,5.9,6.77,100.55,Credit Card,Delayed,Standard,Marketplace,,8,3
77152041,922923,2025-11-08,Electronics,Mechanical Keyboard,1,87.55,19,87.55,12.9,14.18,98.0,Bank Transfer,Delivered,Express,Website,,2,4
28328477,159766,2025-11-05,Fashion,Classic Jeans,4,66.03,4,264.12,0.0,50.71,304.27,Apple Pay,Delivered,Standard,Website,VIP20,5,5
60241134,289234,2025-04-11,Home & Kitchen,Air Fryer,1,142.04,4,142.04,0.0,27.27,163.63,Credit Card,Delivered,Standard,Mobile App,VIP20,5,4
92231755,904949,2025-05-14,Books & Office,Ergonomic Mouse,4,56.58,25,226.32,0.0,25.46,195.2,Credit Card,Delayed,Standard,Mobile App,,6,3
54200135,367070,2025-03-20,Books & Office,Ergonomic Mouse,2,52.87,10,105.74,5.9,19.03,0.0,Credit Card,Cancelled,Standard,Mobile App,,,
24994875,791789,2025-06-26,Electronics,Smart Watch,1,144.69,17,144.69,0.0,24.02,144.11,Credit Card,Delayed,Standard,Website,WELCOME10,8,2
93179898,767194,2025-10-17,Fashion,Running Shoes,1,106.68,0,106.68,0.0,16.0,122.68,Credit Card,Delivered,Pickup,Website,,1,5
47749105,877546,2025-08-24,Electronics,USB-C Hub,3,38.09,17,114.27,5.9,18.97,119.71,Credit Card,Delivered,Standard,Website,FREESHIP,5,4
69732457,684041,2025-12-20,Books & Office,Notebook Set,1,26.47,14,26.47,0.0,4.55,27.31,Bank Transfer,Delivered,Pickup,Website,,1,4
10556507,600680,2025-12-22,Electronics,USB-C Hub,1,41.55,16,41.55,5.9,6.98,47.78,Credit Card,Delayed,Standard,Website,VIP20,8,3
72353422,718197,2025-05-13,Books & Office,Notebook Set,3,25.36,0,76.08,5.9,15.22,97.2,Bank Transfer,Delivered,Standard,Mobile App,,4,3
53372850,888237,2025-03-27,Electronics,Mechanical Keyboard,1,82.4,22,82.4,0.0,12.85,77.12,Apple Pay,Delivered,Pickup,Website,,1,4
43084945,551094,2025-01-29,Beauty,Skin Care Set,1,75.28,2,75.28,12.9,14.75,101.42,Credit Card,Delivered,Express,Mobile App,WELCOME10,1,3
24557256,746011,2025-01-04,Books & Office,Data Analytics Book,1,43.94,32,43.94,5.9,5.98,41.76,Apple Pay,Delivered,Standard,Website,,4,5
76720371,990930,2025-05-20,Sports,Resistance Bands,2,32.2,20,64.4,12.9,10.3,74.72,Apple Pay,Delivered,Express,Mobile App,FREESHIP,3,4
44909213,372597,2024-11-26,Home & Kitchen,Blender,1,72.85,16,72.85,5.9,12.24,79.33,Credit Card,Delayed,Standard,Mobile App,WELCOME10,9,2
17254257,869875,2025-08-21,Fashion,Classic Jeans,3,69.75,0,209.25,12.9,41.85,264.0,PayPal,Returned,Express,Mobile App,,2,
51163583,374084,2025-03-04,Home & Kitchen,Desk Lamp,1,50.19,20,50.19,5.9,8.03,54.08,Credit Card,Delivered,Standard,Website,WELCOME10,4,3
89922311,223018,2024-11-08,Sports,Cycling Helmet,1,74.67,21,74.67,12.9,11.8,83.69,PayPal,Delivered,Express,Website,SAVE15,1,5
15228220,391759,2025-01-10,Home & Kitchen,Desk Lamp,3,45.78,4,137.34,12.9,19.78,164.53,Google Pay,Returned,Express,Website,FREESHIP,1,
54968367,179325,2025-12-20,Home & Kitchen,Cookware Set,1,155.09,9,155.09,0.0,28.23,169.36,Apple Pay,Delivered,Standard,Mobile App,WELCOME10,4,4
55512584,215222,2025-12-01,Electronics,Mechanical Keyboard,3,110.99,8,332.97,0.0,61.27,367.6,Credit Card,Delivered,Pickup,Mobile App,,1,4
91510144,744782,2025-05-31,Beauty,Electric Toothbrush,1,85.1,0,85.1,5.9,17.02,108.02,Credit Card,Delivered,Standard,Website,,4,4
99698288,684041,2025-12-23,Home & Kitchen,Air Fryer,1,117.9,14,117.9,5.9,20.28,127.57,PayPal,Delivered,Standard,Website,,4,
14239993,131819,2024-04-04,Home & Kitchen,Air Fryer,1,116.37,7,116.37,5.9,21.64,0.0,PayPal,Cancelled,Standard,Mobile App,WELCOME10,,
13252979,791789,2024-07-23,Fashion,Winter Jacket,2,188.05,14,376.1,12.9,64.69,401.04,Apple Pay,Delivered,Express,Marketplace,,1,4
66488039,754716,2025-10-17,Beauty,Electric Toothbrush,1,72.28,0,72.28,5.9,14.46,92.64,Bank Transfer,Delivered,Standard,Mobile App,,5,5
61202963,771111,2024-12-14,Home & Kitchen,Coffee Maker,1,83.48,35,83.48,12.9,10.85,78.01,PayPal,Returned,Express,Mobile App,,2,
35346103,617166,2024-11-03,Electronics,USB-C Hub,1,48.09,4,48.09,5.9,9.23,61.3,Google Pay,Returned,Standard,Website,,5,
85680532,439102,2025-11-30,Fashion,Running Shoes,2,102.69,11,205.38,12.9,36.56,232.25,Apple Pay,Delivered,Express,Mobile App,,4,4
58899340,427852,2025-09-08,Electronics,Mechanical Keyboard,1,93.73,15,93.73,5.9,11.95,97.52,Credit Card,Delivered,Standard,Mobile App,SAVE15,3,5
14883834,450952,2025-10-14,Beauty,Makeup Kit,1,58.2,10,58.2,12.9,10.48,75.76,Credit Card,Delivered,Express,Mobile App,VIP20,1,5
62442383,346423,2025-07-15,Electronics,Smart Watch,1,147.0,19,147.0,12.9,9.17,141.14,Credit Card,Delivered,Express,Website,,1,5
85371473,394251,2025-11-26,Fashion,Winter Jacket,3,179.88,16,539.64,0.0,90.66,543.96,Credit Card,Delivered,Standard,Mobile App,,6,5
24959556,222579,2024-10-24,Fashion,Running Shoes,2,97.34,7,194.68,0.0,36.21,217.26,Bank Transfer,Delivered,Standard,Mobile App,WELCOME10,6,5
20631745,684041,2025-12-29,Fashion,Cotton Hoodie,2,67.76,4,135.52,12.9,26.02,169.02,Google Pay,Returned,Express,Marketplace,,2,
94703009,443824,2024-09-11,Sports,Cycling Helmet,1,69.89,29,69.89,5.9,9.92,65.44,Apple Pay,Delivered,Standard,Mobile App,,2,4
82551922,243318,2025-01-14,Home & Kitchen,Desk Lamp,2,55.11,6,110.22,0.0,20.72,0.0,Credit Card,Cancelled,Pickup,Website,SAVE15,,
70028977,807947,2025-08-16,Fashion,Winter Jacket,1,177.72,30,177.72,0.0,18.66,143.06,Bank Transfer,Delivered,Standard,Mobile App,FREESHIP,4,4
55126497,391759,2024-11-26,Books & Office,Office Chair,1,200.51,6,200.51,0.0,28.27,216.75,PayPal,Delivered,Standard,Mobile App,WELCOME10,3,4
73353036,801451,2025-12-25,Electronics,Mechanical Keyboard,5,101.1,14,505.5,0.0,65.21,499.94,Credit Card,Delivered,Standard,Mobile App,VIP20,5,5
68108353,107599,2025-09-14,Books & Office,Ergonomic Mouse,1,57.49,15,57.49,5.9,9.77,64.54,,Delivered,Standard,Mobile App,,5,4
55270849,990675,2025-05-22,Electronics,USB-C Hub,1,42.43,0,42.43,5.9,8.49,56.82,Credit Card,Delivered,Standard,Mobile App,,5,4
10872263,953413,2025-04-21,Fashion,Classic Jeans,1,65.22,29,65.22,5.9,9.26,61.47,Apple Pay,Delivered,Standard,Website,FREESHIP,5,3
52446916,250538,2025-11-03,Fashion,Backpack,1,77.86,11,77.86,5.9,13.86,89.06,Credit Card,Delivered,Standard,Mobile App,,4,4
96416614,748344,2025-12-17,Books & Office,Office Chair,1,204.42,9,204.42,0.0,37.2,223.22,Credit Card,Delivered,Standard,Mobile App,VIP20,3,4
15562822,474413,2025-04-01,Electronics,Mechanical Keyboard,2,105.21,0,210.42,0.0,42.08,252.5,Apple Pay,Delivered,Pickup,Website,,1,5
51677537,125214,2025-12-02,Electronics,Mechanical Keyboard,5,101.22,19,506.1,0.0,81.99,491.93,Google Pay,Delivered,Standard,Mobile App,VIP20,6,5
35143658,319377,2025-03-26,Fashion,Cotton Hoodie,2,65.73,14,131.46,12.9,22.61,0.0,Credit Card,Cancelled,Express,Mobile App,,,
78073869,493312,2024-12-02,Electronics,Bluetooth Speaker,1,74.34,4,74.34,5.9,14.27,91.54,Credit Card,Delivered,Standard,Mobile App,SAVE15,3,4
80458326,215222,2024-12-03,Books & Office,Notebook Set,3,23.12,23,69.36,12.9,10.68,76.99,Bank Transfer,Delivered,Express,Marketplace,FREESHIP,1,5
12934397,801451,2025-11-19,Books & Office,Office Chair,1,216.48,4,216.48,0.0,31.17,238.99,Bank Transfer,Delivered,Standard,Website,,5,5
79187670,795593,2025-12-01,Beauty,Makeup Kit,2,50.83,4,101.66,5.9,19.52,123.01,Credit Card,Delivered,Standard,Website,SAVE15,4,5
82155028,871400,2025-11-19,Electronics,Wireless Headphones,1,79.17,21,79.17,5.9,12.51,80.95,Credit Card,Delivered,Standard,Marketplace,,3,4
29888952,425550,2025-11-05,Home & Kitchen,Desk Lamp,3,45.42,19,136.26,0.0,16.56,126.93,PayPal,Delivered,Standard,Mobile App,,3,5
83538894,657545,2024-10-30,Books & Office,Data Analytics Book,1,42.21,7,42.21,5.9,7.85,0.0,Credit Card,Cancelled,Standard,Marketplace,VIP20,,
72820164,974572,2025-07-11,Electronics,Mechanical Keyboard,2,114.05,2,228.1,0.0,44.71,268.25,Google Pay,Delivered,Standard,Marketplace,SAVE15,6,4
10003201,744782,2025-05-30,Home & Kitchen,Cookware Set,5,156.99,20,784.95,12.9,125.59,766.45,PayPal,Returned,Express,Marketplace,VIP20,2,
72567005,879588,2025-12-27,Fashion,Cotton Hoodie,1,59.34,24,59.34,5.9,9.02,60.02,PayPal,Delivered,Standard,Website,VIP20,4,5
85698740,877546,2025-11-10,Home & Kitchen,Air Fryer,1,135.94,26,135.94,0.0,20.12,120.72,Google Pay,Delivered,Standard,Website,,6,5
74178175,878684,2025-12-11,Sports,Dumbbell Set,1,122.31,21,122.31,0.0,19.32,115.94,Credit Card,Delivered,Pickup,Mobile App,VIP20,1,5
13784562,686508,2025-05-28,Sports,Yoga Mat,2,40.65,12,81.3,12.9,14.31,98.75,Credit Card,Delivered,Express,Website,,2,4
86834659,731524,2025-11-06,Beauty,Skin Care Set,1,84.35,6,84.35,12.9,15.86,108.05,Credit Card,Delivered,Express,Website,VIP20,2,4
58464626,302694,2025-02-26,Electronics,Smart Watch,1,141.52,15,141.52,0.0,24.06,144.35,PayPal,Delivered,Standard,Mobile App,SAVE15,6,5
80822094,930697,2025-07-18,Sports,Dumbbell Set,3,129.1,12,387.3,0.0,68.16,408.98,PayPal,Delivered,Pickup,Marketplace,,1,5
79113378,100813,2025-11-05,Beauty,Hair Dryer,1,72.48,4,72.48,5.9,13.92,89.4,PayPal,Delivered,Standard,Website,,3,4
20795639,565703,2024-05-23,Electronics,Bluetooth Speaker,1,70.61,5,70.61,5.9,13.42,86.4,Credit Card,Delayed,Standard,Website,,8,4
34052738,225018,2024-08-05,Electronics,USB-C Hub,1,43.47,0,43.47,12.9,8.69,65.06,Credit Card,Delivered,Express,Website,,3,4
78661117,658241,2025-10-25,Electronics,USB-C Hub,2,37.55,27,75.1,12.9,10.96,78.68,Credit Card,Delivered,Express,Website,FREESHIP,2,3
73062914,658396,2025-09-13,Electronics,Mechanical Keyboard,1,101.65,0,101.65,5.9,20.33,127.88,PayPal,Delivered,Standard,Mobile App,,5,5
63134881,549554,2025-09-05,Books & Office,Data Analytics Book,3,44.84,29,134.52,0.0,19.1,114.61,Credit Card,Delivered,Standard,Website,WELCOME10,4,5
53191478,551665,2025-10-03,Books & Office,Notebook Set,1,22.33,27,22.33,5.9,3.26,25.46,Google Pay,Delivered,Standard,Website,SAVE15,4,4
25364413,900924,2024-09-23,Beauty,Hair Dryer,1,64.84,20,64.84,5.9,10.37,68.14,Credit Card,Delivered,Standard,Mobile App,FREESHIP,4,5
37663999,287149,2025-05-22,Fashion,Cotton Hoodie,1,59.4,17,59.4,0.0,9.86,59.16,Apple Pay,Delivered,Pickup,Marketplace,SAVE15,1,5
88642541,152133,2025-03-03,Sports,Dumbbell Set,1,105.57,10,105.57,5.9,19.0,119.91,Bank Transfer,Delivered,Standard,Mobile App,SAVE15,5,3
11885261,151728,2024-05-10,Electronics,Wireless Headphones,1,96.14,2,96.14,5.9,18.84,118.96,Credit Card,Delivered,Standard,Mobile App,,5,4
23880761,148890,2025-10-19,Home & Kitchen,Coffee Maker,2,108.68,5,217.36,0.0,30.97,237.46,Apple Pay,Delayed,Standard,Mobile App,,7,3
68355446,672950,2024-11-08,Sports,Fitness Tracker,1,104.39,11,104.39,0.0,18.58,111.49,Credit Card,Delayed,Pickup,Website,SAVE15,4,1
24475740,332506,2025-11-03,Books & Office,Data Analytics Book,3,44.59,29,133.77,12.9,19.0,126.88,PayPal,Delivered,Express,Mobile App,VIP20,1,4
54155888,651126,2025-08-14,Fashion,Classic Jeans,1,64.56,15,64.56,5.9,10.98,71.76,Apple Pay,Delivered,Standard,Marketplace,,2,5
88872110,445918,2025-04-07,Electronics,Mechanical Keyboard,1,93.4,2,93.4,12.9,18.31,122.74,Credit Card,Delivered,Express,Mobile App,WELCOME10,2,5
35569269,588766,2025-08-25,Fashion,Backpack,1,69.01,15,69.01,5.9,11.73,76.29,Google Pay,Delivered,Standard,Mobile App,FREESHIP,7,3
21322580,827155,2025-12-10,Beauty,Hair Dryer,1,68.02,14,68.02,5.9,11.7,76.1,PayPal,Delivered,Standard,Mobile App,VIP20,6,5
90122684,927673,2025-04-05,Sports,Dumbbell Set,1,124.91,2,124.91,0.0,24.48,146.89,Apple Pay,Delivered,Standard,Mobile App,,3,5
14738427,569244,2025-09-25,Books & Office,Office Chair,1,215.86,2,215.86,0.0,42.31,253.85,Google Pay,Delayed,Standard,Mobile App,,8,3
92417202,564546,2025-10-29,Sports,Resistance Bands,1,35.53,4,35.53,5.9,5.12,45.13,PayPal,Delivered,Standard,Marketplace,WELCOME10,3,5
60436082,416349,2024-11-17,Fashion,Running Shoes,1,133.25,24,133.25,0.0,20.25,121.52,Credit Card,Delivered,Standard,Mobile App,VIP20,5,4
32668305,249557,2025-04-10,Books & Office,Office Chair,2,253.19,0,506.38,0.0,101.28,607.66,Credit Card,Delivered,Standard,Website,,6,4
69224620,888237,2025-12-01,Electronics,Bluetooth Speaker,3,74.68,6,224.04,0.0,42.12,252.72,Apple Pay,Delivered,Standard,Mobile App,WELCOME10,5,5
41709944,651126,2025-12-19,Books & Office,Monitor Stand,2,46.3,29,92.6,5.9,13.15,84.8,Credit Card,Delivered,Standard,Website,FREESHIP,3,4
70846972,859344,2024-11-02,Fashion,Classic Jeans,1,66.53,14,66.53,5.9,11.44,74.56,Credit Card,Delivered,Standard,Website,,5,3
15014100,606510,2025-06-29,Books & Office,Ergonomic Mouse,1,52.46,2,52.46,12.9,10.28,74.59,Credit Card,Delivered,Express,Website,FREESHIP,1,5
86677465,828973,2025-12-21,Electronics,USB-C Hub,4,37.52,14,150.08,0.0,25.81,154.88,Credit Card,Delayed,Standard,Website,SAVE15,10,3
93890502,908200,2025-08-12,Fashion,Classic Jeans,1,57.88,2,57.88,5.9,11.34,73.96,PayPal,Delivered,Standard,Marketplace,VIP20,4,4
51438257,114582,2025-01-16,Sports,Yoga Mat,1,34.11,24,34.11,5.9,5.18,37.0,Bank Transfer,Delivered,Standard,Mobile App,,3,5
17395506,372606,2025-08-12,Fashion,Classic Jeans,1,72.08,10,72.08,0.0,12.97,77.84,Credit Card,Delivered,Pickup,Website,FREESHIP,1,5
80461911,467610,2025-09-27,Fashion,Backpack,1,71.1,12,71.1,5.9,9.39,77.86,Google Pay,Delivered,Standard,Website,,4,4
20965815,119634,2025-01-19,Electronics,Mechanical Keyboard,2,85.67,7,171.34,0.0,31.87,191.22,PayPal,Delivered,Standard,Mobile App,WELCOME10,6,4
89074402,894892,2025-09-30,Electronics,USB-C Hub,4,46.84,0,187.36,12.9,37.47,237.73,Apple Pay,Delivered,Express,Marketplace,,2,4
36659247,243318,2025-03-17,Beauty,Hair Dryer,1,70.0,14,70.0,5.9,12.04,78.14,PayPal,Delivered,Standard,Marketplace,SAVE15,6,5
24415912,408882,2025-11-10,Electronics,Smart Watch,1,165.23,6,165.23,0.0,31.06,186.38,Credit Card,Delivered,Standard,Website,FREESHIP,5,3
61092219,209508,2025-11-13,Home & Kitchen,Desk Lamp,2,52.72,29,105.44,5.9,14.97,95.73,Google Pay,Delivered,Standard,Marketplace,FREESHIP,7,
93718582,815011,2025-09-19,Fashion,Backpack,2,68.1,15,136.2,0.0,23.15,138.92,Bank Transfer,Delivered,Standard,Mobile App,WELCOME10,4,5
19829879,600680,2025-12-23,Electronics,USB-C Hub,1,41.17,16,41.17,0.0,6.92,41.5,Credit Card,Delivered,Pickup,Marketplace,,1,5
42545267,878150,2025-08-13,Home & Kitchen,Air Fryer,2,134.18,0,268.36,0.0,53.67,322.03,Google Pay,Delivered,Standard,Mobile App,,3,4
49866326,363814,2024-06-04,Fashion,Cotton Hoodie,2,66.46,29,132.92,0.0,18.87,113.24,Apple Pay,Delivered,Standard,Website,WELCOME10,6,4
87762644,827155,2025-12-09,Beauty,Hair Dryer,5,72.87,14,364.35,0.0,62.67,376.01,Credit Card,Delivered,Standard,Website,,3,5
58415220,611790,2025-06-26,Electronics,USB-C Hub,2,45.91,17,91.82,5.9,15.24,97.35,Credit Card,Delivered,Standard,Marketplace,FREESHIP,5,4
42681133,468629,2025-12-24,Sports,Yoga Mat,1,32.57,4,32.57,5.9,6.25,43.42,Credit Card,Delivered,Standard,Marketplace,WELCOME10,2,4
50119945,238295,2025-12-04,Electronics,Mechanical Keyboard,2,106.66,34,213.32,0.0,28.16,168.95,Google Pay,Delivered,Standard,Mobile App,,6,5
58488927,119473,2025-01-13,Sports,Dumbbell Set,1,97.05,12,97.05,5.9,17.08,108.38,Apple Pay,Delivered,Standard,Website,VIP20,5,4
71586832,832849,2025-01-28,Books & Office,Monitor Stand,1,44.85,11,44.85,5.9,7.98,53.8,Apple Pay,Delivered,Standard,Website,SAVE15,5,5
95551754,218735,2025-09-21,Books & Office,Monitor Stand,2,44.76,12,89.52,0.0,11.82,90.6,Google Pay,Delivered,Pickup,Website,SAVE15,1,5
16550088,767194,2025-11-29,Fashion,Classic Jeans,1,70.73,4,70.73,12.9,10.19,90.99,Bank Transfer,Delivered,Express,Website,,2,4
15359308,270516,2025-09-30,Beauty,Perfume,1,94.97,5,94.97,5.9,6.95,103.07,Credit Card,Delivered,Standard,Website,,5,4
41473960,248706,2025-09-05,Home & Kitchen,Desk Lamp,1,54.39,2,54.39,5.9,10.66,69.86,PayPal,Delayed,Standard,Website,FREESHIP,8,4
19279470,578279,2025-06-17,Fashion,Winter Jacket,3,167.14,17,501.42,12.9,83.24,512.32,Credit Card,Delivered,Express,Website,SAVE15,3,5
67643432,270516,2025-12-09,Beauty,Makeup Kit,2,62.11,34,124.22,0.0,6.31,88.3,Credit Card,Delivered,Standard,Mobile App,,3,3
75608895,241563,2024-12-24,Beauty,Makeup Kit,1,64.17,9,64.17,12.9,11.68,82.97,Apple Pay,Delivered,Express,Mobile App,FREESHIP,3,4
32949651,520836,2025-11-08,Beauty,Hair Dryer,2,66.3,9,132.6,0.0,24.13,144.8,Credit Card,Delivered,Standard,Website,WELCOME10,5,4
92932138,871400,2024-12-21,Fashion,Running Shoes,2,111.59,6,223.18,0.0,41.96,251.75,PayPal,Delivered,Standard,Mobile App,,3,5
23643340,223018,2025-10-18,Books & Office,Notebook Set,2,24.79,2,49.58,5.9,9.72,64.21,Credit Card,Delivered,Standard,Website,SAVE15,5,5
33287672,204963,2025-12-12,Home & Kitchen,Blender,1,68.56,19,68.56,5.9,11.11,72.54,Credit Card,Delivered,Standard,Website,,2,5
86381222,888971,2025-06-13,Sports,Resistance Bands,1,33.04,10,33.04,0.0,4.46,34.2,Credit Card,Delivered,Pickup,Website,,3,4
44362169,759117,2025-09-13,Books & Office,Notebook Set,1,26.54,10,26.54,12.9,4.78,0.0,Apple Pay,Cancelled,Express,Website,,,
80674099,433309,2025-12-21,Home & Kitchen,Blender,2,77.45,34,154.9,0.0,20.45,122.68,PayPal,Delivered,Standard,Marketplace,VIP20,3,5
40923205,374084,2024-09-25,Books & Office,Ergonomic Mouse,1,54.25,15,54.25,5.9,9.22,61.23,Apple Pay,Delivered,Standard,Mobile App,WELCOME10,2,4
62769731,272038,2025-02-15,Home & Kitchen,Blender,2,86.46,0,172.92,0.0,34.58,207.5,Bank Transfer,Delivered,Standard,Mobile App,,3,4
78301246,936955,2025-12-09,Beauty,Hair Dryer,1,63.04,29,63.04,5.9,8.95,59.61,Bank Transfer,Returned,Standard,Website,,5,
52906437,637623,2024-10-26,Electronics,Bluetooth Speaker,2,72.31,12,144.62,0.0,25.45,152.72,PayPal,Delivered,Standard,Website,FREESHIP,5,5
61853607,832849,2024-11-12,Books & Office,Notebook Set,1,24.62,18,24.62,5.9,4.04,30.13,Credit Card,Delivered,Standard,Website,,5,4
39822386,287149,2025-08-16,Sports,Resistance Bands,2,34.04,12,68.08,0.0,11.98,71.89,Google Pay,Delivered,Pickup,Website,FREESHIP,2,4
38420027,655738,2025-12-20,Fashion,Backpack,1,68.53,21,68.53,5.9,10.83,70.87,Apple Pay,Returned,Standard,Marketplace,VIP20,4,
91219753,746011,2025-09-28,Fashion,Classic Jeans,2,65.26,20,130.52,0.0,20.88,125.3,Credit Card,Delivered,Standard,Website,WELCOME10,4,5
85234496,324931,2024-06-20,Home & Kitchen,Cookware Set,1,149.52,4,149.52,0.0,11.05,154.59,Apple Pay,Delivered,Standard,Website,,6,5
29258411,643393,2025-07-08,Books & Office,Data Analytics Book,1,40.74,22,40.74,5.9,6.36,44.04,Apple Pay,Delivered,Standard,Mobile App,,5,5
15569334,600680,2025-02-23,Fashion,Classic Jeans,2,71.24,7,142.48,0.0,26.5,159.01,Credit Card,Delivered,Standard,Marketplace,WELCOME10,5,5
60021769,443824,2024-09-28,Beauty,Electric Toothbrush,1,87.01,9,87.01,5.9,15.84,100.92,Apple Pay,Delivered,Standard,Website,FREESHIP,6,5
46715184,460266,2025-11-11,Home & Kitchen,Cookware Set,1,165.51,4,165.51,0.0,12.23,171.12,Google Pay,Delivered,Standard,Mobile App,WELCOME10,6,5
39882995,638662,2025-12-02,Home & Kitchen,Air Fryer,1,128.34,4,128.34,0.0,24.64,147.85,Credit Card,Delivered,Pickup,Website,,1,5
42966495,349706,2024-11-09,Electronics,Bluetooth Speaker,1,74.41,34,74.41,5.9,9.82,64.83,Credit Card,Delivered,Standard,Mobile App,,2,5
23858553,873581,2025-07-15,Electronics,USB-C Hub,1,49.32,17,49.32,12.9,8.19,62.03,Apple Pay,Delivered,Express,Website,,4,4
81147892,833845,2024-11-17,Books & Office,Notebook Set,1,24.04,13,24.04,5.9,4.18,30.99,Credit Card,Returned,Standard,Mobile App,VIP20,6,
13930157,847964,2025-07-29,Beauty,Makeup Kit,2,53.45,17,106.9,12.9,17.75,119.38,Credit Card,Delivered,Express,Website,VIP20,1,5
46060501,287149,2025-07-18,Sports,Yoga Mat,1,30.67,19,30.67,0.0,4.97,29.81,Google Pay,Delivered,Pickup,Mobile App,,1,5
81888502,136522,2025-08-04,Fashion,Backpack,1,68.63,7,68.63,0.0,12.77,76.6,Apple Pay,Delivered,Pickup,Mobile App,WELCOME10,1,4
68007338,756226,2025-06-27,Electronics,Mechanical Keyboard,1,89.48,22,89.48,5.9,13.96,89.65,Credit Card,Delivered,Standard,Marketplace,,5,3
61933764,357048,2025-11-15,Fashion,Classic Jeans,1,61.0,8,61.0,5.9,11.22,73.24,PayPal,Delivered,Standard,Mobile App,VIP20,4,5
39216456,187464,2024-10-12,Beauty,Electric Toothbrush,2,73.78,5,147.56,0.0,28.04,168.22,Bank Transfer,Delivered,Standard,Mobile App,,7,5
53676988,433309,2025-12-22,Home & Kitchen,Cookware Set,3,158.12,14,474.36,12.9,81.59,502.44,Credit Card,Delivered,Express,Website,WELCOME10,2,4
72597077,478316,2025-12-30,Books & Office,Ergonomic Mouse,1,56.71,24,56.71,5.9,8.62,57.62,Credit Card,Delivered,Standard,Mobile App,WELCOME10,5,5
11322101,473815,2025-11-24,Home & Kitchen,Blender,1,85.18,4,85.18,5.9,12.27,99.94,Credit Card,Delivered,Standard,Website,SAVE15,5,4
79556802,828973,2025-12-20,Fashion,Backpack,1,78.21,4,78.21,0.0,15.02,90.1,Bank Transfer,Delivered,Pickup,Website,,1,3
94643644,107599,2025-07-18,Home & Kitchen,Coffee Maker,1,75.32,7,75.32,12.9,14.01,96.96,Google Pay,Delivered,Express,Website,,1,5
63770128,599202,2025-12-24,Sports,Fitness Tracker,1,101.14,14,101.14,12.9,17.4,117.28,Google Pay,Delayed,Express,Website,WELCOME10,5,3
23028920,827812,2025-11-13,Fashion,Backpack,2,67.16,24,134.32,0.0,20.42,122.5,Credit Card,Delivered,Standard,Website,,3,4
43566948,798789,2025-10-17,Sports,Resistance Bands,1,31.18,0,31.18,12.9,6.24,50.32,Credit Card,Delivered,Express,Website,,2,4
51901154,924659,2025-03-24,Home & Kitchen,Coffee Maker,2,99.94,7,199.88,0.0,37.18,223.07,Google Pay,Delivered,Pickup,Website,,1,5
21230897,179100,2025-12-02,Electronics,USB-C Hub,2,43.73,24,87.46,5.9,13.29,85.66,PayPal,Delivered,Standard,Mobile App,WELCOME10,3,5
72107608,416349,2025-07-26,Home & Kitchen,Cookware Set,2,143.19,22,286.38,0.0,44.68,0.0,Google Pay,Cancelled,Pickup,Website,,,
93811749,457655,2025-09-13,Fashion,Backpack,1,72.76,10,72.76,5.9,13.1,84.48,Credit Card,Delivered,Standard,Mobile App,,3,4
48647946,289234,2025-04-03,Home & Kitchen,Cookware Set,2,152.11,19,304.22,0.0,49.28,295.7,PayPal,Delivered,Standard,Mobile App,,5,4
70788446,328733,2025-12-07,Beauty,Hair Dryer,1,68.37,11,68.37,5.9,12.17,78.92,Bank Transfer,Delayed,Standard,Website,FREESHIP,9,4
16132764,657571,2025-04-14,Electronics,Wireless Headphones,1,85.8,7,85.8,5.9,15.96,101.65,Credit Card,Returned,Standard,Website,WELCOME10,5,
17091761,871400,2025-05-01,Beauty,Electric Toothbrush,1,81.51,2,81.51,5.9,15.98,101.76,Apple Pay,Delivered,Standard,Website,WELCOME10,6,4
37388261,995696,2025-09-17,Fashion,Cotton Hoodie,1,60.6,5,60.6,5.9,8.64,72.11,Credit Card,Delivered,Standard,Mobile App,,2,4
61178783,858282,2025-12-28,Electronics,Smart Watch,2,154.11,9,308.22,0.0,56.1,336.58,Bank Transfer,Delivered,Standard,Marketplace,FREESHIP,4,3
35685848,467610,2025-11-11,Books & Office,Ergonomic Mouse,1,55.64,26,55.64,12.9,6.18,60.25,Google Pay,Delivered,Express,Mobile App,,2,5
13047169,151623,2024-05-31,Beauty,Electric Toothbrush,1,80.81,27,80.81,5.9,11.8,76.69,Bank Transfer,Delivered,Standard,Website,,3,5
78091713,127177,2024-11-18,Fashion,Running Shoes,2,103.46,16,206.92,0.0,34.76,208.57,PayPal,Delivered,Pickup,Mobile App,VIP20,2,5
46431700,194345,2025-11-15,Fashion,Winter Jacket,2,183.43,24,366.86,0.0,55.76,334.57,Credit Card,Delivered,Standard,Website,,4,4
68193235,903418,2025-10-11,Home & Kitchen,Cookware Set,1,140.2,10,140.2,12.9,25.24,164.32,Bank Transfer,Delivered,Express,Mobile App,SAVE15,1,3
18705925,209508,2025-10-04,Electronics,Mechanical Keyboard,1,102.43,5,102.43,12.9,19.46,129.67,Bank Transfer,Delivered,Express,Website,VIP20,1,5
96224191,617166,2025-06-02,Home & Kitchen,Cookware Set,1,175.58,5,175.58,0.0,33.36,200.16,Credit Card,Delivered,Pickup,Mobile App,,1,5
83513673,215222,2025-11-12,Fashion,Classic Jeans,1,61.94,18,61.94,12.9,10.16,73.85,Credit Card,Delivered,Express,Website,FREESHIP,2,5
20950073,236070,2025-04-18,Beauty,Skin Care Set,1,86.74,30,86.74,5.9,12.14,78.76,Google Pay,Delivered,Standard,Mobile App,,6,5
11079704,828794,2025-12-19,Home & Kitchen,Cookware Set,1,175.39,24,175.39,0.0,26.66,159.96,Apple Pay,Delivered,Standard,Website,,5,5
86029337,611790,2024-12-25,Books & Office,Ergonomic Mouse,1,61.26,6,61.26,0.0,11.52,69.1,PayPal,Delivered,Pickup,Website,,1,4
27432707,468629,2025-11-11,Electronics,Mechanical Keyboard,4,103.82,24,415.28,0.0,63.12,378.73,PayPal,Delivered,Pickup,Marketplace,WELCOME10,1,5
10040667,391759,2024-11-05,Home & Kitchen,Cookware Set,3,133.88,11,401.64,12.9,53.62,423.98,Bank Transfer,Delivered,Express,Mobile App,VIP20,3,4
39361124,492888,2025-07-02,Beauty,Electric Toothbrush,2,75.02,27,150.04,12.9,21.91,0.0,Credit Card,Cancelled,Express,Website,,,
85959442,621846,2024-06-05,Electronics,Wireless Headphones,2,92.51,19,185.02,0.0,29.97,179.84,Apple Pay,Delivered,Standard,Website,,5,4
75100816,131819,2025-12-01,Electronics,Wireless Headphones,4,90.06,16,360.24,0.0,60.52,363.12,Credit Card,Delayed,Standard,Mobile App,VIP20,9,3
48936891,110106,2025-06-07,Sports,Dumbbell Set,2,131.92,0,263.84,12.9,52.77,329.51,Google Pay,Delivered,Express,Website,,2,4
47232323,293665,2025-10-04,Fashion,Winter Jacket,1,181.52,12,181.52,12.9,12.3,184.94,Google Pay,Delivered,Express,Marketplace,VIP20,1,4
45508325,991134,2025-01-13,Electronics,USB-C Hub,1,49.49,32,49.49,12.9,6.73,53.28,Apple Pay,Delivered,Express,Mobile App,SAVE15,1,3
52009867,463147,2025-06-21,Home & Kitchen,Air Fryer,1,119.92,5,119.92,5.9,22.78,142.6,Credit Card,Delivered,Standard,Website,,4,5
71041313,270516,2025-09-21,Fashion,Classic Jeans,1,73.91,5,73.91,5.9,5.41,81.52,Credit Card,Delivered,Standard,Mobile App,,3,5
88704114,873581,2025-06-13,Beauty,Skin Care Set,1,90.6,15,90.6,5.9,15.4,98.31,Credit Card,Delivered,Standard,Mobile App,SAVE15,5,4
36626903,746525,2025-11-15,Electronics,Wireless Headphones,1,84.03,19,84.03,12.9,13.61,94.57,Credit Card,Delivered,Express,Website,,1,4
23605837,104428,2025-09-10,Electronics,Mechanical Keyboard,4,75.14,2,300.56,12.9,58.91,366.36,Google Pay,Delivered,Express,Mobile App,,2,5
47417505,791189,2025-12-28,Fashion,Running Shoes,2,111.49,14,222.98,0.0,38.35,230.11,Credit Card,Delivered,Standard,Marketplace,,5,4
31535438,812830,2025-12-27,Home & Kitchen,Cookware Set,1,177.31,14,177.31,12.9,30.5,195.89,Credit Card,Delivered,Express,Mobile App,,1,5
93707934,411553,2025-06-15,Books & Office,Monitor Stand,1,46.57,5,46.57,5.9,8.85,58.99,PayPal,Delivered,Standard,Marketplace,WELCOME10,6,3
50623222,878040,2025-12-21,Electronics,USB-C Hub,1,42.19,24,42.19,12.9,6.41,51.37,Google Pay,Delivered,Express,Website,WELCOME10,2,5
59995273,547441,2025-08-11,Electronics,Mechanical Keyboard,2,87.21,10,174.42,0.0,31.4,188.38,Bank Transfer,Delivered,Standard,Marketplace,,5,4
30588591,733206,2025-10-15,Home & Kitchen,Coffee Maker,2,101.41,10,202.82,12.9,14.06,209.5,PayPal,Delivered,Express,Website,,1,5
32016816,881023,2025-12-25,Home & Kitchen,Cookware Set,1,166.08,14,166.08,0.0,28.57,171.4,Credit Card,Delivered,Standard,Mobile App,VIP20,4,5
74960627,741821,2025-11-18,Electronics,Bluetooth Speaker,3,56.13,33,168.39,0.0,22.56,135.38,Bank Transfer,Delivered,Standard,Website,WELCOME10,4,3
19223544,754716,2024-05-31,Fashion,Backpack,3,82.22,15,246.66,0.0,41.93,251.59,Apple Pay,Delivered,Standard,Website,,5,5
88186494,718197,2025-05-21,Beauty,Skin Care Set,1,85.83,10,85.83,5.9,15.45,98.6,Credit Card,Delivered,Standard,Mobile App,VIP20,5,4
60387700,443824,2025-04-16,Electronics,Bluetooth Speaker,1,61.92,4,61.92,5.9,11.89,77.23,Apple Pay,Delivered,Standard,Mobile App,WELCOME10,5,4
91017175,877546,2025-11-16,Fashion,Winter Jacket,2,181.22,16,362.44,0.0,60.89,365.34,PayPal,Delivered,Pickup,Mobile App,,1,4
89202641,688526,2025-11-25,Fashion,Classic Jeans,1,61.87,29,61.87,0.0,8.79,52.72,Credit Card,Delivered,Pickup,Website,WELCOME10,1,5
83688089,681133,2024-09-29,Home & Kitchen,Coffee Maker,1,95.63,7,95.63,12.9,13.34,115.18,Credit Card,Returned,Express,Mobile App,FREESHIP,2,
86822528,159766,2025-09-17,Books & Office,Office Chair,5,206.11,0,1030.55,0.0,206.11,1236.66,Apple Pay,Delivered,Standard,Mobile App,,3,5
87418225,236070,2025-09-25,Beauty,Hair Dryer,3,67.05,0,201.15,0.0,40.23,241.38,,Delivered,Standard,Mobile App,,5,5
84249139,958830,2025-11-04,Beauty,Hair Dryer,1,67.82,19,67.82,12.9,4.23,72.06,Apple Pay,Delivered,Express,Website,VIP20,2,3
33485372,477026,2025-09-30,Sports,Resistance Bands,2,34.74,25,69.48,0.0,10.42,62.53,Credit Card,Delivered,Pickup,Website,SAVE15,2,5
66916571,953413,2024-09-12,Books & Office,Office Chair,1,213.77,24,213.77,0.0,32.49,194.96,PayPal,Delivered,Standard,Website,SAVE15,5,5
55448616,887269,2025-08-02,Sports,Dumbbell Set,1,113.07,25,113.07,5.9,16.96,107.66,Credit Card,Delayed,Standard,Website,FREESHIP,7,3
96031365,245306,2025-11-19,Fashion,Cotton Hoodie,1,51.6,34,51.6,12.9,6.81,53.77,Google Pay,Delivered,Express,Mobile App,FREESHIP,2,4
83218863,374084,2024-11-21,Home & Kitchen,Desk Lamp,2,46.95,4,93.9,5.9,18.03,114.07,Apple Pay,Delivered,Standard,Website,SAVE15,5,5
69265886,736777,2025-12-13,Books & Office,Notebook Set,1,21.89,4,21.89,5.9,4.2,31.11,Credit Card,Delivered,Standard,Mobile App,SAVE15,5,4
45549503,738362,2025-11-28,Home & Kitchen,Cookware Set,2,161.94,19,323.88,0.0,52.47,314.81,Credit Card,Delivered,Standard,Mobile App,,4,5
70238453,324931,2025-09-23,Electronics,Mechanical Keyboard,3,101.12,4,303.36,12.9,22.42,326.55,Credit Card,Delivered,Express,Website,,1,4
46097422,923517,2025-04-15,Sports,Resistance Bands,1,29.23,12,29.23,5.9,5.14,36.76,Credit Card,Returned,Standard,Marketplace,WELCOME10,3,
95723740,358151,2025-07-22,Electronics,Bluetooth Speaker,1,69.19,11,69.19,12.9,12.32,86.8,Apple Pay,Delivered,Express,Mobile App,VIP20,1,5
57816190,871400,2025-07-16,Electronics,Bluetooth Speaker,1,66.32,9,66.32,5.9,12.07,78.32,PayPal,Delivered,Standard,Mobile App,VIP20,6,4
10350613,672950,2024-08-21,Beauty,Electric Toothbrush,4,83.19,22,332.76,0.0,51.91,311.46,Apple Pay,Delivered,Standard,Mobile App,FREESHIP,4,3
32073411,415734,2025-02-06,Sports,Resistance Bands,3,31.32,10,93.96,5.9,16.91,107.37,Credit Card,Delivered,Standard,Website,SAVE15,5,2
85579791,569244,2025-06-04,Electronics,Mechanical Keyboard,1,89.8,22,89.8,5.9,14.01,89.95,Bank Transfer,Delayed,Standard,Mobile App,WELCOME10,7,3
44785907,471028,2025-09-25,Home & Kitchen,Air Fryer,1,118.45,10,118.45,5.9,21.32,133.82,Credit Card,Delivered,Standard,Website,,3,5
25522647,985158,2025-10-20,Beauty,Hair Dryer,1,72.0,32,72.0,12.9,9.79,71.65,PayPal,Delivered,Express,Marketplace,VIP20,1,4
48356220,444949,2025-12-19,Books & Office,Data Analytics Book,2,41.09,11,82.18,12.9,14.63,100.67,PayPal,Returned,Express,Website,VIP20,3,
10617967,773799,2024-09-06,Electronics,USB-C Hub,2,44.16,0,88.32,5.9,17.66,111.88,Credit Card,Delivered,Standard,Website,,5,5
45394657,592148,2025-12-22,Beauty,Hair Dryer,1,67.76,24,67.76,5.9,10.3,67.7,Apple Pay,Delivered,Standard,Mobile App,,5,3
58841479,594646,2024-09-08,Home & Kitchen,Blender,1,67.68,10,67.68,5.9,12.18,78.99,Google Pay,Delivered,Standard,Mobile App,FREESHIP,3,5
87134589,593958,2025-10-08,Home & Kitchen,Blender,1,79.43,10,79.43,0.0,14.3,85.79,PayPal,Returned,Pickup,Website,,1,
46264047,606428,2025-07-24,Home & Kitchen,Desk Lamp,1,53.15,19,53.15,0.0,8.61,51.66,Credit Card,Delivered,Pickup,Website,WELCOME10,1,
73585386,974572,2025-11-13,Electronics,Mechanical Keyboard,1,106.71,4,106.71,12.9,20.49,135.83,Google Pay,Delivered,Express,Mobile App,WELCOME10,2,4
19843224,900924,2025-03-21,Books & Office,Notebook Set,1,22.94,5,22.94,12.9,4.36,39.05,Credit Card,Delivered,Express,Website,SAVE15,1,5
43141361,465243,2025-06-21,Electronics,Smart Watch,1,158.43,5,158.43,0.0,30.1,180.61,PayPal,Delivered,Standard,Website,SAVE15,4,4
10347265,757102,2025-12-16,Electronics,USB-C Hub,1,39.45,24,39.45,12.9,6.0,48.88,Credit Card,Delivered,Express,Marketplace,SAVE15,2,4
85348511,295940,2024-06-27,Electronics,Mechanical Keyboard,1,97.16,9,97.16,12.9,17.68,119.0,PayPal,Delivered,Express,Mobile App,,1,2
73804407,468629,2025-12-22,Electronics,Bluetooth Speaker,1,71.34,19,71.34,0.0,11.56,69.35,Google Pay,Delivered,Pickup,Marketplace,,1,3
89329049,241563,2025-06-05,Home & Kitchen,Air Fryer,1,116.52,0,116.52,0.0,23.3,139.82,PayPal,Delivered,Pickup,Marketplace,,1,4
57224486,722493,2025-12-24,Sports,Resistance Bands,1,36.26,19,36.26,5.9,5.87,41.14,Credit Card,Delivered,Standard,Mobile App,,6,4
32409572,850369,2025-12-26,Beauty,Skin Care Set,1,89.74,9,89.74,12.9,16.33,110.89,Bank Transfer,Delivered,Express,Marketplace,FREESHIP,3,4
45904337,439102,2025-10-26,Beauty,Perfume,1,92.86,2,92.86,0.0,18.2,109.2,Credit Card,Delivered,Pickup,Website,FREESHIP,1,4
75698627,900924,2025-01-05,Beauty,Hair Dryer,2,65.58,17,131.16,12.9,21.77,143.53,Bank Transfer,Delivered,Express,Mobile App,SAVE15,3,4
46186991,317282,2025-09-19,Beauty,Perfume,1,84.16,4,84.16,5.9,16.16,102.85,Bank Transfer,Delayed,Standard,Website,FREESHIP,9,2
70559735,241563,2024-11-22,Sports,Dumbbell Set,1,112.8,19,112.8,5.9,18.27,115.54,Credit Card,Delivered,Standard,Mobile App,VIP20,5,4
62052734,507468,2025-03-13,Sports,Cycling Helmet,1,68.87,27,68.87,5.9,10.06,66.24,Google Pay,Delivered,Standard,Marketplace,,4,5
67006578,202492,2024-08-01,Home & Kitchen,Blender,2,86.03,12,172.06,0.0,11.66,163.07,Bank Transfer,Delivered,Pickup,Website,,1,5
25026017,832553,2024-10-18,Beauty,Makeup Kit,2,56.41,7,112.82,5.9,20.98,131.8,Credit Card,Delivered,Standard,Marketplace,,5,3
56086035,246295,2025-11-01,Home & Kitchen,Air Fryer,2,138.5,14,277.0,12.9,47.64,298.76,Credit Card,Delivered,Express,Website,FREESHIP,1,
75495072,215222,2024-04-02,Books & Office,Monitor Stand,1,39.87,24,39.87,5.9,6.06,42.26,Credit Card,Delivered,Standard,Website,SAVE15,6,5
22265079,958830,2025-07-31,Beauty,Hair Dryer,3,77.52,27,232.56,0.0,13.07,182.84,Credit Card,Delivered,Standard,Website,,3,4
21745334,455270,2024-11-21,Books & Office,Ergonomic Mouse,4,51.96,33,207.84,12.9,27.85,180.0,Bank Transfer,Delivered,Express,Website,VIP20,3,5
47773062,391183,2025-12-18,Electronics,Smart Watch,1,145.38,19,145.38,0.0,23.55,141.31,Apple Pay,Delivered,Standard,Website,,5,5
34679686,549554,2025-07-31,Sports,Fitness Tracker,3,89.25,21,267.75,0.0,42.3,253.82,Credit Card,Delivered,Standard,Marketplace,VIP20,4,4
67192903,279792,2025-11-21,Electronics,Wireless Headphones,3,97.13,4,291.39,0.0,55.95,335.68,Credit Card,Returned,Standard,Marketplace,VIP20,6,
15529226,571089,2025-03-07,Fashion,Backpack,1,75.65,2,75.65,12.9,14.83,101.87,Credit Card,Delivered,Express,Website,SAVE15,2,4
19091208,141122,2025-03-19,Books & Office,Notebook Set,2,27.22,5,54.44,5.9,10.34,67.96,Credit Card,Delivered,Standard,Mobile App,SAVE15,4,5
46569569,857434,2025-06-11,Sports,Cycling Helmet,1,71.61,17,71.61,12.9,11.89,84.23,Credit Card,Returned,Express,Website,SAVE15,1,
52003933,181988,2025-12-24,Fashion,Cotton Hoodie,1,60.27,14,60.27,5.9,10.37,68.1,Credit Card,Delivered,Standard,Website,,4,5
93787622,178261,2025-01-31,Sports,Resistance Bands,2,31.29,14,62.58,5.9,10.76,70.48,Credit Card,Delivered,Standard,Website,VIP20,4,4
68684684,791897,2024-12-15,Books & Office,Monitor Stand,1,41.95,14,41.95,5.9,2.78,44.76,Credit Card,Delivered,Standard,Mobile App,,3,4
39290019,865173,2025-12-08,Fashion,Winter Jacket,1,189.67,21,189.67,0.0,29.97,179.81,Credit Card,Delivered,Standard,Marketplace,WELCOME10,1,5
67896131,215222,2025-04-04,Fashion,Winter Jacket,2,156.76,14,313.52,12.9,53.93,0.0,PayPal,Cancelled,Express,Website,FREESHIP,,
44487929,888237,2025-01-05,Beauty,Electric Toothbrush,5,83.23,4,416.15,12.9,79.9,492.3,Credit Card,Delivered,Express,Website,,3,5
26866589,401833,2025-11-30,Books & Office,Monitor Stand,1,42.98,19,42.98,5.9,6.96,47.67,Apple Pay,Delivered,Standard,Mobile App,VIP20,6,4
56930532,681390,2025-12-19,Books & Office,Notebook Set,2,27.53,24,55.06,12.9,8.37,63.12,Bank Transfer,Delivered,Express,Website,FREESHIP,2,5
81152280,958830,2025-11-27,Beauty,Hair Dryer,1,68.59,19,68.59,5.9,4.28,65.74,Credit Card,Delivered,Standard,Mobile App,,4,5
17983069,662484,2024-12-15,Electronics,Bluetooth Speaker,1,70.97,16,70.97,5.9,11.92,0.0,Bank Transfer,Cancelled,Standard,Mobile App,,,
35344259,550396,2024-12-22,Fashion,Winter Jacket,1,184.55,8,184.55,0.0,33.96,203.75,Apple Pay,Delivered,Standard,Website,,3,5
61139896,990091,2025-08-03,Books & Office,Monitor Stand,2,46.05,0,92.1,5.9,18.42,116.42,Apple Pay,Delivered,Standard,Website,,4,5
97426998,767194,2025-07-15,Electronics,Mechanical Keyboard,1,94.67,2,94.67,5.9,13.92,112.6,PayPal,Delivered,Standard,Mobile App,FREESHIP,2,5
20337171,574710,2025-12-02,Electronics,Wireless Headphones,1,91.26,11,91.26,5.9,16.24,103.36,Credit Card,Delivered,Standard,Website,VIP20,3,4
48696264,900924,2025-02-22,Sports,Yoga Mat,2,36.61,0,73.22,5.9,14.64,0.0,Credit Card,Cancelled,Standard,Mobile App,,,
80561661,900924,2024-07-18,Fashion,Classic Jeans,2,72.63,12,145.26,0.0,25.57,153.4,Google Pay,Delivered,Pickup,Website,,1,5
19612493,443824,2024-12-26,Sports,Dumbbell Set,2,131.59,18,263.18,12.9,43.16,271.87,Credit Card,Delivered,Express,Website,WELCOME10,3,
10167536,657571,2025-09-01,Books & Office,Ergonomic Mouse,1,52.15,17,52.15,5.9,8.66,57.84,PayPal,Delivered,Standard,Mobile App,WELCOME10,3,4
75801234,857434,2025-09-25,Home & Kitchen,Cookware Set,1,177.99,7,177.99,0.0,33.11,198.64,Google Pay,Delivered,Standard,Website,,5,5
52639643,119473,2025-12-27,Fashion,Winter Jacket,1,187.58,14,187.58,0.0,32.26,193.58,Google Pay,Delivered,Standard,Mobile App,WELCOME10,6,3
74503126,110106,2025-10-30,Sports,Dumbbell Set,1,119.66,5,119.66,5.9,22.74,142.32,Credit Card,Delayed,Standard,Mobile App,SAVE15,8,2
96536000,843951,2025-11-18,Sports,Fitness Tracker,3,97.31,29,291.93,0.0,41.45,248.72,Credit Card,Delivered,Standard,Website,,3,5
93410823,241563,2025-09-13,Fashion,Classic Jeans,2,71.15,25,142.3,0.0,21.34,128.06,Credit Card,Delivered,Standard,Website,VIP20,5,4
65225239,492888,2025-07-20,Home & Kitchen,Cookware Set,2,160.04,12,320.08,12.9,56.33,350.9,Bank Transfer,Delivered,Express,Mobile App,FREESHIP,2,4
36720853,319377,2024-12-01,Beauty,Perfume,1,83.91,23,83.91,5.9,12.92,83.43,Credit Card,Delivered,Standard,Mobile App,,4,4
60528100,888971,2025-10-09,Fashion,Running Shoes,2,104.9,0,209.8,0.0,31.47,0.0,Credit Card,Cancelled,Pickup,Website,,,
27270809,871400,2025-10-09,Books & Office,Ergonomic Mouse,1,55.22,22,55.22,5.9,8.61,57.58,PayPal,Delivered,Standard,Website,FREESHIP,5,4
20005307,743949,2024-08-23,Electronics,Bluetooth Speaker,1,73.45,4,73.45,5.9,5.43,81.84,PayPal,Returned,Standard,Mobile App,WELCOME10,6,
41240735,848223,2025-09-08,Sports,Yoga Mat,3,33.26,27,99.78,0.0,14.57,87.41,Credit Card,Delivered,Pickup,Website,,1,5
75780797,850369,2025-10-21,Fashion,Classic Jeans,3,63.79,0,191.37,0.0,38.27,229.64,Credit Card,Delivered,Standard,Mobile App,,6,5
62605536,828973,2025-11-20,Electronics,USB-C Hub,1,47.94,4,47.94,5.9,9.2,61.12,PayPal,Delivered,Standard,Website,VIP20,5,5
66501930,796464,2025-03-12,Electronics,Bluetooth Speaker,1,70.07,22,70.07,5.9,8.2,0.0,PayPal,Cancelled,Standard,Website,,,
42478918,295582,2025-06-16,Sports,Dumbbell Set,5,131.89,2,659.45,12.9,129.25,788.41,Apple Pay,Delivered,Express,Mobile App,VIP20,2,5
83471864,481329,2025-09-20,Home & Kitchen,Air Fryer,4,144.01,17,576.04,0.0,95.62,573.73,Credit Card,Delivered,Standard,Mobile App,,6,4
85454003,857800,2025-04-15,Fashion,Running Shoes,1,113.31,20,113.31,5.9,6.98,103.53,PayPal,Delivered,Standard,Website,,5,5
98313204,746525,2025-11-14,Electronics,Wireless Headphones,1,104.01,29,104.01,5.9,14.77,94.52,Bank Transfer,Delivered,Standard,Website,,4,4
27112328,405338,2024-05-20,Home & Kitchen,Blender,1,85.79,10,85.79,5.9,15.44,98.55,Google Pay,Delivered,Standard,Website,VIP20,5,3
22372251,122059,2025-12-15,Sports,Dumbbell Set,1,120.29,24,120.29,0.0,18.28,109.7,PayPal,Delivered,Standard,Mobile App,,4,5
41688970,893579,2025-12-11,Electronics,USB-C Hub,1,48.11,9,48.11,12.9,8.76,65.44,Credit Card,Delivered,Express,Mobile App,SAVE15,1,5
76297335,900924,2025-12-23,Home & Kitchen,Air Fryer,2,132.76,14,265.52,12.9,45.67,286.92,PayPal,Delivered,Express,Website,WELCOME10,4,5
71434715,789592,2025-01-27,Electronics,Wireless Headphones,1,90.93,19,90.93,5.9,11.05,90.6,Apple Pay,Delivered,Standard,Website,,6,4
45772666,962186,2025-10-23,Sports,Cycling Helmet,1,77.38,15,77.38,5.9,13.15,84.82,Credit Card,Delivered,Standard,Website,,5,4
10007493,419246,2024-12-10,Sports,Fitness Tracker,2,83.08,14,166.16,12.9,28.58,184.38,Apple Pay,Delivered,Express,Website,SAVE15,3,3
95857287,319377,2025-03-24,Sports,Cycling Helmet,2,89.79,9,179.58,0.0,32.68,196.1,PayPal,Delivered,Standard,Marketplace,,6,5
41941791,478084,2025-11-19,Sports,Resistance Bands,1,33.5,21,33.5,12.9,5.29,44.65,Credit Card,Delivered,Express,Mobile App,VIP20,1,5
68179415,746525,2025-11-22,Beauty,Makeup Kit,2,56.27,14,112.54,5.9,19.36,122.04,Apple Pay,Delivered,Standard,Website,VIP20,5,5
21393987,166447,2025-10-19,Electronics,Smart Watch,3,128.24,10,384.72,0.0,69.25,415.5,Bank Transfer,Delivered,Pickup,Marketplace,,1,4
39525526,456030,2025-12-22,Books & Office,Notebook Set,5,22.99,24,114.95,5.9,17.47,110.73,Google Pay,Delayed,Standard,Mobile App,VIP20,7,4
15527752,989520,2025-01-04,Electronics,Bluetooth Speaker,1,68.99,12,68.99,12.9,12.14,0.0,Credit Card,Cancelled,Express,Mobile App,,,
75465794,176763,2024-11-07,Sports,Fitness Tracker,1,94.19,6,94.19,12.9,17.71,119.15,Google Pay,Delivered,Express,Mobile App,WELCOME10,3,5
53495224,119473,2025-10-25,Home & Kitchen,Coffee Maker,3,100.22,0,300.66,0.0,60.13,360.79,PayPal,Delivered,Standard,Website,,5,3
76142218,284211,2025-10-07,Beauty,Makeup Kit,1,59.87,15,59.87,5.9,10.18,66.97,Credit Card,Delayed,Standard,Mobile App,,6,2
59631052,289234,2025-06-29,Books & Office,Ergonomic Mouse,1,50.07,29,50.07,0.0,7.11,42.66,Credit Card,Delivered,Pickup,Website,SAVE15,1,4
28418755,433309,2025-12-29,Sports,Dumbbell Set,2,104.66,19,209.32,0.0,33.91,203.46,PayPal,Delivered,Pickup,Marketplace,VIP20,1,5
39840866,478316,2025-12-20,Sports,Dumbbell Set,1,134.32,24,134.32,0.0,20.42,122.5,Credit Card,Delivered,Standard,Website,SAVE15,4,4
60466721,658396,2025-07-29,Fashion,Classic Jeans,3,70.75,7,212.25,0.0,39.48,236.87,PayPal,Delivered,Standard,Mobile App,SAVE15,4,5
83136043,293665,2025-12-13,Fashion,Cotton Hoodie,1,70.55,31,70.55,12.9,3.75,65.33,Credit Card,Delayed,Express,Mobile App,VIP20,6,4
41730342,888237,2025-09-10,Sports,Yoga Mat,3,36.32,7,108.96,5.9,20.27,127.5,Apple Pay,Delivered,Standard,Website,WELCOME10,5,4
72594265,641029,2025-12-18,Sports,Fitness Tracker,3,108.43,4,325.29,0.0,62.46,374.74,Credit Card,Delivered,Standard,Mobile App,,5,3
97471555,888237,2025-04-08,Fashion,Cotton Hoodie,1,58.23,7,58.23,0.0,10.83,64.98,Credit Card,Delivered,Pickup,Mobile App,SAVE15,1,4
37777945,754716,2025-07-04,Home & Kitchen,Cookware Set,1,152.54,2,152.54,12.9,29.9,0.0,Credit Card,Cancelled,Express,Website,WELCOME10,,
37531182,900448,2025-08-14,Fashion,Backpack,3,81.74,2,245.22,12.9,36.05,289.27,Credit Card,Delivered,Express,Website,,4,4
77655153,874848,2025-12-12,Electronics,Smart Watch,2,160.54,29,321.08,0.0,45.59,273.56,PayPal,Delivered,Standard,Mobile App,,4,4
47811653,250538,2025-01-09,Fashion,Cotton Hoodie,1,61.29,24,61.29,5.9,9.32,61.8,Credit Card,Delivered,Standard,Mobile App,,7,4
82833973,149154,2025-11-14,Home & Kitchen,Cookware Set,1,158.92,24,158.92,12.9,24.16,157.84,PayPal,Delivered,Express,Website,,1,3
72699406,215222,2024-09-25,Books & Office,Monitor Stand,2,52.06,4,104.12,5.9,19.99,125.85,Google Pay,Delayed,Standard,Marketplace,VIP20,5,3
90759574,158237,2025-05-22,Beauty,Perfume,2,96.67,17,193.34,0.0,32.09,192.56,PayPal,Delivered,Pickup,Marketplace,,1,4
14756276,391759,2024-12-02,Fashion,Running Shoes,1,109.72,21,109.72,5.9,13.0,105.58,Credit Card,Delivered,Standard,Website,,3,4
90553986,919390,2025-11-09,Home & Kitchen,Desk Lamp,1,54.18,4,54.18,12.9,10.4,75.31,PayPal,Delivered,Express,Mobile App,,1,4
94324859,295582,2025-10-21,Electronics,Smart Watch,4,168.9,17,675.6,0.0,112.15,672.9,Credit Card,Returned,Standard,Website,FREESHIP,6,
50668392,422958,2025-11-25,Electronics,USB-C Hub,2,46.99,24,93.98,5.9,14.28,91.6,PayPal,Delayed,Standard,Website,FREESHIP,8,3
93667000,719528,2024-10-25,Sports,Yoga Mat,3,42.43,2,127.29,12.9,24.95,162.59,Credit Card,Returned,Express,Website,,3,
78758481,256405,2025-07-11,Beauty,Perfume,1,93.73,14,93.73,0.0,16.12,96.73,Bank Transfer,Delivered,Pickup,Marketplace,SAVE15,1,
68520590,859344,2024-09-09,Books & Office,Office Chair,5,207.92,0,1039.6,12.9,207.92,1260.42,Apple Pay,Delivered,Express,Website,,2,5
13612409,302694,2025-09-21,Electronics,Wireless Headphones,2,99.0,10,198.0,0.0,35.64,213.84,Credit Card,Delivered,Standard,Website,VIP20,5,4
11632231,225761,2025-06-12,Fashion,Running Shoes,1,128.88,4,128.88,0.0,24.74,148.46,Credit Card,Delivered,Pickup,Mobile App,WELCOME10,1,5
84677012,726063,2025-08-27,Sports,Resistance Bands,1,30.92,17,30.92,5.9,5.13,36.69,Apple Pay,Delivered,Standard,Website,SAVE15,3,5
85802273,673962,2025-04-05,Fashion,Winter Jacket,1,191.08,17,191.08,0.0,31.72,190.32,Google Pay,Delayed,Standard,Mobile App,,7,3
53097841,105502,2025-12-17,Books & Office,Notebook Set,1,25.45,21,25.45,12.9,4.02,37.03,Credit Card,Returned,Express,Website,SAVE15,3,
71187139,225018,2025-02-11,Books & Office,Monitor Stand,2,48.61,10,97.22,5.9,17.5,110.9,Apple Pay,Delivered,Standard,Marketplace,,5,5
32895658,167359,2025-12-19,Beauty,Skin Care Set,2,81.05,8,162.1,12.9,29.83,191.86,PayPal,Delivered,Express,Marketplace,VIP20,4,4
18913858,355308,2025-11-25,Electronics,Bluetooth Speaker,1,71.75,19,71.75,5.9,11.62,75.64,Credit Card,Delayed,Standard,Website,VIP20,7,2
93256336,100813,2025-11-14,Beauty,Hair Dryer,1,65.41,4,65.41,5.9,12.56,81.25,PayPal,Delivered,Standard,Website,,4,4
58088708,217277,2025-08-18,Books & Office,Office Chair,3,212.32,14,636.96,0.0,109.56,657.35,Apple Pay,Returned,Standard,Website,,5,
45168425,765119,2025-12-17,Home & Kitchen,Cookware Set,1,154.64,14,154.64,0.0,26.6,159.59,PayPal,Delivered,Standard,Website,FREESHIP,5,5
60852138,940815,2025-12-19,Home & Kitchen,Blender,1,80.53,4,80.53,5.9,15.46,98.67,Credit Card,Delivered,Standard,Website,VIP20,3,4
45309163,617166,2025-10-10,Home & Kitchen,Coffee Maker,1,80.63,0,80.63,5.9,16.13,102.66,Apple Pay,Returned,Standard,Marketplace,,4,
80812466,535558,2024-12-25,Books & Office,Office Chair,1,201.11,4,201.11,0.0,14.87,207.94,Bank Transfer,Delivered,Pickup,Mobile App,,1,3
22423788,100813,2025-12-28,Books & Office,Ergonomic Mouse,1,58.54,4,58.54,5.9,11.24,73.34,Credit Card,Delivered,Standard,Website,SAVE15,4,4
13037793,478691,2025-11-10,Home & Kitchen,Coffee Maker,3,91.09,9,273.27,0.0,49.74,298.42,Credit Card,Delivered,Standard,Marketplace,SAVE15,4,4
58240957,990675,2025-12-18,Books & Office,Office Chair,1,213.72,9,213.72,0.0,38.9,233.39,Credit Card,Delivered,Standard,Website,FREESHIP,2,3
14148918,565703,2025-11-03,Electronics,Smart Watch,1,134.64,4,134.64,12.9,25.85,168.0,Google Pay,Delivered,Express,Marketplace,SAVE15,1,4
74460336,503336,2025-12-05,Books & Office,Ergonomic Mouse,2,52.77,14,105.54,5.9,18.15,114.81,PayPal,Delivered,Standard,Mobile App,SAVE15,4,4
90916623,866265,2025-09-26,Sports,Cycling Helmet,3,73.64,22,220.92,0.0,34.46,206.78,Apple Pay,Returned,Standard,Mobile App,VIP20,5,
32278849,606428,2025-07-19,Fashion,Cotton Hoodie,1,62.24,24,62.24,12.9,9.46,69.66,Credit Card,Delivered,Express,Website,,2,4
25442479,287149,2025-05-08,Beauty,Skin Care Set,1,80.81,17,80.81,12.9,13.41,93.38,Apple Pay,Delivered,Express,Mobile App,WELCOME10,2,4
85760156,272038,2024-12-02,Fashion,Running Shoes,3,100.63,4,301.89,0.0,57.96,347.77,Credit Card,Delivered,Standard,Website,,4,3
56990863,287149,2025-08-19,Electronics,Mechanical Keyboard,1,83.21,2,83.21,0.0,16.31,97.86,Google Pay,Delivered,Pickup,Website,SAVE15,2,4
59027651,241563,2025-11-26,Beauty,Skin Care Set,1,85.82,4,85.82,0.0,16.48,98.87,Apple Pay,Delivered,Pickup,Mobile App,,1,4
28591924,981921,2024-09-28,Beauty,Electric Toothbrush,1,79.9,27,79.9,12.9,11.67,82.9,PayPal,Delivered,Express,Mobile App,WELCOME10,1,4
96270675,119473,2024-12-27,Home & Kitchen,Coffee Maker,1,103.52,29,103.52,5.9,14.7,94.1,Credit Card,Delivered,Standard,Mobile App,VIP20,6,4
48870467,725173,2025-09-06,Home & Kitchen,Coffee Maker,3,96.12,20,288.36,0.0,46.14,276.83,PayPal,Delivered,Pickup,Website,,1,3
11867605,433309,2025-12-18,Electronics,Wireless Headphones,4,98.38,34,393.52,0.0,51.94,311.66,Credit Card,Delivered,Pickup,Mobile App,SAVE15,3,4
22855044,878040,2025-12-12,Electronics,Smart Watch,2,150.75,14,301.5,12.9,51.86,324.05,PayPal,Delayed,Express,Mobile App,,4,2
15095122,999021,2025-03-03,Electronics,Bluetooth Speaker,1,66.97,12,66.97,5.9,11.79,76.62,Credit Card,Delayed,Standard,Website,WELCOME10,9,3
76664750,881446,2025-09-12,Fashion,Cotton Hoodie,1,64.01,20,64.01,0.0,10.24,61.45,Credit Card,Delivered,Pickup,Mobile App,FREESHIP,1,5
88792978,548453,2024-10-19,Sports,Dumbbell Set,2,117.88,7,235.76,0.0,43.85,263.11,Apple Pay,Delayed,Standard,Website,SAVE15,8,3
31417999,600680,2025-11-30,Sports,Yoga Mat,1,41.65,6,41.65,5.9,7.83,52.88,Credit Card,Delivered,Standard,Website,WELCOME10,5,5
39564129,243318,2024-07-01,Sports,Fitness Tracker,1,86.43,16,86.43,5.9,14.52,93.02,Google Pay,Delivered,Standard,Marketplace,WELCOME10,6,4
87336871,178261,2025-08-19,Fashion,Running Shoes,1,95.9,17,95.9,5.9,15.92,101.42,PayPal,Delivered,Standard,Mobile App,WELCOME10,5,5
19504129,791789,2024-02-01,Home & Kitchen,Desk Lamp,1,47.57,2,47.57,5.9,9.32,61.84,Apple Pay,Delayed,Standard,Website,,7,3
49795120,807947,2025-09-10,Fashion,Running Shoes,1,100.56,20,100.56,5.9,12.07,98.42,PayPal,Delivered,Standard,Mobile App,VIP20,4,4
12013059,726493,2025-09-18,Fashion,Cotton Hoodie,2,56.18,12,112.36,5.9,7.61,112.39,Credit Card,Delivered,Standard,Mobile App,FREESHIP,4,5
88396312,951634,2024-07-17,Electronics,Mechanical Keyboard,4,97.54,26,390.16,0.0,57.74,346.46,Apple Pay,Delivered,Pickup,Mobile App,WELCOME10,2,
42889910,495087,2025-12-31,Books & Office,Notebook Set,3,23.07,9,69.21,5.9,12.6,81.48,Credit Card,Delivered,Standard,Mobile App,,6,4
91672936,621846,2025-04-19,Home & Kitchen,Coffee Maker,1,91.41,19,91.41,5.9,14.81,94.75,Credit Card,Delivered,Standard,Mobile App,,4,4
33878592,548453,2024-07-29,Home & Kitchen,Coffee Maker,3,109.33,4,327.99,0.0,62.97,377.84,PayPal,Delivered,Standard,Website,SAVE15,3,5
97350311,871400,2025-08-03,Home & Kitchen,Desk Lamp,1,50.52,2,50.52,5.9,9.9,65.31,Bank Transfer,Returned,Standard,Mobile App,VIP20,3,
95460112,471028,2025-12-16,Books & Office,Monitor Stand,1,43.95,4,43.95,5.9,8.44,56.53,Credit Card,Delayed,Standard,Website,,6,3
82689730,667474,2025-07-03,Beauty,Perfume,2,99.94,12,199.88,0.0,35.18,211.07,Bank Transfer,Delivered,Standard,Mobile App,VIP20,6,5
20956295,201963,2024-11-07,Books & Office,Monitor Stand,1,49.54,33,49.54,5.9,6.64,45.73,Apple Pay,Delayed,Standard,Mobile App,VIP20,7,2
83308555,289234,2025-12-06,Electronics,Smart Watch,1,149.44,23,149.44,0.0,23.01,138.08,,Delivered,Standard,Website,VIP20,5,4
81324774,877546,2025-03-28,Books & Office,Data Analytics Book,1,42.7,12,42.7,0.0,7.52,45.1,Apple Pay,Delivered,Pickup,Marketplace,,1,5
98233331,385304,2024-08-23,Beauty,Perfume,2,94.24,27,188.48,0.0,27.52,165.11,Bank Transfer,Delivered,Standard,Website,SAVE15,3,4
12133972,233651,2025-11-02,Books & Office,Notebook Set,3,26.43,19,79.29,5.9,12.84,82.96,Credit Card,Delivered,Standard,Website,,4,5
61323080,286370,2025-07-24,Electronics,Mechanical Keyboard,1,104.27,2,104.27,5.9,15.33,123.41,Google Pay,Delivered,Standard,Marketplace,,4,4
57034681,236070,2025-09-16,Home & Kitchen,Coffee Maker,2,102.2,5,204.4,0.0,38.84,233.02,Credit Card,Delivered,Standard,Website,,4,4
13341507,372597,2025-12-06,Electronics,Mechanical Keyboard,1,97.46,6,97.46,5.9,18.32,115.83,Credit Card,Delivered,Standard,Mobile App,FREESHIP,2,5
64917791,701299,2025-11-23,Books & Office,Ergonomic Mouse,1,56.82,9,56.82,5.9,10.34,67.95,Credit Card,Delivered,Standard,Mobile App,VIP20,3,4
38102266,637623,2025-09-13,Home & Kitchen,Desk Lamp,2,55.33,2,110.66,5.9,21.69,0.0,,Cancelled,Standard,Marketplace,,,
44984477,357823,2025-01-01,Books & Office,Data Analytics Book,1,39.7,2,39.7,0.0,5.84,44.75,PayPal,Delivered,Pickup,Website,WELCOME10,1,4
13690655,748246,2025-08-27,Sports,Fitness Tracker,2,92.84,15,185.68,0.0,31.57,189.4,Credit Card,Delivered,Standard,Website,SAVE15,2,5
23483023,298767,2025-12-13,Books & Office,Data Analytics Book,1,37.79,4,37.79,5.9,7.26,49.44,Bank Transfer,Delayed,Standard,Marketplace,,8,3
26161069,452641,2025-05-22,Electronics,Smart Watch,1,143.43,22,143.43,0.0,22.38,134.26,Credit Card,Delivered,Standard,Website,VIP20,5,4
35339425,942724,2025-12-01,Fashion,Running Shoes,2,104.49,9,208.98,0.0,38.03,228.2,Credit Card,Delivered,Standard,Website,FREESHIP,6,5
46614392,801451,2025-12-25,Electronics,Wireless Headphones,1,79.65,19,79.65,5.9,9.68,80.1,Google Pay,Delivered,Standard,Mobile App,FREESHIP,3,5
74432382,467610,2025-05-09,Fashion,Running Shoes,3,104.99,27,314.97,0.0,34.49,264.42,Credit Card,Delivered,Pickup,Mobile App,,1,3
56191903,159448,2025-06-26,Fashion,Running Shoes,1,115.73,15,115.73,5.9,19.67,123.94,Credit Card,Delivered,Standard,Website,,3,5
47145030,935758,2025-10-03,Fashion,Backpack,4,76.67,4,306.68,0.0,58.88,353.29,Credit Card,Delayed,Standard,Mobile App,,8,3
12447646,919390,2025-04-20,Books & Office,Office Chair,2,237.02,5,474.04,12.9,90.07,553.31,Credit Card,Delivered,Express,Website,FREESHIP,1,5
83129471,746525,2025-12-18,Electronics,Wireless Headphones,1,84.87,19,84.87,5.9,13.75,88.39,Apple Pay,Delivered,Standard,Website,WELCOME10,4,5
55300949,920298,2025-10-03,Electronics,Smart Watch,1,150.51,0,150.51,0.0,30.1,180.61,Google Pay,Delivered,Pickup,Website,,3,5
60941539,433309,2025-12-23,Fashion,Running Shoes,1,112.42,14,112.42,5.9,19.34,121.92,Credit Card,Delivered,Standard,Mobile App,FREESHIP,5,4
14959549,921568,2024-09-10,Books & Office,Office Chair,2,188.54,24,377.08,0.0,57.32,343.9,Credit Card,Delivered,Standard,Website,,4,4
91474594,524502,2025-03-17,Home & Kitchen,Blender,2,73.27,22,146.54,0.0,22.86,137.16,Credit Card,Delivered,Standard,Mobile App,,6,4
94673872,951634,2024-09-23,Fashion,Cotton Hoodie,2,65.39,4,130.78,0.0,25.11,150.66,Credit Card,Returned,Standard,Website,,3,
37443998,264538,2025-09-13,Electronics,USB-C Hub,1,39.15,10,39.15,0.0,7.05,42.28,Credit Card,Delivered,Pickup,Marketplace,SAVE15,1,4
55456405,726493,2025-12-01,Fashion,Winter Jacket,4,190.23,6,760.92,0.0,55.08,770.34,Credit Card,Delivered,Pickup,Mobile App,VIP20,1,4
90793294,100536,2025-08-23,Beauty,Skin Care Set,1,81.73,10,81.73,5.9,14.71,94.17,Credit Card,Delivered,Standard,Mobile App,,5,5
31333887,627996,2025-06-01,Beauty,Makeup Kit,4,54.4,17,217.6,0.0,27.09,207.7,PayPal,Delivered,Standard,Mobile App,,4,5
89137244,417298,2025-10-22,Electronics,Smart Watch,1,146.12,0,146.12,12.9,29.22,188.24,Credit Card,Delayed,Express,Mobile App,,6,3
51368863,900924,2025-08-04,Home & Kitchen,Blender,4,82.9,5,331.6,0.0,63.0,378.02,PayPal,Returned,Standard,Website,,5,
99274401,453744,2024-05-12,Home & Kitchen,Coffee Maker,2,89.3,15,178.6,0.0,30.36,182.17,PayPal,Delivered,Standard,Website,,6,4
29764798,404084,2025-12-24,Sports,Dumbbell Set,1,117.83,4,117.83,5.9,22.62,141.64,Apple Pay,Delivered,Standard,Website,WELCOME10,8,4
50312120,441319,2025-12-08,Beauty,Electric Toothbrush,3,73.64,9,220.92,0.0,40.21,241.25,Apple Pay,Delivered,Standard,Mobile App,WELCOME10,7,4
48229392,349308,2025-12-25,Electronics,Bluetooth Speaker,1,67.42,14,67.42,5.9,11.6,75.48,Credit Card,Delivered,Standard,Mobile App,FREESHIP,5,3
28464808,514149,2025-11-25,Beauty,Electric Toothbrush,3,81.15,14,243.45,0.0,41.87,251.24,PayPal,Delivered,Standard,Website,VIP20,2,5
54568021,215222,2024-10-01,Sports,Resistance Bands,1,30.56,19,30.56,5.9,4.95,35.6,Credit Card,Delivered,Standard,Website,SAVE15,5,4
78151221,919390,2025-11-25,Home & Kitchen,Desk Lamp,1,45.44,4,45.44,5.9,8.72,58.24,Credit Card,Delivered,Standard,Website,WELCOME10,7,5
30765800,662484,2024-04-24,Sports,Cycling Helmet,1,80.74,2,80.74,0.0,15.83,94.96,Credit Card,Delivered,Pickup,Marketplace,VIP20,1,4
99354089,746011,2024-10-19,Beauty,Makeup Kit,1,59.45,0,59.45,12.9,11.89,84.24,Credit Card,Delivered,Express,Mobile App,,1,3
96082731,225761,2024-10-10,Books & Office,Monitor Stand,1,43.81,14,43.81,0.0,7.54,45.22,PayPal,Delivered,Pickup,Website,,1,4
57524023,866265,2025-09-22,Books & Office,Ergonomic Mouse,2,50.35,2,100.7,5.9,19.74,124.33,Credit Card,Delayed,Standard,Website,,6,1
19574188,504702,2025-09-27,Fashion,Backpack,3,72.12,10,216.36,0.0,38.94,233.66,Credit Card,Delayed,Standard,Mobile App,SAVE15,7,
72416538,373683,2025-12-09,Books & Office,Notebook Set,1,21.95,19,21.95,5.9,3.56,27.24,Apple Pay,Delivered,Standard,Mobile App,VIP20,3,5
23906451,119634,2024-10-19,Fashion,Cotton Hoodie,3,57.61,30,172.83,12.9,24.2,158.08,Credit Card,Delayed,Express,Website,,3,3
98276078,883140,2025-11-28,Sports,Fitness Tracker,1,101.7,6,101.7,12.9,19.12,127.62,Credit Card,Delivered,Express,Mobile App,FREESHIP,1,5
69728868,892690,2025-12-23,Beauty,Skin Care Set,1,79.32,34,79.32,5.9,10.47,68.72,Credit Card,Delivered,Standard,Mobile App,,6,3
41663839,287149,2025-11-25,Sports,Resistance Bands,1,34.91,16,34.91,5.9,5.86,41.08,Credit Card,Delivered,Standard,Website,SAVE15,1,5
58929529,883739,2024-09-10,Electronics,Smart Watch,1,147.4,4,147.4,12.9,28.3,182.7,Credit Card,Delivered,Express,Website,,1,2
18470848,894892,2025-11-09,Electronics,Smart Watch,2,143.66,14,287.32,0.0,49.42,296.52,Bank Transfer,Delivered,Standard,Website,,6,4
13540377,295623,2024-12-13,Home & Kitchen,Coffee Maker,2,81.59,9,163.18,0.0,11.43,159.92,Credit Card,Delivered,Standard,Website,,5,5
73339264,913479,2024-07-10,Fashion,Running Shoes,2,105.54,17,211.08,0.0,35.04,210.24,Bank Transfer,Delivered,Pickup,Website,,1,4
65093744,927673,2025-01-24,Beauty,Hair Dryer,1,59.45,29,59.45,0.0,8.44,50.65,PayPal,Delivered,Pickup,Mobile App,,1,4
24115078,295940,2025-07-18,Beauty,Electric Toothbrush,1,73.2,11,73.2,5.9,13.03,84.08,Credit Card,Delivered,Standard,Website,VIP20,4,5
10078616,178261,2025-09-02,Beauty,Makeup Kit,2,57.31,17,114.62,5.9,19.03,120.06,Bank Transfer,Delivered,Standard,Mobile App,SAVE15,4,5
87017371,889635,2025-11-28,Books & Office,Monitor Stand,1,47.69,11,47.69,5.9,8.49,56.83,Apple Pay,Delivered,Standard,Mobile App,,6,5
81242617,247992,2025-05-10,Beauty,Hair Dryer,2,70.46,5,140.92,12.9,26.77,173.54,Google Pay,Returned,Express,Website,SAVE15,1,
62119596,452641,2025-06-04,Electronics,Mechanical Keyboard,2,106.24,12,212.48,0.0,37.4,224.38,PayPal,Delivered,Standard,Mobile App,VIP20,6,4
40577152,733644,2025-12-19,Books & Office,Data Analytics Book,1,45.71,16,45.71,0.0,7.68,46.08,PayPal,Delayed,Pickup,Website,,3,3
84088871,550396,2024-07-20,Fashion,Backpack,3,80.06,6,240.18,12.9,45.15,283.82,Credit Card,Delivered,Express,Website,,1,3
89798069,178261,2025-11-05,Books & Office,Office Chair,2,199.17,6,398.34,0.0,74.89,449.33,Google Pay,Delivered,Standard,Website,VIP20,4,5
99259375,474664,2025-08-26,Books & Office,Data Analytics Book,1,45.96,20,45.96,5.9,7.35,50.02,Credit Card,Delivered,Standard,Website,FREESHIP,5,5
90682255,859344,2025-06-14,Fashion,Backpack,2,74.3,15,148.6,12.9,25.26,164.47,Credit Card,Delivered,Express,Website,WELCOME10,1,5
26094886,224914,2025-12-22,Books & Office,Monitor Stand,1,47.65,4,47.65,5.9,9.15,60.79,PayPal,Delivered,Standard,Website,,6,4
79070736,119473,2025-01-14,Home & Kitchen,Desk Lamp,2,44.26,17,88.52,0.0,14.69,88.16,Apple Pay,Returned,Pickup,Mobile App,,1,
58805706,412752,2025-11-02,Home & Kitchen,Blender,1,84.91,14,84.91,5.9,14.6,93.52,Apple Pay,Delivered,Standard,Website,SAVE15,5,3
47369824,185948,2025-12-19,Fashion,Winter Jacket,1,203.89,11,203.89,12.9,36.29,230.65,Google Pay,Returned,Express,Mobile App,FREESHIP,1,
49263336,135253,2025-05-11,Books & Office,Ergonomic Mouse,2,55.57,5,111.14,0.0,21.12,126.7,Credit Card,Delivered,Pickup,Website,,1,4
70989172,767194,2025-07-25,Beauty,Skin Care Set,1,96.24,17,96.24,5.9,11.98,97.76,PayPal,Delivered,Standard,Mobile App,,5,4
23395210,444949,2024-07-31,Sports,Dumbbell Set,3,108.84,29,326.52,0.0,46.37,0.0,PayPal,Cancelled,Standard,Marketplace,FREESHIP,,
94600919,220868,2025-11-15,Electronics,Smart Watch,1,149.39,14,149.39,0.0,25.7,154.18,Credit Card,Delivered,Standard,Website,WELCOME10,4,4
23857340,743949,2025-11-12,Electronics,Wireless Headphones,2,96.54,28,193.08,12.9,10.7,162.62,PayPal,Delivered,Express,Website,VIP20,1,4
41259371,143248,2025-12-19,Sports,Resistance Bands,1,34.81,19,34.81,5.9,5.64,39.74,Credit Card,Delivered,Standard,Mobile App,FREESHIP,6,5
25982646,194345,2025-12-10,Electronics,Smart Watch,1,142.47,14,142.47,0.0,24.5,147.02,Bank Transfer,Delivered,Standard,Website,SAVE15,6,5
42337634,443824,2025-12-04,Fashion,Running Shoes,1,119.22,33,119.22,5.9,15.98,101.76,PayPal,Delayed,Standard,Mobile App,VIP20,7,3
91284848,857434,2025-06-05,Electronics,Smart Watch,2,149.22,22,298.44,0.0,46.56,279.34,Credit Card,Delivered,Standard,Website,SAVE15,3,4
24887344,391183,2025-10-15,Sports,Resistance Bands,2,31.65,10,63.3,5.9,11.39,74.26,Google Pay,Delayed,Standard,Website,,7,3
58174683,645394,2025-07-06,Electronics,USB-C Hub,3,40.27,24,120.81,0.0,7.07,98.89,Google Pay,Delivered,Standard,Website,,3,4
46766482,185948,2025-03-23,Fashion,Cotton Hoodie,1,64.2,12,64.2,5.9,11.3,73.7,Credit Card,Delivered,Standard,Website,,3,4
12301933,334627,2025-11-14,Electronics,Bluetooth Speaker,2,59.74,9,119.48,5.9,21.75,136.38,Credit Card,Delayed,Standard,Mobile App,VIP20,6,5
96221514,474664,2024-11-25,Electronics,Bluetooth Speaker,1,67.51,14,67.51,5.9,11.61,75.57,Credit Card,Delivered,Standard,Website,,7,4
10516932,230315,2025-11-25,Fashion,Winter Jacket,1,191.0,14,191.0,0.0,32.85,197.11,Bank Transfer,Delivered,Pickup,Website,,1,3
44760379,593958,2025-11-03,Sports,Cycling Helmet,2,83.65,14,167.3,0.0,28.78,172.66,Credit Card,Delivered,Standard,Mobile App,,4,5
70330592,247992,2025-10-16,Electronics,Mechanical Keyboard,4,87.01,5,348.04,0.0,66.13,396.77,PayPal,Delivered,Standard,Marketplace,WELCOME10,4,4
22125475,295582,2025-07-20,Electronics,Bluetooth Speaker,1,63.08,9,63.08,12.9,11.48,81.78,PayPal,Delivered,Express,Website,WELCOME10,3,4
46114672,633555,2025-03-23,Electronics,Smart Watch,1,140.14,25,140.14,0.0,21.02,126.13,PayPal,Delivered,Standard,Mobile App,WELCOME10,4,5
62338349,135253,2025-08-19,Home & Kitchen,Desk Lamp,1,43.68,15,43.68,5.9,7.43,50.46,Google Pay,Delivered,Standard,Website,,4,5
41618158,477026,2024-06-24,Fashion,Backpack,1,82.2,15,82.2,5.9,13.97,89.74,Credit Card,Returned,Standard,Mobile App,SAVE15,4,
53519331,920398,2025-12-16,Fashion,Backpack,4,79.76,4,319.04,0.0,61.26,367.54,PayPal,Delivered,Standard,Marketplace,WELCOME10,5,3
87490594,521348,2025-11-23,Electronics,Smart Watch,3,134.91,19,404.73,0.0,65.57,393.4,PayPal,Delivered,Standard,Website,,5,5
95127063,616780,2024-08-20,Fashion,Winter Jacket,3,176.88,2,530.64,0.0,104.01,624.04,Bank Transfer,Delivered,Standard,Marketplace,,4,4
51862094,489771,2025-04-27,Sports,Cycling Helmet,2,82.95,10,165.9,0.0,29.86,179.17,Apple Pay,Delivered,Standard,Mobile App,WELCOME10,5,5
77471664,123484,2024-06-16,Fashion,Backpack,1,78.39,17,78.39,5.9,13.01,83.97,Credit Card,Delivered,Standard,Website,FREESHIP,4,4
72342026,686999,2025-05-21,Fashion,Running Shoes,5,117.01,2,585.05,0.0,114.67,688.02,Bank Transfer,Delivered,Standard,Mobile App,,2,3
61642260,703633,2025-01-26,Home & Kitchen,Cookware Set,1,143.56,27,143.56,0.0,20.96,125.76,PayPal,Delivered,Standard,Website,,3,4
20368248,839661,2024-10-10,Sports,Dumbbell Set,1,98.86,22,98.86,5.9,15.42,98.43,Google Pay,Delivered,Standard,Website,,4,4
49927557,811213,2025-10-05,Beauty,Electric Toothbrush,3,75.94,15,227.82,0.0,38.73,232.38,Apple Pay,Delivered,Standard,Mobile App,,5,4
41138598,748246,2025-12-30,Fashion,Classic Jeans,2,68.33,9,136.66,0.0,24.87,149.23,Credit Card,Delivered,Standard,Website,SAVE15,4,5
78177166,807287,2025-05-02,Fashion,Backpack,1,75.08,24,75.08,12.9,11.41,81.37,PayPal,Delivered,Express,Mobile App,VIP20,3,5
10356895,258802,2025-07-06,Sports,Yoga Mat,4,39.66,4,158.64,0.0,30.46,182.75,PayPal,Delivered,Standard,Mobile App,FREESHIP,6,5
52847046,363608,2024-09-20,Home & Kitchen,Coffee Maker,2,96.89,17,193.78,0.0,32.17,0.0,Google Pay,Cancelled,Standard,Mobile App,,,
25753785,924293,2025-12-10,Home & Kitchen,Coffee Maker,1,99.66,4,99.66,5.9,19.13,120.7,Apple Pay,Delivered,Standard,Website,,4,5
56112253,374084,2024-12-25,Home & Kitchen,Cookware Set,1,182.22,19,182.22,0.0,29.52,177.12,Credit Card,Returned,Standard,Mobile App,,4,
52934447,215222,2025-03-23,Electronics,Mechanical Keyboard,3,98.88,19,296.64,0.0,48.06,288.34,Google Pay,Delivered,Standard,Marketplace,FREESHIP,4,5
57606196,574710,2025-12-15,Home & Kitchen,Air Fryer,2,140.9,35,281.8,12.9,36.63,232.7,Credit Card,Delivered,Express,Website,SAVE15,1,5
76090277,432782,2025-04-30,Beauty,Hair Dryer,2,70.21,34,140.42,12.9,18.54,124.12,Bank Transfer,Delivered,Express,Website,,3,4
94573796,657571,2025-04-06,Electronics,Smart Watch,1,154.17,2,154.17,0.0,30.22,181.31,Credit Card,Returned,Standard,Website,VIP20,6,
58728627,527499,2024-07-25,Books & Office,Notebook Set,1,23.94,17,23.94,5.9,3.97,29.74,Credit Card,Delivered,Standard,Mobile App,WELCOME10,4,4
94772224,453744,2025-09-17,Beauty,Perfume,1,104.71,10,104.71,5.9,18.85,118.99,Credit Card,Delivered,Standard,Marketplace,VIP20,6,4
99990513,352457,2025-02-27,Beauty,Makeup Kit,1,69.73,2,69.73,5.9,13.67,87.91,Credit Card,Delayed,Standard,Website,,7,3
72707230,942724,2025-12-27,Home & Kitchen,Cookware Set,1,153.88,19,153.88,12.9,24.93,162.47,PayPal,Delivered,Express,Website,VIP20,2,4
77445994,225018,2025-09-05,Fashion,Winter Jacket,1,183.71,25,183.71,0.0,27.56,165.34,Google Pay,Returned,Pickup,Website,,1,
72906905,726493,2025-08-02,Electronics,Wireless Headphones,1,94.22,7,94.22,5.9,6.75,100.27,Credit Card,Delivered,Standard,Mobile App,FREESHIP,4,4
48617222,924008,2025-07-25,Electronics,Mechanical Keyboard,1,98.16,9,98.16,5.9,17.87,113.1,Credit Card,Delivered,Standard,Website,,4,4
93877091,833845,2025-06-11,Electronics,USB-C Hub,2,39.72,9,79.44,12.9,14.46,99.65,Credit Card,Delivered,Express,Website,,1,4
84170122,672950,2024-12-28,Beauty,Hair Dryer,1,62.87,21,62.87,5.9,9.93,65.5,PayPal,Delivered,Standard,Marketplace,,7,3
11448177,621846,2025-09-23,Electronics,Mechanical Keyboard,3,101.61,9,304.83,0.0,55.48,332.88,Credit Card,Delayed,Standard,Mobile App,WELCOME10,7,3
15603527,136007,2025-07-01,Books & Office,Notebook Set,5,23.29,17,116.45,5.9,19.33,121.88,PayPal,Delivered,Standard,Website,WELCOME10,5,5
86586160,789592,2025-05-08,Electronics,Wireless Headphones,1,81.05,12,81.05,5.9,10.7,87.92,Credit Card,Delivered,Standard,Mobile App,,3,4
30331646,527499,2024-11-09,Home & Kitchen,Desk Lamp,1,48.68,4,48.68,0.0,9.35,56.08,Bank Transfer,Delivered,Pickup,Website,,1,4
74728985,463147,2025-11-04,Fashion,Classic Jeans,5,63.51,29,317.55,12.9,45.09,283.45,PayPal,Returned,Express,Website,FREESHIP,1,
68833802,594249,2025-12-17,Home & Kitchen,Coffee Maker,1,97.17,24,97.17,5.9,14.77,94.52,Credit Card,Delivered,Standard,Marketplace,SAVE15,4,4
52631245,287149,2025-11-03,Home & Kitchen,Air Fryer,2,130.64,31,261.28,0.0,36.06,216.34,Credit Card,Delivered,Standard,Website,FREESHIP,4,4
63338530,617166,2025-09-17,Home & Kitchen,Cookware Set,2,153.91,10,307.82,0.0,55.41,332.45,Credit Card,Delivered,Standard,Website,FREESHIP,6,3
58783771,264538,2024-12-01,Sports,Dumbbell Set,1,119.55,19,119.55,5.9,19.37,122.11,PayPal,Delivered,Standard,Mobile App,,5,4
59098975,867969,2025-01-16,Fashion,Cotton Hoodie,1,64.69,31,64.69,5.9,8.93,59.47,PayPal,Delivered,Standard,Mobile App,,4,5
40376712,311826,2025-11-09,Electronics,Bluetooth Speaker,1,65.58,4,65.58,5.9,12.59,0.0,Credit Card,Cancelled,Standard,Website,,,
82800397,958830,2025-08-16,Electronics,Smart Watch,1,163.66,10,163.66,12.9,11.34,171.53,Credit Card,Delivered,Express,Website,,1,5
18845238,443824,2025-11-01,Beauty,Electric Toothbrush,1,67.66,8,67.66,12.9,12.45,87.6,Bank Transfer,Delivered,Express,Website,,2,4
61715493,920139,2025-11-18,Home & Kitchen,Air Fryer,4,121.48,9,485.92,12.9,88.44,543.53,Google Pay,Delayed,Express,Website,,5,3
10471842,467610,2025-08-29,Fashion,Backpack,1,85.25,17,85.25,12.9,10.61,94.27,Google Pay,Delivered,Express,Mobile App,SAVE15,1,4
83621128,770978,2025-09-23,Beauty,Perfume,1,84.84,15,84.84,5.9,14.42,92.43,Credit Card,Delivered,Standard,Marketplace,,4,4
32536401,287149,2025-10-19,Sports,Resistance Bands,3,31.08,2,93.24,12.9,18.28,122.56,PayPal,Delivered,Express,Website,,2,4
78038315,990675,2025-05-14,Electronics,Wireless Headphones,1,92.61,0,92.61,5.9,18.52,117.03,Credit Card,Delivered,Standard,Website,,4,5
38074857,633555,2025-09-11,Electronics,Mechanical Keyboard,3,91.46,25,274.38,0.0,41.16,246.95,Google Pay,Delivered,Pickup,Website,SAVE15,1,5
83953795,648715,2025-04-18,Electronics,USB-C Hub,5,48.53,15,242.65,0.0,41.25,247.5,,Delivered,Standard,Marketplace,FREESHIP,6,4
65796165,778915,2025-12-14,Sports,Resistance Bands,2,31.36,11,62.72,12.9,11.16,79.88,Credit Card,Delivered,Express,Mobile App,WELCOME10,1,5
36082380,236070,2025-11-29,Fashion,Backpack,3,76.67,24,230.01,12.9,34.96,0.0,PayPal,Cancelled,Express,Website,,,
53820255,215222,2025-12-14,Fashion,Running Shoes,2,99.74,8,199.48,0.0,36.7,220.22,Credit Card,Delivered,Standard,Mobile App,SAVE15,4,3
31526680,577111,2024-12-06,Electronics,USB-C Hub,1,49.44,16,49.44,5.9,8.31,55.74,PayPal,Delivered,Standard,Website,SAVE15,3,5
32871895,866265,2024-09-30,Fashion,Running Shoes,3,109.98,17,329.94,0.0,54.77,328.62,PayPal,Delivered,Standard,Mobile App,SAVE15,5,4
92404464,801451,2025-12-04,Sports,Fitness Tracker,3,102.67,34,308.01,0.0,30.49,233.78,Google Pay,Delivered,Pickup,Mobile App,FREESHIP,1,5
33663623,597105,2025-10-04,Electronics,Wireless Headphones,1,87.04,22,87.04,5.9,13.58,87.37,Apple Pay,Delivered,Standard,Mobile App,VIP20,5,5
58261879,686999,2025-09-13,Home & Kitchen,Cookware Set,2,186.57,2,373.14,0.0,73.14,438.82,Bank Transfer,Delivered,Standard,Website,,3,4
69738707,322768,2025-07-17,Books & Office,Office Chair,4,208.03,24,832.12,0.0,126.48,758.89,PayPal,Delivered,Standard,Website,SAVE15,3,5
70995203,145895,2025-09-13,Fashion,Cotton Hoodie,3,56.56,0,169.68,12.9,33.94,216.52,Credit Card,Delivered,Express,Mobile App,,4,5
77540590,672950,2025-12-18,Home & Kitchen,Cookware Set,3,155.15,6,465.45,0.0,87.5,525.02,Credit Card,Delivered,Standard,Website,,3,5
35538694,833845,2024-11-04,Fashion,Backpack,2,70.89,8,141.78,0.0,26.09,156.53,Google Pay,Delivered,Pickup,Mobile App,,1,5
82278653,222579,2024-11-05,Fashion,Backpack,1,79.05,31,79.05,12.9,10.91,78.35,Credit Card,Delivered,Express,Mobile App,VIP20,2,5
87812802,416349,2025-12-15,Beauty,Makeup Kit,1,58.3,24,58.3,5.9,8.86,59.07,Credit Card,Delivered,Standard,Website,FREESHIP,5,5
29483661,178261,2025-07-20,Home & Kitchen,Coffee Maker,1,95.99,24,95.99,5.9,14.59,93.44,Credit Card,Delivered,Standard,Website,FREESHIP,3,5
57459851,372597,2025-11-26,Electronics,Bluetooth Speaker,2,71.7,16,143.4,0.0,24.09,144.55,Bank Transfer,Delivered,Standard,Website,FREESHIP,4,3
98102172,859385,2025-04-20,Books & Office,Office Chair,1,215.31,0,215.31,0.0,43.06,258.37,Credit Card,Delivered,Pickup,Website,,2,5
68752668,243318,2025-08-18,Home & Kitchen,Blender,1,85.77,29,85.77,5.9,12.18,78.98,Credit Card,Delivered,Standard,Website,,6,3
28666281,791189,2025-12-28,Sports,Dumbbell Set,3,135.83,14,407.49,0.0,70.09,420.53,Credit Card,Delivered,Standard,Marketplace,,5,4
75297320,877546,2025-12-21,Books & Office,Office Chair,1,226.11,16,226.11,0.0,37.99,227.92,PayPal,Delivered,Standard,Website,SAVE15,5,4
79256148,110106,2025-08-22,Sports,Dumbbell Set,4,137.65,0,550.6,12.9,110.12,673.62,Bank Transfer,Delivered,Express,Mobile App,,4,4
44159374,385698,2025-08-07,Beauty,Perfume,2,100.13,2,200.26,0.0,15.11,211.36,Apple Pay,Delivered,Pickup,Mobile App,SAVE15,1,4
62909285,718197,2025-12-28,Fashion,Winter Jacket,1,183.74,9,183.74,12.9,33.44,213.54,Apple Pay,Delivered,Express,Marketplace,SAVE15,2,5
31172435,357823,2025-12-19,Home & Kitchen,Air Fryer,1,121.82,4,121.82,0.0,17.54,134.49,Credit Card,Delayed,Standard,Mobile App,VIP20,6,4
38538350,215775,2025-12-28,Home & Kitchen,Blender,1,78.89,19,78.89,5.9,12.78,82.58,Credit Card,Delivered,Standard,Mobile App,,6,5
73134007,215222,2025-07-10,Books & Office,Office Chair,2,232.44,11,464.88,0.0,82.75,496.49,PayPal,Delivered,Standard,Website,,4,5
37284069,801451,2025-12-03,Beauty,Makeup Kit,1,56.67,4,56.67,5.9,8.16,68.46,PayPal,Delivered,Standard,Marketplace,WELCOME10,7,4
71266661,614194,2025-11-17,Fashion,Cotton Hoodie,2,67.42,34,134.84,0.0,13.35,102.34,Credit Card,Delivered,Pickup,Mobile App,,1,5
52605622,648698,2024-08-14,Books & Office,Ergonomic Mouse,2,59.17,0,118.34,5.9,17.75,141.99,Credit Card,Delivered,Standard,Website,,6,
22256051,747145,2025-11-16,Sports,Fitness Tracker,1,90.76,24,90.76,12.9,13.8,95.68,PayPal,Delivered,Express,Mobile App,,2,4
71859037,270516,2025-07-31,Electronics,Wireless Headphones,1,89.13,7,89.13,0.0,6.38,89.27,PayPal,Delivered,Pickup,Website,,1,
48053607,215222,2024-11-10,Sports,Resistance Bands,1,37.35,8,37.35,5.9,6.87,47.13,PayPal,Delivered,Standard,Mobile App,SAVE15,3,3
16177339,888237,2025-05-17,Books & Office,Office Chair,1,205.91,12,205.91,0.0,36.24,217.44,Apple Pay,Delivered,Standard,Mobile App,VIP20,8,5
48825247,349706,2024-12-16,Books & Office,Ergonomic Mouse,1,58.65,19,58.65,5.9,9.5,62.91,Apple Pay,Returned,Standard,Website,,6,
99654147,833845,2024-10-28,Home & Kitchen,Coffee Maker,3,89.23,14,267.69,0.0,46.04,276.25,Credit Card,Delivered,Standard,Website,FREESHIP,6,
18451815,481329,2025-12-30,Sports,Fitness Tracker,1,102.3,26,102.3,5.9,15.14,96.74,Credit Card,Delivered,Standard,Mobile App,,4,5
86515860,974572,2025-09-29,Beauty,Electric Toothbrush,2,76.96,15,153.92,0.0,26.17,157.0,Credit Card,Delivered,Pickup,Mobile App,FREESHIP,3,4
32765043,386998,2024-12-10,Beauty,Perfume,3,97.49,4,292.47,12.9,56.15,349.82,Credit Card,Delivered,Express,Website,,1,4
42237913,850524,2025-10-28,Fashion,Backpack,2,86.27,10,172.54,12.9,31.06,199.25,Google Pay,Delivered,Express,Marketplace,VIP20,2,4
10365671,930697,2025-11-30,Home & Kitchen,Coffee Maker,4,116.99,4,467.96,0.0,89.85,539.09,PayPal,Delivered,Standard,Website,,4,4
94331221,136522,2025-12-29,Books & Office,Data Analytics Book,1,47.46,21,47.46,5.9,7.5,50.89,PayPal,Delivered,Standard,Mobile App,WELCOME10,5,4
91289367,215222,2024-06-03,Home & Kitchen,Blender,2,71.64,19,143.28,12.9,23.21,152.17,Credit Card,Delivered,Express,Marketplace,,1,5
78428138,405338,2024-05-27,Sports,Cycling Helmet,1,83.97,0,83.97,5.9,16.79,106.66,Apple Pay,Delivered,Standard,Mobile App,,3,4
53045863,141639,2025-12-19,Books & Office,Monitor Stand,1,48.53,16,48.53,0.0,8.15,48.92,PayPal,Delivered,Pickup,Website,,1,5
81810085,355308,2025-10-27,Books & Office,Office Chair,1,247.93,25,247.93,0.0,37.19,223.14,Google Pay,Delivered,Pickup,Mobile App,,1,4
40336323,719528,2024-11-19,Beauty,Skin Care Set,1,83.93,11,83.93,5.9,14.94,95.54,Credit Card,Delivered,Standard,Website,WELCOME10,6,4
20858896,149154,2025-09-28,Books & Office,Notebook Set,1,24.5,0,24.5,12.9,4.9,42.3,Credit Card,Delivered,Express,Website,,1,5
78584617,664085,2024-08-27,Beauty,Perfume,1,90.66,15,90.66,5.9,15.41,98.37,Credit Card,Delivered,Standard,Website,,6,4
29674627,947567,2025-09-16,Books & Office,Office Chair,2,208.64,32,417.28,0.0,56.75,340.5,PayPal,Delivered,Standard,Marketplace,,6,5
65148539,574710,2025-12-31,Home & Kitchen,Blender,2,64.49,21,128.98,0.0,20.38,122.27,PayPal,Delivered,Standard,Website,SAVE15,5,5
28839571,527499,2025-09-26,Fashion,Cotton Hoodie,2,55.78,25,111.56,5.9,16.73,106.3,Apple Pay,Delivered,Standard,Mobile App,,5,5
72224666,848223,2025-09-01,Fashion,Running Shoes,1,121.62,12,121.62,0.0,21.41,128.44,Credit Card,Delivered,Pickup,Website,WELCOME10,1,4
50392542,463147,2025-08-07,Electronics,Smart Watch,1,161.82,0,161.82,0.0,32.36,194.18,PayPal,Delivered,Standard,Mobile App,,4,4
53117213,746525,2025-12-23,Books & Office,Data Analytics Book,1,42.57,4,42.57,0.0,8.17,49.04,Credit Card,Delivered,Pickup,Marketplace,FREESHIP,1,4
93749065,256405,2025-09-15,Sports,Dumbbell Set,3,112.51,22,337.53,0.0,52.65,315.92,Apple Pay,Delivered,Standard,Website,,4,4
10461145,198559,2025-12-01,Books & Office,Data Analytics Book,2,41.1,31,82.2,12.9,11.34,80.96,Bank Transfer,Delivered,Express,Mobile App,,3,5
71338682,181988,2025-12-19,Electronics,Mechanical Keyboard,3,101.97,29,305.91,12.9,43.44,273.54,Apple Pay,Delivered,Express,Mobile App,VIP20,1,5
50510172,888971,2025-06-21,Books & Office,Office Chair,1,211.92,0,211.92,0.0,31.79,243.71,Credit Card,Delivered,Standard,Mobile App,,5,5
99280307,374293,2025-12-07,Fashion,Classic Jeans,2,75.5,14,151.0,12.9,25.97,168.73,Credit Card,Delayed,Express,Mobile App,,4,4
30254307,302877,2025-05-03,Books & Office,Monitor Stand,1,47.12,10,47.12,5.9,8.48,56.79,PayPal,Delivered,Standard,Marketplace,,5,5
87063893,286317,2025-11-01,Electronics,USB-C Hub,1,45.38,16,45.38,5.9,7.62,51.64,PayPal,Delivered,Standard,Website,,4,4
98070778,215775,2025-12-10,Fashion,Cotton Hoodie,1,60.5,4,60.5,5.9,11.62,75.6,Credit Card,Delivered,Standard,Website,SAVE15,6,4
81911602,867969,2024-07-30,Beauty,Electric Toothbrush,2,90.19,21,180.38,12.9,28.5,183.9,Bank Transfer,Delivered,Express,Marketplace,,1,3
15843244,841579,2025-11-10,Fashion,Classic Jeans,1,62.68,11,62.68,5.9,11.16,72.85,Credit Card,Delivered,Standard,Website,WELCOME10,4,4
90969616,766181,2025-06-10,Electronics,Bluetooth Speaker,2,70.08,10,140.16,0.0,25.23,151.37,Credit Card,Delivered,Standard,Mobile App,SAVE15,4,5
18888060,540730,2025-10-31,Sports,Dumbbell Set,1,121.11,0,121.11,0.0,24.22,145.33,Credit Card,Delivered,Standard,Mobile App,,4,5
65999712,866265,2025-10-18,Beauty,Makeup Kit,1,70.73,7,70.73,0.0,13.16,78.94,Credit Card,Delivered,Pickup,Mobile App,,1,5
67935491,178261,2025-12-04,Electronics,Bluetooth Speaker,2,70.53,11,141.06,0.0,25.11,150.65,Bank Transfer,Delivered,Standard,Website,,3,5
73348420,684041,2025-12-02,Electronics,Mechanical Keyboard,2,93.88,14,187.76,0.0,32.29,193.76,Credit Card,Delivered,Standard,Mobile App,,5,4
88947727,422958,2025-11-02,Books & Office,Notebook Set,1,23.53,24,23.53,5.9,3.58,27.36,Credit Card,Delivered,Standard,Mobile App,WELCOME10,5,5
44537405,917094,2024-03-28,Electronics,Mechanical Keyboard,1,110.04,14,110.04,5.9,18.93,119.46,Apple Pay,Delivered,Standard,Marketplace,VIP20,6,5
77562342,617166,2025-11-26,Sports,Cycling Helmet,1,79.23,4,79.23,5.9,15.21,97.17,PayPal,Delivered,Standard,Marketplace,WELCOME10,2,5
48574984,888237,2025-08-03,Electronics,Smart Watch,4,129.24,2,516.96,0.0,101.32,607.94,Credit Card,Delivered,Standard,Website,VIP20,2,5
64529063,179027,2025-05-04,Fashion,Classic Jeans,1,69.08,9,69.08,5.9,12.57,81.33,Credit Card,Delayed,Standard,Website,VIP20,9,1
89465030,319377,2025-01-24,Books & Office,Monitor Stand,4,43.1,11,172.4,0.0,30.69,184.13,Credit Card,Delivered,Standard,Mobile App,FREESHIP,7,4
10378054,684041,2025-11-08,Fashion,Winter Jacket,1,180.55,19,180.55,0.0,29.25,175.5,Apple Pay,Delivered,Standard,Website,,6,4
91911798,438556,2025-12-31,Beauty,Skin Care Set,1,80.01,4,80.01,5.9,15.36,98.07,Credit Card,Delivered,Standard,Website,SAVE15,2,5
96861965,549554,2025-09-08,Home & Kitchen,Air Fryer,4,123.61,19,494.44,0.0,80.1,480.6,Google Pay,Delivered,Standard,Marketplace,WELCOME10,5,4
22265641,621846,2025-06-22,Beauty,Makeup Kit,3,51.48,24,154.44,0.0,23.47,140.84,Credit Card,Delivered,Pickup,Mobile App,SAVE15,1,4
79503637,419258,2025-07-19,Home & Kitchen,Desk Lamp,1,45.58,4,45.58,12.9,8.75,65.41,Credit Card,Delivered,Express,Mobile App,VIP20,1,5
98328945,920398,2025-12-25,Home & Kitchen,Coffee Maker,3,87.52,14,262.56,0.0,45.16,270.96,PayPal,Delivered,Standard,Mobile App,VIP20,5,3
58162606,729423,2025-10-22,Home & Kitchen,Desk Lamp,2,48.63,5,97.26,0.0,18.48,110.88,PayPal,Delivered,Pickup,Mobile App,,1,4
26948917,464541,2025-06-02,Electronics,Bluetooth Speaker,3,71.42,0,214.26,0.0,42.85,257.11,Credit Card,Delivered,Standard,Website,,5,3
85733518,391759,2025-11-20,Sports,Cycling Helmet,4,65.98,26,263.92,0.0,29.3,224.6,Credit Card,Delivered,Standard,Website,WELCOME10,5,5
97245450,241563,2025-08-05,Home & Kitchen,Cookware Set,3,158.14,30,474.42,12.9,66.42,411.41,Credit Card,Delivered,Express,Mobile App,SAVE15,2,5
47255636,927673,2025-09-05,Beauty,Hair Dryer,1,58.82,2,58.82,5.9,11.53,75.07,Google Pay,Delivered,Standard,Mobile App,,6,4
95244912,433309,2025-12-31,Sports,Resistance Bands,1,28.6,4,28.6,5.9,5.49,38.85,Credit Card,Delivered,Standard,Mobile App,SAVE15,5,3
63849152,740137,2025-11-25,Home & Kitchen,Desk Lamp,2,54.9,4,109.8,0.0,21.08,126.49,Credit Card,Delayed,Pickup,Mobile App,SAVE15,3,2
66342923,270516,2025-11-19,Electronics,Smart Watch,1,125.66,4,125.66,0.0,9.29,129.92,PayPal,Delivered,Pickup,Website,FREESHIP,1,5
37524961,734069,2025-11-23,Books & Office,Data Analytics Book,1,39.37,4,39.37,5.9,7.56,51.26,Credit Card,Delivered,Standard,Website,FREESHIP,3,4
13634206,879588,2025-11-10,Electronics,USB-C Hub,1,40.63,14,40.63,5.9,6.99,47.83,Credit Card,Delivered,Standard,Website,VIP20,5,5
59910881,577111,2024-11-12,Books & Office,Monitor Stand,4,44.8,35,179.2,0.0,23.3,139.78,Google Pay,Delayed,Standard,Mobile App,VIP20,7,3
95093904,438556,2025-05-24,Beauty,Perfume,1,98.51,0,98.51,5.9,19.7,124.11,PayPal,Delivered,Standard,Website,,2,4
28724709,633842,2025-03-03,Electronics,USB-C Hub,1,51.32,4,51.32,5.9,3.79,58.96,Google Pay,Delivered,Standard,Marketplace,WELCOME10,6,4
42159730,588766,2025-03-07,Electronics,Bluetooth Speaker,1,69.13,15,69.13,5.9,11.75,76.41,Credit Card,Delivered,Standard,Mobile App,,5,4
82687557,784827,2025-07-22,Electronics,Bluetooth Speaker,1,71.6,24,71.6,5.9,8.16,68.48,Credit Card,Delivered,Standard,Website,FREESHIP,5,4
71571667,773799,2024-08-24,Beauty,Makeup Kit,1,53.96,30,53.96,12.9,7.55,58.22,Google Pay,Delivered,Express,Mobile App,,2,3
33270482,587217,2025-11-16,Electronics,Mechanical Keyboard,1,99.0,9,99.0,5.9,6.94,102.93,Credit Card,Delivered,Standard,Website,,6,5
66350644,672950,2025-04-22,Fashion,Classic Jeans,2,75.55,22,151.1,0.0,23.57,141.43,PayPal,Delivered,Standard,Marketplace,SAVE15,4,4
65436897,178261,2025-05-21,Fashion,Winter Jacket,2,180.45,12,360.9,0.0,63.52,381.11,Apple Pay,Delivered,Pickup,Marketplace,SAVE15,1,4
51925301,105502,2025-11-20,Sports,Yoga Mat,1,38.05,11,38.05,5.9,6.77,46.53,Credit Card,Delivered,Standard,Website,,5,5
54809869,731524,2025-03-02,Sports,Fitness Tracker,1,84.85,2,84.85,5.9,16.63,105.68,Apple Pay,Delivered,Standard,Mobile App,,2,3
83621937,741821,2024-12-24,Electronics,Bluetooth Speaker,1,83.31,18,83.31,5.9,13.66,87.87,Credit Card,Delivered,Standard,Marketplace,,5,5
59621684,179325,2025-11-25,Fashion,Winter Jacket,5,189.79,4,948.95,0.0,182.2,1093.19,Bank Transfer,Delayed,Standard,Website,,6,3
11708710,416349,2025-10-18,Beauty,Perfume,2,92.67,15,185.34,12.9,31.51,201.95,PayPal,Delivered,Express,Marketplace,,3,2
74317784,616780,2025-11-07,Electronics,Wireless Headphones,2,94.55,21,189.1,12.9,29.88,192.17,PayPal,Delivered,Express,Mobile App,WELCOME10,2,5
31545991,242246,2025-10-22,Fashion,Classic Jeans,3,66.02,2,198.06,12.9,38.82,245.82,Bank Transfer,Delivered,Express,Website,VIP20,2,4
11558011,122041,2025-07-06,Books & Office,Monitor Stand,1,50.29,19,50.29,12.9,8.15,61.78,PayPal,Delivered,Express,Website,FREESHIP,2,4
59573974,722493,2025-11-17,Beauty,Perfume,4,103.78,9,415.12,12.9,75.55,466.21,PayPal,Delivered,Express,Mobile App,,1,5
81692387,641029,2025-12-26,Electronics,Bluetooth Speaker,2,74.11,4,148.22,12.9,28.46,183.65,Google Pay,Delivered,Express,Mobile App,FREESHIP,1,5
45775779,443824,2024-03-26,Fashion,Cotton Hoodie,2,57.26,19,114.52,5.9,18.55,117.21,Apple Pay,Delivered,Standard,Website,FREESHIP,5,4
23110688,780313,2024-12-08,Fashion,Classic Jeans,1,64.7,16,64.7,5.9,10.87,71.12,Credit Card,Delivered,Standard,Mobile App,,6,5
54927851,367848,2025-07-01,Electronics,Mechanical Keyboard,1,101.18,12,101.18,12.9,13.36,115.3,Credit Card,Delivered,Express,Mobile App,VIP20,1,5
87361397,487033,2025-12-14,Beauty,Makeup Kit,4,68.62,14,274.48,0.0,47.21,283.26,Credit Card,Delivered,Standard,Website,SAVE15,4,5
30701851,903991,2024-11-18,Electronics,Mechanical Keyboard,2,109.51,16,219.02,12.9,36.8,233.68,Apple Pay,Delivered,Express,Website,FREESHIP,1,2
98313434,587971,2025-06-14,Electronics,Mechanical Keyboard,3,90.26,5,270.78,0.0,51.45,308.69,Credit Card,Returned,Pickup,Mobile App,VIP20,1,
61480265,319377,2024-09-05,Home & Kitchen,Cookware Set,1,157.47,14,157.47,0.0,27.08,162.5,PayPal,Delivered,Standard,Mobile App,FREESHIP,4,5
79509196,616780,2024-06-10,Beauty,Electric Toothbrush,1,89.59,17,89.59,5.9,14.87,95.13,Google Pay,Delivered,Standard,Mobile App,FREESHIP,4,5
81638349,422271,2025-12-05,Fashion,Winter Jacket,1,187.37,9,187.37,0.0,34.1,204.61,Google Pay,Delayed,Standard,Mobile App,VIP20,9,3
16316843,731524,2025-09-16,Fashion,Classic Jeans,1,59.58,22,59.58,5.9,9.29,61.66,Credit Card,Delivered,Standard,Website,SAVE15,3,3
80044009,888971,2025-05-24,Electronics,Wireless Headphones,2,96.89,10,193.78,0.0,26.16,200.56,Credit Card,Delivered,Standard,Mobile App,SAVE15,4,5
52111442,218735,2025-12-18,Fashion,Running Shoes,1,124.89,11,124.89,0.0,16.67,127.82,Credit Card,Delivered,Standard,Website,,4,4
45816468,439102,2024-09-10,Electronics,Smart Watch,3,160.37,12,481.11,0.0,84.68,508.06,PayPal,Delivered,Standard,Website,,6,4
98429301,119133,2025-04-05,Books & Office,Notebook Set,3,21.78,2,65.34,5.9,9.6,79.53,Credit Card,Delivered,Standard,Mobile App,VIP20,4,5
16136408,135253,2025-03-29,Fashion,Classic Jeans,1,69.27,30,69.27,5.9,9.7,64.09,Credit Card,Delivered,Standard,Website,,4,4
96005019,748344,2025-11-15,Fashion,Classic Jeans,4,73.16,4,292.64,12.9,56.19,350.02,Apple Pay,Delivered,Express,Website,,2,4
44966315,866265,2025-09-03,Books & Office,Office Chair,4,208.54,22,834.16,0.0,130.13,780.77,Bank Transfer,Delivered,Standard,Mobile App,WELCOME10,5,5
71408965,354938,2025-12-26,Home & Kitchen,Desk Lamp,1,52.81,9,52.81,5.9,9.61,63.57,PayPal,Delivered,Standard,Website,VIP20,5,3
49620986,479084,2025-09-25,Fashion,Backpack,1,81.38,15,81.38,12.9,13.83,95.9,Credit Card,Delivered,Express,Mobile App,SAVE15,1,4
40391181,904949,2025-09-21,Home & Kitchen,Air Fryer,1,123.01,0,123.01,0.0,18.45,141.46,Credit Card,Delivered,Standard,Website,,5,4
89951212,600680,2025-06-06,Books & Office,Notebook Set,1,23.56,2,23.56,5.9,4.62,33.61,PayPal,Delivered,Standard,Mobile App,SAVE15,5,4
10224051,540730,2025-04-18,Fashion,Cotton Hoodie,1,59.46,0,59.46,5.9,11.89,77.25,Bank Transfer,Delivered,Standard,Mobile App,,5,3
94093427,953532,2025-03-03,Beauty,Skin Care Set,1,93.92,15,93.92,12.9,15.97,108.7,Credit Card,Delivered,Express,Website,FREESHIP,2,4
81179753,311826,2025-07-24,Beauty,Skin Care Set,1,84.67,22,84.67,12.9,13.21,92.15,Google Pay,Delivered,Express,Website,,1,4
93324570,778915,2025-11-25,Fashion,Classic Jeans,1,55.69,11,55.69,0.0,9.91,59.47,PayPal,Delayed,Pickup,Marketplace,,2,3
42620377,920298,2025-07-16,Beauty,Skin Care Set,1,75.83,17,75.83,5.9,12.59,81.43,Credit Card,Delayed,Standard,Mobile App,,7,3
16487393,807947,2025-12-29,Sports,Resistance Bands,3,34.63,14,103.89,5.9,13.4,108.65,PayPal,Delivered,Standard,Website,WELCOME10,4,5
59565862,564546,2024-11-30,Electronics,USB-C Hub,1,45.58,8,45.58,12.9,6.29,61.12,Credit Card,Delivered,Express,Mobile App,WELCOME10,3,4
77288215,243469,2024-11-21,Electronics,Mechanical Keyboard,3,86.09,31,258.27,0.0,35.64,213.85,Credit Card,Delivered,Standard,Website,SAVE15,5,4
15788949,410199,2025-09-03,Books & Office,Office Chair,2,207.94,20,415.88,0.0,66.54,399.24,Credit Card,Delivered,Standard,Website,SAVE15,6,3
95746938,681133,2025-08-10,Sports,Dumbbell Set,1,124.33,2,124.33,0.0,18.28,140.12,Credit Card,Delivered,Standard,Mobile App,WELCOME10,3,3
31566004,249796,2025-11-17,Beauty,Skin Care Set,3,81.58,14,244.74,12.9,42.1,265.48,Google Pay,Returned,Express,Mobile App,,1,
67691034,371626,2025-10-16,Home & Kitchen,Cookware Set,3,157.81,10,473.43,0.0,32.81,458.9,Credit Card,Delivered,Standard,Marketplace,,7,5
66134594,241099,2025-11-15,Electronics,Wireless Headphones,2,86.01,16,172.02,0.0,28.9,173.4,PayPal,Delivered,Standard,Mobile App,,4,4
73764327,967709,2025-11-19,Fashion,Cotton Hoodie,1,61.08,6,61.08,12.9,11.48,81.8,Credit Card,Delivered,Express,Website,,2,4
71694509,295623,2024-09-20,Fashion,Running Shoes,5,104.39,5,521.95,0.0,38.18,534.03,Credit Card,Delivered,Standard,Mobile App,SAVE15,4,4
96768917,433309,2025-12-27,Fashion,Classic Jeans,4,65.44,4,261.76,0.0,50.26,301.55,Credit Card,Delivered,Standard,Mobile App,WELCOME10,4,4
21204605,145895,2025-08-13,Books & Office,Office Chair,4,229.91,0,919.64,12.9,183.93,1116.47,PayPal,Delivered,Express,Website,,3,5
81200908,262520,2025-11-08,Sports,Resistance Bands,2,33.05,9,66.1,5.9,12.03,78.08,PayPal,Delivered,Standard,Website,,2,5
31308136,492888,2025-11-07,Electronics,Smart Watch,1,124.15,4,124.15,0.0,23.84,143.02,Bank Transfer,Delivered,Standard,Website,WELCOME10,2,4
73753268,443824,2024-04-20,Electronics,USB-C Hub,1,45.53,4,45.53,5.9,8.74,58.35,PayPal,Delayed,Standard,Mobile App,VIP20,7,3
66470889,733644,2025-11-09,Fashion,Winter Jacket,2,168.01,6,336.02,0.0,63.17,379.03,,Delivered,Standard,Marketplace,,5,4
25013992,119473,2025-01-05,Books & Office,Notebook Set,2,23.79,12,47.58,5.9,8.37,56.14,Credit Card,Delivered,Standard,Website,WELCOME10,3,3
54386992,114582,2025-06-13,Fashion,Running Shoes,1,106.93,27,106.93,12.9,15.61,106.57,Credit Card,Delivered,Express,Marketplace,,2,5
22743757,920298,2025-05-05,Home & Kitchen,Desk Lamp,1,40.37,0,40.37,0.0,8.07,48.44,PayPal,Delivered,Pickup,Marketplace,,1,4
91851425,225018,2025-06-10,Home & Kitchen,Air Fryer,2,108.37,0,216.74,0.0,43.35,260.09,Credit Card,Delivered,Standard,Mobile App,,3,3
11426045,992612,2025-12-02,Home & Kitchen,Coffee Maker,4,103.69,28,414.76,0.0,59.73,358.36,Bank Transfer,Delivered,Pickup,Mobile App,FREESHIP,1,3
85207184,329367,2024-12-12,Fashion,Winter Jacket,2,204.92,16,409.84,12.9,51.64,408.81,Credit Card,Delivered,Express,Website,FREESHIP,1,5
10262220,514149,2025-11-11,Fashion,Winter Jacket,2,188.58,4,377.16,0.0,72.41,434.48,Credit Card,Delivered,Pickup,Website,VIP20,1,5
84910591,481329,2025-11-06,Electronics,Wireless Headphones,2,90.86,6,181.72,12.9,34.16,217.88,Bank Transfer,Delivered,Express,Mobile App,WELCOME10,1,4
48456320,587217,2025-02-14,Sports,Resistance Bands,1,35.28,15,35.28,12.9,2.31,45.2,Credit Card,Delivered,Express,Website,FREESHIP,1,4
93664017,264538,2024-10-17,Home & Kitchen,Desk Lamp,1,53.58,15,53.58,5.9,9.11,60.55,Credit Card,Delayed,Standard,Website,FREESHIP,7,3
81390801,841579,2025-02-01,Fashion,Winter Jacket,2,202.04,12,404.08,0.0,71.12,426.71,Credit Card,Delivered,Pickup,Marketplace,VIP20,4,4
36065476,136007,2024-12-04,Sports,Cycling Helmet,1,70.97,9,70.97,5.9,12.92,83.4,Credit Card,Delivered,Standard,Website,,3,3
24963096,477026,2025-11-06,Books & Office,Ergonomic Mouse,1,43.27,19,43.27,0.0,7.01,42.06,PayPal,Delivered,Pickup,Website,WELCOME10,1,5
62917950,272706,2025-05-16,Sports,Fitness Tracker,1,91.31,15,91.31,5.9,15.52,99.03,Credit Card,Delayed,Standard,Mobile App,,7,3
85961719,100813,2025-12-08,Home & Kitchen,Desk Lamp,2,47.55,19,95.1,12.9,15.41,105.34,PayPal,Returned,Express,Mobile App,VIP20,1,
75717907,230315,2025-11-21,Electronics,USB-C Hub,1,51.54,29,51.54,12.9,7.32,56.81,Credit Card,Delivered,Express,Mobile App,SAVE15,1,4
74937020,463147,2025-08-13,Beauty,Hair Dryer,1,64.51,0,64.51,12.9,12.9,90.31,Credit Card,Delivered,Express,Website,,2,5
96563528,272038,2025-01-09,Books & Office,Notebook Set,1,24.6,22,24.6,5.9,3.84,28.93,PayPal,Delivered,Standard,Marketplace,SAVE15,4,4
51819837,178261,2025-02-25,Electronics,Mechanical Keyboard,1,104.7,12,104.7,12.9,18.43,123.47,Credit Card,Delivered,Express,Website,,2,4
59435075,985158,2025-09-13,Sports,Fitness Tracker,1,85.77,17,85.77,0.0,14.24,85.43,Credit Card,Delivered,Pickup,Website,WELCOME10,1,5
98083928,594646,2025-02-26,Beauty,Hair Dryer,4,68.85,5,275.4,0.0,52.33,313.96,Apple Pay,Delayed,Standard,Website,,8,2
39335966,694107,2025-03-30,Home & Kitchen,Coffee Maker,1,96.88,17,96.88,5.9,16.08,102.39,Credit Card,Delivered,Standard,Mobile App,VIP20,4,5
62079637,773617,2024-07-25,Home & Kitchen,Air Fryer,1,111.6,2,111.6,5.9,16.41,131.68,PayPal,Delivered,Standard,Website,WELCOME10,5,5
14764330,358151,2024-09-17,Books & Office,Office Chair,1,215.65,4,215.65,0.0,41.4,248.42,Google Pay,Returned,Standard,Mobile App,,5,
44273706,478691,2025-11-28,Home & Kitchen,Coffee Maker,1,97.83,9,97.83,12.9,17.81,119.74,Google Pay,Delivered,Express,Mobile App,VIP20,1,4
74772384,447274,2025-07-26,Fashion,Backpack,3,70.48,17,211.44,0.0,35.1,210.6,Credit Card,Delivered,Standard,Mobile App,WELCOME10,5,4
21483484,641029,2025-12-24,Sports,Dumbbell Set,1,126.71,9,126.71,0.0,23.06,138.37,,Returned,Standard,Mobile App,,5,
54954245,888237,2025-05-16,Sports,Yoga Mat,1,43.37,12,43.37,5.9,7.63,51.7,Bank Transfer,Delivered,Standard,Mobile App,WELCOME10,5,4
94230541,513961,2024-09-22,Beauty,Perfume,1,96.38,2,96.38,0.0,18.89,113.34,Apple Pay,Delivered,Pickup,Mobile App,,1,4
13215242,452641,2025-11-21,Home & Kitchen,Blender,1,74.59,16,74.59,5.9,12.53,81.09,PayPal,Delivered,Standard,Mobile App,,5,5
60310309,565703,2025-05-23,Electronics,Wireless Headphones,3,83.57,5,250.71,0.0,47.63,285.8,Apple Pay,Delivered,Standard,Website,,5,4
78433235,391759,2024-09-28,Home & Kitchen,Cookware Set,2,168.38,7,336.76,12.9,46.98,373.07,Apple Pay,Delivered,Express,Mobile App,,1,5
65019591,572736,2025-12-29,Electronics,Bluetooth Speaker,2,67.82,11,135.64,12.9,24.14,157.76,Bank Transfer,Delivered,Express,Website,,1,3
80731250,614194,2025-12-15,Beauty,Hair Dryer,1,65.4,24,65.4,12.9,7.46,70.06,Credit Card,Delivered,Express,Website,,1,3
28477271,322768,2025-07-13,Books & Office,Monitor Stand,1,50.07,14,50.07,5.9,8.61,57.57,Credit Card,Delivered,Standard,Website,,5,5
78369898,225018,2025-03-24,Sports,Cycling Helmet,1,75.75,25,75.75,5.9,11.36,74.07,Bank Transfer,Delivered,Standard,Mobile App,VIP20,6,3
20209037,521348,2025-12-07,Sports,Dumbbell Set,1,118.07,14,118.07,5.9,20.31,127.75,Credit Card,Delivered,Standard,Website,SAVE15,5,4
43594835,900924,2025-05-24,Books & Office,Office Chair,2,217.3,5,434.6,0.0,82.57,495.44,Credit Card,Delayed,Standard,Website,SAVE15,7,3
42394220,853843,2025-11-12,Electronics,Bluetooth Speaker,3,73.06,16,219.18,0.0,36.82,220.93,PayPal,Delivered,Standard,Mobile App,WELCOME10,3,5
15851512,866265,2025-09-22,Sports,Fitness Tracker,3,95.52,7,286.56,0.0,53.3,319.8,Apple Pay,Delivered,Standard,Website,WELCOME10,5,5
57866082,167359,2025-02-27,Fashion,Backpack,1,75.35,4,75.35,12.9,14.47,99.71,Credit Card,Delivered,Express,Website,WELCOME10,2,4
17377403,651126,2025-12-02,Home & Kitchen,Cookware Set,1,158.03,4,158.03,12.9,30.34,194.95,Google Pay,Delivered,Express,Mobile App,SAVE15,1,3
71148431,633842,2025-08-25,Home & Kitchen,Blender,1,77.42,29,77.42,5.9,4.23,65.1,Credit Card,Delivered,Standard,Website,,6,4
27998319,651126,2025-12-23,Electronics,Smart Watch,1,147.04,9,147.04,0.0,26.76,160.57,Bank Transfer,Delivered,Pickup,Mobile App,,1,5
91502453,958830,2025-06-22,Electronics,Bluetooth Speaker,1,73.36,15,73.36,12.9,4.8,80.06,Google Pay,Delivered,Express,Website,,1,4
67433079,833845,2025-06-06,Sports,Resistance Bands,3,34.85,9,104.55,5.9,19.03,120.07,Google Pay,Delivered,Standard,Mobile App,,4,4
59510984,287149,2025-08-21,Beauty,Electric Toothbrush,1,77.83,22,77.83,0.0,12.14,72.85,Credit Card,Delivered,Pickup,Mobile App,,1,4
64964079,919390,2024-10-03,Fashion,Running Shoes,1,105.44,5,105.44,5.9,20.03,126.1,Credit Card,Delayed,Standard,Website,VIP20,5,3
49222295,900924,2025-04-29,Electronics,Bluetooth Speaker,1,75.3,20,75.3,5.9,12.05,78.19,Apple Pay,Delivered,Standard,Website,VIP20,5,3
73043168,416349,2024-12-07,Electronics,Mechanical Keyboard,1,94.55,14,94.55,0.0,16.26,97.57,Credit Card,Delivered,Pickup,Website,,1,5
98619355,874355,2025-05-25,Electronics,Bluetooth Speaker,2,77.08,0,154.16,12.9,30.83,197.89,PayPal,Delivered,Express,Mobile App,,1,4
13007344,110106,2025-06-20,Sports,Fitness Tracker,1,95.78,0,95.78,12.9,19.16,127.84,Apple Pay,Delivered,Express,Website,,1,5
72874141,778915,2025-12-16,Beauty,Makeup Kit,1,68.68,16,68.68,12.9,11.54,82.13,Bank Transfer,Delivered,Express,Mobile App,SAVE15,2,5
60599436,734767,2025-04-03,Electronics,Mechanical Keyboard,1,101.43,15,101.43,5.9,17.24,109.36,Credit Card,Delivered,Standard,Website,,3,4
53257473,363814,2025-03-23,Sports,Resistance Bands,1,30.12,19,30.12,5.9,4.88,35.18,PayPal,Delivered,Standard,Website,SAVE15,4,
80873836,791789,2025-07-04,Electronics,Bluetooth Speaker,2,66.42,14,132.84,0.0,22.85,137.09,Credit Card,Delivered,Standard,Website,,2,4
73443283,662484,2024-09-20,Home & Kitchen,Blender,4,88.83,17,355.32,0.0,58.98,353.9,Credit Card,Delivered,Standard,Marketplace,FREESHIP,3,4
51140401,478691,2025-10-31,Electronics,Mechanical Keyboard,1,104.1,15,104.1,5.9,17.7,112.08,PayPal,Delivered,Standard,Website,,3,5
99602419,599202,2025-10-01,Electronics,Smart Watch,1,134.23,5,134.23,12.9,25.5,165.92,Credit Card,Delivered,Express,Website,WELCOME10,2,4
79404549,100813,2025-06-28,Home & Kitchen,Desk Lamp,2,44.86,15,89.72,12.9,15.25,104.41,PayPal,Returned,Express,Mobile App,VIP20,2,
51074007,967709,2025-08-04,Sports,Dumbbell Set,1,114.08,17,114.08,5.9,18.94,119.53,Google Pay,Returned,Standard,Website,,4,
92194525,368856,2025-10-11,Books & Office,Notebook Set,1,23.96,0,23.96,5.9,4.79,34.65,Credit Card,Delivered,Standard,Website,,4,5
97603923,450952,2025-04-21,Books & Office,Office Chair,3,202.61,25,607.83,0.0,91.17,547.04,PayPal,Delivered,Standard,Website,FREESHIP,4,3
71902228,243318,2024-12-03,Sports,Dumbbell Set,1,127.01,18,127.01,0.0,20.83,124.98,PayPal,Delivered,Standard,Website,SAVE15,7,3
29442123,451365,2025-07-25,Home & Kitchen,Desk Lamp,2,45.76,7,91.52,5.9,17.02,108.03,Credit Card,Delivered,Standard,Website,,6,5
26291975,135344,2025-02-22,Fashion,Winter Jacket,2,207.01,7,414.02,12.9,77.01,0.0,Credit Card,Cancelled,Express,Website,,,
30747736,225018,2025-05-28,Fashion,Winter Jacket,1,196.58,0,196.58,0.0,39.32,235.9,Credit Card,Delivered,Standard,Mobile App,,3,5
87156580,279792,2025-10-02,Sports,Resistance Bands,4,32.97,5,131.88,12.9,25.06,163.25,Credit Card,Delivered,Express,Mobile App,FREESHIP,1,5
61753403,857800,2025-03-30,Electronics,Smart Watch,1,141.46,10,141.46,0.0,9.8,137.11,PayPal,Delivered,Standard,Website,WELCOME10,4,4
59666173,832849,2024-11-30,Fashion,Cotton Hoodie,2,69.97,35,139.94,0.0,18.19,109.15,Apple Pay,Delivered,Standard,Website,SAVE15,3,4
80126590,958830,2025-12-05,Fashion,Running Shoes,1,109.68,4,109.68,12.9,8.11,126.3,Credit Card,Delivered,Express,Website,,1,5
12609850,672950,2025-09-05,Books & Office,Data Analytics Book,2,41.62,7,83.24,5.9,15.48,98.79,PayPal,Delayed,Standard,Website,WELCOME10,6,4
25726199,119634,2024-03-25,Electronics,USB-C Hub,1,45.08,5,45.08,5.9,8.57,57.3,PayPal,Delivered,Standard,Website,WELCOME10,6,3
70162072,252615,2025-08-11,Books & Office,Notebook Set,2,21.1,20,42.2,12.9,2.6,49.26,Credit Card,Delivered,Express,Website,,2,5
69477636,726493,2024-12-10,Electronics,USB-C Hub,2,43.84,26,87.68,12.9,5.0,82.78,Bank Transfer,Delivered,Express,Mobile App,,1,3
57128058,136007,2025-11-27,Home & Kitchen,Desk Lamp,1,45.37,24,45.37,5.9,6.9,47.28,Apple Pay,Delivered,Standard,Mobile App,,3,5
69707931,958830,2025-02-06,Electronics,Bluetooth Speaker,2,66.78,0,133.56,0.0,10.28,143.84,Credit Card,Delivered,Standard,Website,,5,5
67754087,766181,2025-09-14,Fashion,Cotton Hoodie,1,59.95,25,59.95,5.9,8.99,59.85,Credit Card,Delivered,Standard,Website,WELCOME10,5,3
49527885,248706,2024-08-17,Sports,Resistance Bands,2,29.73,2,59.46,0.0,11.65,69.92,Credit Card,Delivered,Pickup,Mobile App,VIP20,1,5
57126438,833845,2024-11-17,Electronics,Wireless Headphones,1,89.72,13,89.72,5.9,15.61,99.57,PayPal,Delivered,Standard,Website,WELCOME10,3,4
44876413,479084,2025-11-12,Electronics,Smart Watch,1,155.92,9,155.92,12.9,28.38,183.17,PayPal,Delivered,Express,Mobile App,,3,5
86655066,215222,2025-05-12,Fashion,Running Shoes,1,108.51,34,108.51,12.9,14.32,98.84,Apple Pay,Delivered,Express,Website,FREESHIP,4,3
61871860,979191,2025-01-18,Fashion,Running Shoes,1,98.71,12,98.71,12.9,17.37,117.13,Credit Card,Delivered,Express,Mobile App,,1,5
87655715,286370,2025-06-17,Beauty,Perfume,1,88.83,15,88.83,0.0,11.33,86.84,Credit Card,Delivered,Pickup,Website,SAVE15,1,5
80059577,252422,2025-08-04,Fashion,Cotton Hoodie,2,70.2,29,140.4,0.0,19.94,119.62,Apple Pay,Delivered,Standard,Mobile App,,5,3
88382483,371626,2025-05-29,Beauty,Hair Dryer,2,65.02,5,130.04,0.0,9.51,133.05,Credit Card,Delivered,Standard,Mobile App,,5,4
53353028,463147,2025-07-07,Books & Office,Notebook Set,1,26.14,27,26.14,0.0,3.82,22.9,Google Pay,Delivered,Pickup,Website,,1,5
22364527,746011,2025-05-21,Electronics,Wireless Headphones,2,96.23,0,192.46,0.0,38.49,230.95,Credit Card,Delivered,Standard,Marketplace,,3,5
15830281,258802,2025-10-22,Sports,Fitness Tracker,3,85.6,7,256.8,0.0,47.76,286.58,Credit Card,Delivered,Pickup,Marketplace,,1,3
76672997,921568,2025-02-14,Home & Kitchen,Desk Lamp,1,50.58,4,50.58,5.9,9.71,64.17,PayPal,Delivered,Standard,Mobile App,VIP20,6,4
84912676,782891,2024-09-06,Electronics,Wireless Headphones,1,91.69,17,91.69,12.9,15.22,104.22,Credit Card,Delivered,Express,Mobile App,VIP20,1,5
44421456,729914,2025-12-31,Fashion,Cotton Hoodie,2,66.31,9,132.62,12.9,24.14,157.72,Credit Card,Delivered,Express,Website,VIP20,1,4
80918873,461503,2025-05-21,Electronics,USB-C Hub,1,39.37,25,39.37,5.9,5.91,0.0,PayPal,Cancelled,Standard,Marketplace,,,
67654593,889134,2025-12-11,Beauty,Makeup Kit,1,56.96,24,56.96,0.0,8.66,51.95,PayPal,Delivered,Pickup,Mobile App,,1,4
37226995,871468,2025-05-24,Electronics,Mechanical Keyboard,1,93.06,5,93.06,0.0,13.26,101.67,PayPal,Delivered,Pickup,Website,,1,3
63188352,322264,2025-11-11,Electronics,Mechanical Keyboard,1,96.99,14,96.99,5.9,16.68,105.99,Bank Transfer,Delivered,Standard,Website,,4,3
23380374,727033,2025-12-12,Sports,Resistance Bands,1,28.64,31,28.64,0.0,3.95,23.71,Apple Pay,Delivered,Pickup,Website,SAVE15,1,
45555707,874948,2025-11-13,Home & Kitchen,Air Fryer,1,115.69,11,115.69,5.9,20.59,129.45,Apple Pay,Delivered,Standard,Website,WELCOME10,5,5
74763668,633842,2024-10-04,Home & Kitchen,Coffee Maker,1,89.38,19,89.38,5.9,5.57,83.87,Credit Card,Delivered,Standard,Marketplace,SAVE15,4,3
37410271,388402,2024-05-19,Home & Kitchen,Coffee Maker,2,104.07,30,208.14,12.9,29.14,187.74,Credit Card,Delivered,Express,Mobile App,SAVE15,1,5
41891035,821516,2025-12-19,Electronics,Bluetooth Speaker,1,72.41,35,72.41,5.9,9.41,62.38,PayPal,Delivered,Standard,Mobile App,,5,5
74016705,243469,2025-04-04,Fashion,Classic Jeans,3,71.03,2,213.09,12.9,41.77,263.5,Credit Card,Delivered,Express,Mobile App,,2,4
83405974,477026,2025-08-11,Fashion,Backpack,2,72.34,10,144.68,0.0,26.04,156.25,Credit Card,Delivered,Standard,Marketplace,,3,3
84009530,132668,2025-08-09,Fashion,Winter Jacket,3,196.88,12,590.64,0.0,103.95,623.71,Bank Transfer,Delivered,Standard,Mobile App,VIP20,6,4
30105875,878684,2025-08-11,Books & Office,Notebook Set,2,21.37,17,42.74,5.9,7.09,48.46,,Delivered,Standard,Marketplace,,5,4
93804089,903418,2025-09-24,Electronics,Wireless Headphones,3,93.89,0,281.67,0.0,56.33,338.0,PayPal,Delivered,Standard,Mobile App,,4,5
50891459,927673,2025-07-06,Sports,Cycling Helmet,1,76.82,9,76.82,5.9,13.98,89.79,Apple Pay,Delivered,Standard,Mobile App,FREESHIP,4,5
38930225,648342,2024-12-10,Sports,Dumbbell Set,1,122.82,19,122.82,0.0,19.9,119.38,Credit Card,Delayed,Pickup,Mobile App,WELCOME10,2,1
83743980,874848,2025-09-06,Beauty,Hair Dryer,2,60.23,0,120.46,0.0,24.09,144.55,Credit Card,Delivered,Standard,Mobile App,,3,5
42004427,656035,2025-04-13,Beauty,Skin Care Set,2,92.16,10,184.32,0.0,33.18,199.07,PayPal,Delivered,Standard,Marketplace,SAVE15,3,5
54577520,178261,2025-11-14,Beauty,Electric Toothbrush,1,71.11,16,71.11,5.9,11.95,77.58,Credit Card,Delivered,Standard,Website,FREESHIP,7,5
93867453,874355,2024-12-02,Beauty,Skin Care Set,3,82.33,29,246.99,0.0,35.07,210.43,Credit Card,Delivered,Pickup,Mobile App,WELCOME10,1,4
17323898,499852,2025-03-12,Beauty,Electric Toothbrush,3,75.25,2,225.75,0.0,44.25,265.49,PayPal,Delivered,Standard,Website,,3,4
51952761,244304,2025-05-05,Beauty,Hair Dryer,4,73.28,15,293.12,12.9,49.83,311.88,PayPal,Delivered,Express,Mobile App,,3,5
20805799,178261,2025-03-22,Fashion,Classic Jeans,1,78.45,12,78.45,5.9,13.81,88.75,PayPal,Delivered,Standard,Website,SAVE15,4,3
41083650,981921,2025-03-31,Sports,Cycling Helmet,3,68.43,17,205.29,0.0,34.08,204.47,Credit Card,Delivered,Standard,Website,SAVE15,3,4
56814308,136522,2025-06-27,Electronics,Bluetooth Speaker,1,64.2,17,64.2,12.9,10.66,76.85,PayPal,Delivered,Express,Website,VIP20,1,5
28465610,871400,2025-04-25,Electronics,Smart Watch,1,165.98,17,165.98,0.0,27.55,165.31,PayPal,Delivered,Standard,Website,,5,5
86614372,560426,2025-12-06,Beauty,Hair Dryer,1,66.1,6,66.1,5.9,12.43,80.46,Credit Card,Delivered,Standard,Website,VIP20,3,4
79231159,252422,2024-12-26,Beauty,Perfume,1,93.61,13,93.61,5.9,16.29,0.0,Apple Pay,Cancelled,Standard,Marketplace,WELCOME10,,
94254903,243469,2025-12-28,Books & Office,Office Chair,1,200.83,21,200.83,0.0,31.73,190.39,Credit Card,Delivered,Standard,Mobile App,,4,5
62521114,452641,2025-08-05,Electronics,USB-C Hub,1,47.07,22,47.07,5.9,7.34,49.95,Credit Card,Delivered,Standard,Website,WELCOME10,6,4
52811707,443824,2025-01-29,Sports,Resistance Bands,2,34.63,11,69.26,12.9,12.33,86.87,Apple Pay,Delivered,Express,Website,,1,5
37151504,656035,2025-05-29,Electronics,Wireless Headphones,1,90.07,15,90.07,5.9,15.31,97.77,PayPal,Delivered,Standard,Website,SAVE15,4,4
71865347,218735,2025-10-16,Electronics,Mechanical Keyboard,1,103.38,2,103.38,5.9,15.2,122.41,PayPal,Delivered,Standard,Website,,2,4
92286015,672950,2025-06-17,Fashion,Cotton Hoodie,1,58.02,22,58.02,5.9,9.05,60.21,Credit Card,Delivered,Standard,Website,FREESHIP,4,3
61151345,916917,2025-01-01,Electronics,USB-C Hub,2,43.89,34,87.78,5.9,11.59,75.42,Credit Card,Delayed,Standard,Mobile App,SAVE15,8,
32295010,550396,2025-12-30,Fashion,Classic Jeans,1,68.35,13,68.35,0.0,11.89,71.35,Google Pay,Delivered,Pickup,Mobile App,,1,4
51345205,733644,2025-11-05,Fashion,Cotton Hoodie,4,58.89,35,235.56,0.0,30.62,183.73,PayPal,Delivered,Pickup,Website,,1,3
82240971,596680,2025-03-19,Books & Office,Monitor Stand,1,42.89,4,42.89,5.9,8.23,55.3,Credit Card,Delivered,Standard,Website,,3,5
59999034,912428,2024-12-06,Fashion,Cotton Hoodie,1,63.2,33,63.2,5.9,8.47,56.71,Apple Pay,Delivered,Standard,Website,,5,5
77880860,263191,2025-05-01,Fashion,Winter Jacket,1,188.37,7,188.37,0.0,35.04,210.22,Credit Card,Delivered,Standard,Marketplace,VIP20,5,5
15705379,276189,2025-06-07,Home & Kitchen,Cookware Set,3,151.6,5,454.8,0.0,86.41,518.47,Credit Card,Delivered,Standard,Marketplace,FREESHIP,5,4
15264225,651126,2025-09-07,Beauty,Electric Toothbrush,1,77.95,10,77.95,5.9,14.03,90.09,PayPal,Delayed,Standard,Website,,8,3
18403262,746525,2025-12-13,Home & Kitchen,Blender,1,85.76,34,85.76,0.0,11.32,67.92,Credit Card,Delayed,Pickup,Mobile App,VIP20,3,3
40344581,920398,2025-12-28,Fashion,Classic Jeans,1,72.62,24,72.62,12.9,11.04,79.13,Credit Card,Delivered,Express,Mobile App,VIP20,1,5
44403887,385226,2025-12-01,Home & Kitchen,Coffee Maker,1,89.23,21,89.23,12.9,14.1,97.49,Credit Card,Delivered,Express,Website,,1,4
46173253,958830,2025-08-08,Home & Kitchen,Coffee Maker,1,106.85,10,106.85,12.9,7.4,116.46,Google Pay,Delivered,Express,Mobile App,FREESHIP,2,5
41058760,962186,2025-09-11,Electronics,Smart Watch,5,163.07,20,815.35,0.0,130.46,782.74,Credit Card,Delivered,Standard,Marketplace,WELCOME10,3,5
61065071,287149,2025-10-19,Home & Kitchen,Air Fryer,1,113.93,12,113.93,12.9,20.05,133.21,Credit Card,Delivered,Express,Website,,3,5
13886724,433309,2025-12-23,Home & Kitchen,Coffee Maker,2,86.32,4,172.64,0.0,33.15,198.88,Google Pay,Delivered,Standard,Website,VIP20,4,5
44112507,921568,2025-01-08,Electronics,Bluetooth Speaker,2,76.27,6,152.54,0.0,28.68,172.07,PayPal,Delivered,Standard,Website,FREESHIP,5,5
81039082,651126,2025-10-03,Fashion,Backpack,1,85.83,10,85.83,12.9,15.45,105.6,Credit Card,Delivered,Express,Website,WELCOME10,2,5
36355764,447274,2025-04-06,Beauty,Perfume,4,99.13,10,396.52,12.9,71.37,441.14,Google Pay,Delivered,Express,Mobile App,,3,4
44987980,443824,2025-05-29,Fashion,Winter Jacket,1,177.13,29,177.13,0.0,25.15,150.91,PayPal,Returned,Standard,Mobile App,,4,
70046824,888237,2025-11-28,Home & Kitchen,Desk Lamp,1,47.02,11,47.02,0.0,8.37,50.22,Credit Card,Delivered,Pickup,Website,SAVE15,1,3
54336357,372597,2025-12-06,Electronics,USB-C Hub,5,50.26,31,251.3,0.0,34.68,208.08,Credit Card,Delivered,Standard,Website,,3,4
34082320,916096,2025-11-05,Fashion,Classic Jeans,2,64.68,29,129.36,0.0,18.37,110.22,PayPal,Delayed,Standard,Mobile App,FREESHIP,8,3
50394588,990001,2025-12-30,Books & Office,Notebook Set,1,23.94,4,23.94,12.9,4.6,40.48,Credit Card,Delivered,Express,Mobile App,VIP20,1,4
91120812,807947,2025-01-10,Fashion,Running Shoes,1,114.01,17,114.01,0.0,14.19,108.82,PayPal,Delivered,Pickup,Website,FREESHIP,2,5
86401203,666728,2025-10-08,Books & Office,Notebook Set,2,25.95,7,51.9,5.9,9.65,63.82,Credit Card,Delivered,Standard,Mobile App,WELCOME10,5,4
86408907,450952,2025-06-02,Beauty,Electric Toothbrush,1,75.23,0,75.23,0.0,15.05,90.28,PayPal,Delivered,Pickup,Website,,1,4
96954126,577111,2024-11-25,Beauty,Electric Toothbrush,1,76.54,6,76.54,5.9,14.39,92.24,Apple Pay,Delivered,Standard,Website,,3,3
25926556,293665,2025-05-28,Electronics,Bluetooth Speaker,1,83.27,2,83.27,12.9,6.28,100.78,Credit Card,Returned,Express,Website,,3,
23896095,495087,2025-11-03,Electronics,Smart Watch,1,150.61,4,150.61,0.0,28.92,173.51,Credit Card,Delivered,Standard,Website,VIP20,6,5
61518758,167359,2025-06-25,Electronics,USB-C Hub,2,42.64,14,85.28,12.9,14.67,100.91,Credit Card,Delivered,Express,Website,WELCOME10,1,4
26865407,676297,2025-07-30,Beauty,Perfume,2,82.34,21,164.68,0.0,10.02,140.12,Credit Card,Delivered,Standard,Marketplace,FREESHIP,5,5
86217592,252615,2025-11-03,Beauty,Electric Toothbrush,1,80.63,24,80.63,5.9,4.72,71.9,PayPal,Delivered,Standard,Website,VIP20,5,4
24395034,453656,2024-09-07,Electronics,USB-C Hub,1,46.22,12,46.22,5.9,8.13,54.7,Bank Transfer,Delivered,Standard,Website,SAVE15,4,5
97438359,547441,2024-09-02,Fashion,Cotton Hoodie,1,66.7,15,66.7,5.9,11.34,73.93,Credit Card,Delayed,Standard,Website,WELCOME10,5,3
33794564,962186,2025-11-12,Beauty,Makeup Kit,1,62.97,9,62.97,5.9,11.46,74.66,Bank Transfer,Delayed,Standard,Mobile App,,8,4
89271487,843951,2025-08-27,Beauty,Hair Dryer,4,66.62,15,266.48,0.0,45.3,271.81,Apple Pay,Delivered,Standard,Marketplace,WELCOME10,4,3
98101025,903991,2025-08-28,Electronics,Bluetooth Speaker,4,60.74,22,242.96,12.9,37.9,240.31,Bank Transfer,Delivered,Express,Website,FREESHIP,2,5
55721800,135344,2025-01-08,Sports,Fitness Tracker,1,81.16,4,81.16,12.9,15.58,106.39,Credit Card,Delivered,Express,Website,WELCOME10,2,4
30874114,268270,2025-12-06,Fashion,Winter Jacket,1,170.95,26,170.95,12.9,25.3,164.7,PayPal,Delivered,Express,Website,SAVE15,2,5
12471088,666728,2025-06-30,Fashion,Classic Jeans,1,75.69,27,75.69,5.9,11.05,72.2,PayPal,Delayed,Standard,Website,FREESHIP,7,3
60026485,857434,2025-03-13,Home & Kitchen,Blender,2,75.13,27,150.26,0.0,21.94,131.63,Credit Card,Returned,Standard,Mobile App,FREESHIP,4,
34558910,301022,2024-11-06,Sports,Fitness Tracker,1,87.85,19,87.85,5.9,14.23,91.29,Credit Card,Delivered,Standard,Mobile App,,5,5
92632346,648698,2024-12-01,Fashion,Running Shoes,2,118.29,34,236.58,0.0,23.42,179.56,PayPal,Delivered,Standard,Website,VIP20,4,3
12870667,874848,2025-07-16,Electronics,USB-C Hub,1,45.57,17,45.57,5.9,7.56,51.28,Credit Card,Delivered,Standard,Marketplace,,4,5
25179739,479084,2025-09-17,Fashion,Backpack,1,75.35,10,75.35,5.9,13.56,87.27,PayPal,Delivered,Standard,Website,VIP20,2,4
74242086,211308,2025-12-28,Sports,Fitness Tracker,5,99.42,29,497.1,12.9,70.59,436.43,Credit Card,Returned,Express,Website,,2,
87832011,990675,2025-06-08,Beauty,Electric Toothbrush,2,76.42,15,152.84,12.9,25.98,168.79,Google Pay,Delivered,Express,Mobile App,,1,5
32939948,676297,2025-04-13,Fashion,Cotton Hoodie,1,62.26,4,62.26,12.9,4.6,77.27,Credit Card,Delivered,Express,Mobile App,,1,4
50650935,676297,2024-05-14,Electronics,USB-C Hub,1,46.34,14,46.34,5.9,3.07,48.82,Bank Transfer,Delivered,Standard,Marketplace,,4,4
17321122,362615,2024-08-26,Electronics,Wireless Headphones,1,93.39,10,93.39,5.9,16.81,106.76,Credit Card,Delivered,Standard,Mobile App,FREESHIP,3,4
12322141,236070,2025-11-22,Sports,Dumbbell Set,1,125.2,4,125.2,0.0,24.04,144.23,Credit Card,Delivered,Standard,Website,VIP20,2,5
15397286,593958,2025-11-15,Electronics,Bluetooth Speaker,2,73.93,24,147.86,0.0,22.47,134.84,Credit Card,Delivered,Pickup,Website,,1,4
50213130,241563,2025-02-25,Sports,Yoga Mat,1,34.45,5,34.45,5.9,6.55,45.18,Credit Card,Delivered,Standard,Website,,3,4
18698169,564546,2025-01-29,Sports,Fitness Tracker,2,91.99,21,183.98,0.0,21.8,167.14,Bank Transfer,Delivered,Standard,Website,,4,5
37335823,136007,2025-08-31,Electronics,Wireless Headphones,1,90.41,30,90.41,12.9,12.66,88.85,Credit Card,Delivered,Express,Mobile App,,3,4
63144891,452641,2025-10-28,Home & Kitchen,Air Fryer,2,117.77,7,235.54,0.0,43.81,262.86,Credit Card,Delivered,Standard,Mobile App,,3,4
19141352,225761,2025-08-11,Home & Kitchen,Cookware Set,2,161.77,19,323.54,0.0,52.41,314.48,PayPal,Returned,Pickup,Website,WELCOME10,1,
40523383,775109,2025-10-21,Books & Office,Ergonomic Mouse,1,51.61,0,51.61,5.9,10.32,67.83,Credit Card,Delivered,Standard,Marketplace,,3,5
12878021,295623,2025-07-18,Fashion,Running Shoes,2,117.12,32,234.24,0.0,12.26,171.54,Apple Pay,Delivered,Standard,Website,,5,5
76339580,452641,2025-10-19,Fashion,Running Shoes,1,99.87,12,99.87,12.9,17.58,118.37,Credit Card,Delivered,Express,Marketplace,,2,4
96758495,927673,2025-11-25,Books & Office,Monitor Stand,1,50.86,21,50.86,5.9,8.04,54.12,Google Pay,Delayed,Standard,Mobile App,,8,3
99250456,225761,2024-04-10,Fashion,Cotton Hoodie,1,57.09,4,57.09,5.9,10.96,71.67,Credit Card,Returned,Standard,Website,,5,
22326608,452641,2025-10-01,Electronics,Bluetooth Speaker,1,72.07,27,72.07,5.9,10.52,69.03,PayPal,Delivered,Standard,Marketplace,FREESHIP,4,3
57406604,215222,2025-09-22,Electronics,USB-C Hub,1,50.24,9,50.24,5.9,9.14,60.76,Apple Pay,Returned,Standard,Mobile App,,5,
61556657,850524,2025-12-19,Beauty,Skin Care Set,2,89.04,9,178.08,0.0,32.41,194.46,Credit Card,Returned,Pickup,Marketplace,SAVE15,1,
13362029,782891,2025-11-06,Electronics,Mechanical Keyboard,1,96.72,26,96.72,12.9,14.31,98.78,Credit Card,Delivered,Express,Website,FREESHIP,1,4
45339330,105502,2025-12-25,Sports,Fitness Tracker,4,95.84,16,383.36,12.9,64.4,399.32,PayPal,Delivered,Express,Website,,1,5
35027888,726063,2025-10-22,Electronics,Smart Watch,1,136.04,17,136.04,0.0,22.58,135.49,Bank Transfer,Returned,Pickup,Marketplace,,1,
75910959,474413,2025-08-19,Home & Kitchen,Desk Lamp,1,44.96,0,44.96,5.9,8.99,59.85,Credit Card,Delivered,Standard,Website,,4,4
92554749,445918,2025-05-27,Fashion,Winter Jacket,2,164.62,22,329.24,0.0,51.36,308.17,Credit Card,Delivered,Standard,Marketplace,VIP20,5,5
89644103,818021,2025-10-13,Beauty,Hair Dryer,1,57.57,29,57.57,12.9,8.17,61.94,Google Pay,Returned,Express,Website,,3,
24736595,455270,2024-05-13,Books & Office,Ergonomic Mouse,1,55.69,34,55.69,0.0,7.35,44.11,PayPal,Delivered,Pickup,Mobile App,VIP20,2,4
64302454,287149,2025-09-26,Beauty,Makeup Kit,1,56.78,7,56.78,5.9,10.56,69.27,Bank Transfer,Delivered,Standard,Mobile App,FREESHIP,4,5
29845850,847964,2025-12-24,Fashion,Classic Jeans,1,69.02,24,69.02,5.9,10.49,0.0,Credit Card,Cancelled,Standard,Mobile App,FREESHIP,,
39783900,935758,2025-11-04,Books & Office,Ergonomic Mouse,1,49.02,28,49.02,12.9,7.06,55.25,Credit Card,Delivered,Express,Website,,4,4
48231630,766181,2025-11-23,Fashion,Classic Jeans,1,67.61,4,67.61,0.0,12.98,77.89,Google Pay,Delivered,Pickup,Mobile App,,1,4
85662357,851397,2024-11-25,Beauty,Perfume,1,89.48,31,89.48,5.9,4.75,72.39,,Delivered,Standard,Website,,3,4
49945246,625384,2025-12-10,Electronics,Smart Watch,1,162.27,4,162.27,0.0,23.37,0.0,Apple Pay,Cancelled,Standard,Website,VIP20,,
18494171,648698,2025-04-17,Fashion,Backpack,2,77.28,10,154.56,0.0,20.86,159.96,Credit Card,Delivered,Standard,Mobile App,,3,5
31769008,577111,2024-10-31,Fashion,Cotton Hoodie,1,61.7,17,61.7,0.0,10.24,61.45,Credit Card,Delivered,Pickup,Mobile App,,1,4
13603931,775778,2025-12-30,Home & Kitchen,Blender,1,61.4,9,61.4,5.9,11.17,72.94,Credit Card,Delivered,Standard,Website,VIP20,2,4
25812600,433309,2025-12-18,Electronics,Mechanical Keyboard,1,98.75,4,98.75,5.9,18.96,119.66,Credit Card,Delivered,Standard,Mobile App,,4,5
94262244,955069,2025-07-03,Fashion,Running Shoes,1,105.14,2,105.14,5.9,15.46,124.4,Google Pay,Delivered,Standard,Website,,5,5
13999877,287149,2025-08-15,Fashion,Backpack,1,77.33,22,77.33,5.9,12.06,0.0,Credit Card,Cancelled,Standard,Website,WELCOME10,,
42907804,178261,2025-01-30,Sports,Resistance Bands,3,33.62,4,100.86,5.9,19.37,122.1,Credit Card,Delivered,Standard,Mobile App,,1,5
67560644,904949,2025-05-19,Electronics,Mechanical Keyboard,1,106.19,20,106.19,5.9,12.74,103.59,Credit Card,Delivered,Standard,Mobile App,,5,3
12395225,372597,2025-05-29,Books & Office,Monitor Stand,1,45.12,17,45.12,5.9,7.49,50.84,PayPal,Delivered,Standard,Website,WELCOME10,2,5
37712189,726493,2025-09-10,Home & Kitchen,Desk Lamp,1,49.69,17,49.69,12.9,3.18,57.32,Credit Card,Delayed,Express,Website,,4,3
78181556,215222,2024-08-14,Electronics,Wireless Headphones,1,104.13,14,104.13,5.9,17.91,113.36,Google Pay,Delivered,Standard,Website,,3,4
50733065,159766,2025-11-02,Home & Kitchen,Blender,1,74.1,19,74.1,5.9,12.0,77.92,Bank Transfer,Returned,Standard,Mobile App,,5,
22301716,619125,2025-11-29,Sports,Cycling Helmet,1,68.41,14,68.41,5.9,11.77,76.5,Credit Card,Delivered,Standard,Website,,6,5
51335622,831411,2025-09-23,Electronics,Wireless Headphones,3,81.49,10,244.47,12.9,44.0,276.92,Credit Card,Delivered,Express,Website,FREESHIP,4,5
20385226,358151,2025-07-15,Fashion,Winter Jacket,1,182.05,6,182.05,0.0,34.23,205.36,PayPal,Delivered,Standard,Website,VIP20,6,5
39920773,923517,2025-12-24,Electronics,USB-C Hub,2,41.68,16,83.36,12.9,14.0,96.92,Credit Card,Delayed,Express,Website,,5,2
63657508,958830,2025-02-25,Fashion,Classic Jeans,1,66.63,25,66.63,5.9,3.85,59.72,Credit Card,Delivered,Standard,Mobile App,,5,5
51061853,391759,2025-09-12,Beauty,Makeup Kit,1,59.18,7,59.18,5.9,8.26,69.2,Bank Transfer,Delivered,Standard,Website,,6,5
65584136,232347,2025-05-13,Fashion,Winter Jacket,1,188.46,14,188.46,0.0,32.42,194.5,Bank Transfer,Delivered,Standard,Website,SAVE15,3,5
14697316,215775,2025-12-26,Books & Office,Data Analytics Book,2,43.19,29,86.38,12.9,12.27,86.5,Apple Pay,Delivered,Express,Website,,1,4
89578322,744782,2025-07-04,Home & Kitchen,Coffee Maker,3,91.05,17,273.15,0.0,45.34,272.05,Apple Pay,Delivered,Standard,Mobile App,VIP20,5,5
42047495,999634,2025-05-29,Fashion,Backpack,2,72.65,0,145.3,0.0,29.06,174.36,PayPal,Delivered,Standard,Marketplace,,5,3
95918180,864761,2025-06-30,Fashion,Winter Jacket,2,165.53,17,331.06,0.0,54.96,329.74,Credit Card,Delivered,Standard,Website,,3,4
39507212,848223,2025-04-01,Electronics,Bluetooth Speaker,1,73.99,7,73.99,12.9,13.76,95.47,Credit Card,Delivered,Express,Marketplace,,1,5
97463879,265689,2025-05-19,Sports,Yoga Mat,1,36.6,2,36.6,0.0,5.38,41.25,Credit Card,Delivered,Pickup,Mobile App,WELCOME10,1,4
62014863,746011,2025-07-14,Sports,Yoga Mat,2,42.84,17,85.68,12.9,14.22,98.23,Credit Card,Delivered,Express,Marketplace,VIP20,1,4
94871014,405338,2025-03-18,Electronics,Smart Watch,2,132.78,25,265.56,0.0,39.83,239.0,Credit Card,Delivered,Standard,Website,SAVE15,4,5
46268428,565703,2025-12-14,Fashion,Winter Jacket,2,186.9,9,373.8,0.0,68.03,408.19,Credit Card,Delivered,Pickup,Marketplace,WELCOME10,1,5
66762812,232146,2024-05-18,Fashion,Classic Jeans,1,66.99,17,66.99,12.9,11.12,79.62,PayPal,Delivered,Express,Mobile App,VIP20,2,5
61913707,952440,2025-12-31,Home & Kitchen,Blender,2,68.31,24,136.62,0.0,20.77,124.6,PayPal,Delivered,Standard,Website,,5,4
72879459,364720,2025-03-10,Electronics,USB-C Hub,1,41.74,22,41.74,5.9,6.51,44.97,Credit Card,Delayed,Standard,Website,FREESHIP,6,
68835274,942793,2025-10-08,Beauty,Skin Care Set,1,89.25,0,89.25,12.9,17.85,120.0,PayPal,Delivered,Express,Mobile App,,2,4
43615864,900924,2025-09-14,Beauty,Makeup Kit,1,56.88,15,56.88,5.9,9.67,63.92,PayPal,Delivered,Standard,Website,,5,4
99603626,791189,2025-12-30,Home & Kitchen,Desk Lamp,1,51.21,34,51.21,5.9,6.76,46.46,Google Pay,Delivered,Standard,Website,,6,3
59498848,893028,2025-12-12,Electronics,Mechanical Keyboard,2,95.69,14,191.38,0.0,32.92,197.51,Credit Card,Delayed,Standard,Marketplace,,8,4
85298075,198559,2025-02-22,Fashion,Running Shoes,1,121.16,22,121.16,0.0,18.9,113.4,Credit Card,Delivered,Standard,Website,VIP20,4,5
59074160,662484,2025-10-28,Fashion,Running Shoes,1,92.54,7,92.54,0.0,17.21,103.27,Credit Card,Delivered,Pickup,Marketplace,,1,3
87678425,921568,2025-03-11,Sports,Fitness Tracker,2,108.24,19,216.48,12.9,35.07,223.32,Credit Card,Delivered,Express,Mobile App,SAVE15,1,5
58708340,136522,2025-11-22,Beauty,Makeup Kit,1,58.84,26,58.84,5.9,8.71,58.15,PayPal,Delivered,Standard,Marketplace,,3,5
87703285,859285,2025-11-04,Electronics,Smart Watch,1,157.18,4,157.18,0.0,30.18,181.07,Credit Card,Delivered,Standard,Website,WELCOME10,6,3
47331796,703633,2025-11-17,Beauty,Makeup Kit,2,56.83,4,113.66,12.9,21.82,143.83,PayPal,Delivered,Express,Marketplace,,2,4
36741647,643393,2025-07-01,Fashion,Backpack,2,72.9,7,145.8,0.0,27.12,162.71,Google Pay,Delivered,Standard,Mobile App,,4,5
93628713,443824,2024-09-28,Sports,Cycling Helmet,5,79.89,4,399.45,0.0,76.69,460.16,Bank Transfer,Delivered,Standard,Mobile App,VIP20,4,4
37565490,277754,2025-11-25,Home & Kitchen,Air Fryer,1,135.62,9,135.62,0.0,24.68,148.09,Credit Card,Delivered,Standard,Website,,5,5
61740333,178261,2025-05-21,Home & Kitchen,Coffee Maker,1,87.58,2,87.58,5.9,17.17,108.9,Google Pay,Delivered,Standard,Website,,3,4
68921734,433309,2025-12-18,Fashion,Running Shoes,2,128.19,4,256.38,0.0,49.22,295.34,PayPal,Delivered,Standard,Website,,4,4
95699149,664532,2025-12-31,Home & Kitchen,Cookware Set,1,179.57,29,179.57,0.0,25.5,152.99,Apple Pay,Delivered,Standard,Website,VIP20,5,5
97849601,234791,2025-10-24,Sports,Yoga Mat,1,40.01,10,40.01,12.9,7.2,56.11,Credit Card,Delivered,Express,Website,,1,3
62275768,545439,2025-04-22,Electronics,Wireless Headphones,2,78.65,17,157.3,0.0,26.11,156.67,Credit Card,Delivered,Standard,Website,WELCOME10,8,4
92512954,226741,2025-11-13,Electronics,Bluetooth Speaker,2,64.24,4,128.48,0.0,24.67,148.01,PayPal,Delivered,Standard,Mobile App,VIP20,3,4
29112845,232347,2025-08-09,Fashion,Backpack,3,74.48,9,223.44,12.9,40.67,256.9,Credit Card,Delivered,Express,Mobile App,,1,5
62087604,974572,2025-09-15,Home & Kitchen,Blender,2,71.17,0,142.34,0.0,28.47,170.81,Credit Card,Delayed,Standard,Website,,6,3
61153738,999021,2024-02-07,Home & Kitchen,Cookware Set,1,182.7,2,182.7,12.9,35.81,227.76,Credit Card,Delivered,Express,Website,,1,4
63422923,871400,2024-09-26,Fashion,Classic Jeans,2,66.6,17,133.2,0.0,22.11,132.67,Credit Card,Delivered,Standard,Mobile App,VIP20,2,5
27473100,917094,2024-08-16,Electronics,Bluetooth Speaker,2,60.99,19,121.98,12.9,19.76,131.46,Bank Transfer,Delivered,Express,Website,,1,3
98280630,433309,2025-12-24,Beauty,Makeup Kit,2,49.27,14,98.54,5.9,16.95,107.59,Credit Card,Delivered,Standard,Mobile App,SAVE15,5,4
92646324,412125,2025-10-15,Books & Office,Notebook Set,2,21.43,0,42.86,5.9,8.57,57.33,Google Pay,Delivered,Standard,Website,,2,4
77562577,958830,2025-08-08,Fashion,Backpack,2,68.82,20,137.64,0.0,8.48,118.59,Credit Card,Delivered,Standard,Website,,3,4
22476415,489771,2025-07-29,Fashion,Backpack,1,78.13,22,78.13,12.9,12.19,86.03,PayPal,Delivered,Express,Mobile App,,2,5
78515125,487033,2025-04-02,Electronics,Wireless Headphones,1,92.64,10,92.64,12.9,16.68,112.96,PayPal,Delivered,Express,Mobile App,,1,5
41680166,611790,2025-07-11,Home & Kitchen,Coffee Maker,2,96.4,14,192.8,0.0,33.16,198.97,Credit Card,Returned,Standard,Website,SAVE15,4,
89841329,549554,2025-02-19,Home & Kitchen,Cookware Set,2,150.56,4,301.12,12.9,57.82,359.8,Credit Card,Delayed,Express,Mobile App,,3,3
90242596,888237,2025-05-08,Electronics,Bluetooth Speaker,3,66.5,12,199.5,12.9,35.11,223.57,Apple Pay,Delivered,Express,Marketplace,VIP20,2,5
69453613,853843,2025-12-14,Home & Kitchen,Air Fryer,1,147.16,6,147.16,0.0,27.67,166.0,Credit Card,Delivered,Pickup,Marketplace,WELCOME10,3,5
78875777,819078,2025-09-27,Beauty,Electric Toothbrush,3,79.74,5,239.22,0.0,45.45,272.71,PayPal,Delayed,Standard,Website,WELCOME10,8,4
62886822,547877,2024-04-24,Beauty,Perfume,1,87.45,2,87.45,5.9,17.14,108.74,PayPal,Delivered,Standard,Website,WELCOME10,5,5
69454056,243318,2024-12-13,Books & Office,Data Analytics Book,1,40.38,28,40.38,12.9,5.81,47.78,PayPal,Delivered,Express,Website,FREESHIP,4,5
93662397,847964,2025-12-11,Books & Office,Ergonomic Mouse,1,56.55,24,56.55,5.9,8.6,57.48,Bank Transfer,Delivered,Standard,Website,,6,4
13198666,447274,2025-10-17,Electronics,Smart Watch,1,153.53,10,153.53,0.0,27.64,165.82,Bank Transfer,Delivered,Pickup,Marketplace,FREESHIP,3,4
40735578,130614,2025-10-07,Electronics,Mechanical Keyboard,1,85.08,17,85.08,12.9,14.12,97.64,Apple Pay,Delivered,Express,Website,VIP20,3,5
15457290,662484,2025-04-14,Electronics,USB-C Hub,2,45.14,12,90.28,0.0,15.89,95.34,PayPal,Delivered,Pickup,Mobile App,VIP20,1,5
27294207,797700,2025-09-21,Home & Kitchen,Coffee Maker,2,100.97,0,201.94,12.9,40.39,0.0,Credit Card,Cancelled,Express,Website,,,
69984834,301022,2025-11-07,Electronics,Wireless Headphones,2,80.15,14,160.3,0.0,27.57,165.43,Credit Card,Delivered,Standard,Website,SAVE15,6,4
68233418,467610,2025-08-07,Fashion,Classic Jeans,1,59.62,7,59.62,5.9,8.32,69.67,Credit Card,Delivered,Standard,Mobile App,,5,5
61469847,463147,2025-06-03,Fashion,Backpack,1,77.92,5,77.92,5.9,14.8,94.72,Apple Pay,Returned,Standard,Website,SAVE15,4,
50603865,920398,2025-11-29,Electronics,Mechanical Keyboard,2,95.77,4,191.54,12.9,36.78,0.0,Google Pay,Cancelled,Express,Mobile App,,,
75803571,157073,2025-11-14,Sports,Resistance Bands,1,30.8,11,30.8,0.0,2.11,29.52,Credit Card,Delivered,Pickup,Mobile App,,1,3
55058324,684041,2025-11-15,Electronics,Wireless Headphones,1,94.96,19,94.96,12.9,15.38,105.2,Google Pay,Delivered,Express,Mobile App,FREESHIP,3,4
90773403,807947,2025-06-22,Electronics,Mechanical Keyboard,1,109.13,5,109.13,5.9,15.55,125.12,Credit Card,Delivered,Standard,Marketplace,,2,5
46835313,357048,2025-10-09,Fashion,Running Shoes,1,109.94,14,109.94,5.9,18.91,119.36,Credit Card,Delivered,Standard,Mobile App,,6,4
68930726,934753,2025-12-10,Home & Kitchen,Cookware Set,3,153.49,16,460.47,0.0,77.36,464.15,PayPal,Delivered,Standard,Marketplace,FREESHIP,5,5
15539956,262520,2025-12-20,Beauty,Makeup Kit,1,58.47,4,58.47,5.9,11.23,73.26,PayPal,Delivered,Standard,Website,,5,4
54469143,547877,2024-08-08,Beauty,Hair Dryer,1,64.22,12,64.22,5.9,11.3,73.71,PayPal,Delivered,Standard,Website,WELCOME10,3,4
61296301,859369,2025-04-26,Electronics,Smart Watch,1,145.28,10,145.28,12.9,26.15,169.8,Credit Card,Delivered,Express,Website,SAVE15,1,5
35541066,736777,2025-10-21,Home & Kitchen,Air Fryer,1,128.24,5,128.24,0.0,24.37,146.2,Credit Card,Delivered,Standard,Mobile App,,4,5
48686946,287149,2025-10-11,Home & Kitchen,Air Fryer,1,132.54,7,132.54,0.0,24.65,147.91,Credit Card,Delivered,Standard,Website,VIP20,5,4
92828390,613208,2025-10-17,Fashion,Cotton Hoodie,3,63.5,15,190.5,0.0,32.39,194.32,Credit Card,Returned,Standard,Marketplace,,4,
43983366,743949,2024-09-24,Fashion,Classic Jeans,4,69.52,4,278.08,0.0,20.56,287.52,Credit Card,Delivered,Standard,Website,,4,5
57302966,871400,2025-07-28,Sports,Resistance Bands,1,30.62,9,30.62,12.9,5.57,46.33,Bank Transfer,Delivered,Express,Mobile App,VIP20,1,5
38906977,871468,2025-11-05,Beauty,Makeup Kit,1,60.71,9,60.71,12.9,8.29,76.44,Google Pay,Delivered,Express,Website,,1,4
73254987,215222,2025-09-17,Electronics,Smart Watch,1,141.43,9,141.43,0.0,25.74,154.44,Bank Transfer,Delivered,Standard,Website,FREESHIP,4,5
73753736,180687,2025-04-04,Fashion,Running Shoes,1,106.23,2,106.23,5.9,20.82,130.83,Credit Card,Delivered,Standard,Website,,6,5
85206544,264538,2024-09-20,Fashion,Backpack,1,68.28,10,68.28,12.9,12.29,86.64,Credit Card,Delivered,Express,Mobile App,FREESHIP,1,5
86035400,765119,2025-12-17,Books & Office,Notebook Set,1,25.28,9,25.28,5.9,4.6,33.5,Apple Pay,Delivered,Standard,Mobile App,,7,5
89782589,553516,2025-07-02,Home & Kitchen,Coffee Maker,2,94.59,17,189.18,0.0,31.4,188.42,PayPal,Delivered,Pickup,Website,,3,4
44681128,217277,2025-10-01,Beauty,Perfume,1,91.06,24,91.06,12.9,13.84,95.95,Credit Card,Delivered,Express,Mobile App,,2,4
70028758,270516,2025-12-30,Beauty,Skin Care Set,2,81.37,34,162.74,0.0,8.27,115.68,Credit Card,Delivered,Standard,Website,VIP20,4,5
31958571,860036,2025-10-03,Beauty,Skin Care Set,2,83.84,0,167.68,0.0,33.54,201.22,Credit Card,Delivered,Standard,Website,,6,5
86084064,857434,2025-07-26,Fashion,Running Shoes,1,108.35,9,108.35,5.9,19.72,124.22,Credit Card,Delivered,Standard,Website,,4,4
72919667,839525,2024-03-28,Electronics,Wireless Headphones,1,99.71,7,99.71,12.9,18.55,124.18,Google Pay,Returned,Express,Marketplace,,1,
58096569,276189,2025-08-23,Home & Kitchen,Coffee Maker,1,91.43,25,91.43,5.9,13.71,88.18,Bank Transfer,Delivered,Standard,Mobile App,SAVE15,5,3
26122674,684762,2025-09-29,Fashion,Running Shoes,1,113.37,7,113.37,5.9,21.09,132.42,Credit Card,Delivered,Standard,Mobile App,,4,3
57002887,230603,2024-08-22,Electronics,Bluetooth Speaker,2,73.31,10,146.62,0.0,26.39,158.35,Bank Transfer,Delivered,Standard,Website,,5,5
46619470,282434,2024-12-07,Electronics,Smart Watch,1,141.91,6,141.91,12.9,26.68,172.98,PayPal,Delivered,Express,Website,SAVE15,1,4
97046285,242246,2025-11-29,Beauty,Electric Toothbrush,2,72.23,21,144.46,0.0,22.82,136.94,Apple Pay,Delivered,Standard,Website,,3,4
54660082,295940,2025-06-09,Fashion,Winter Jacket,2,207.84,24,415.68,12.9,63.18,392.0,Bank Transfer,Delivered,Express,Mobile App,SAVE15,1,3
14485355,232347,2024-07-29,Books & Office,Notebook Set,1,22.26,6,22.26,12.9,4.18,38.0,Credit Card,Delivered,Express,Mobile App,VIP20,1,5
45625118,995196,2024-09-04,Sports,Resistance Bands,2,29.96,2,59.92,12.9,11.74,83.36,Credit Card,Delivered,Express,Mobile App,FREESHIP,3,5
22114463,672950,2024-10-22,Home & Kitchen,Cookware Set,4,138.62,22,554.48,0.0,86.5,518.99,Credit Card,Delivered,Standard,Mobile App,,4,5
93028989,439102,2025-06-19,Home & Kitchen,Cookware Set,1,153.41,7,153.41,0.0,28.53,171.2,Credit Card,Delivered,Pickup,Website,,1,4
35949420,287149,2025-08-15,Home & Kitchen,Desk Lamp,3,52.5,12,157.5,12.9,27.72,179.22,Credit Card,Delivered,Express,Marketplace,WELCOME10,1,4
44889682,444949,2024-03-20,Electronics,Mechanical Keyboard,2,103.54,17,207.08,0.0,34.38,206.26,Credit Card,Delivered,Standard,Marketplace,VIP20,4,5
37879989,151728,2024-10-30,Fashion,Winter Jacket,1,213.22,12,213.22,0.0,37.53,225.16,Credit Card,Delivered,Standard,Marketplace,SAVE15,4,4
78408331,159766,2025-06-26,Sports,Yoga Mat,1,35.99,5,35.99,12.9,6.84,53.93,PayPal,Delivered,Express,Website,VIP20,1,4
28064893,478691,2025-12-21,Fashion,Winter Jacket,2,165.5,19,331.0,12.9,53.62,334.63,Bank Transfer,Delivered,Express,Website,,1,4
97503253,807947,2024-11-24,Books & Office,Monitor Stand,1,49.76,34,49.76,5.9,4.93,43.67,Credit Card,Delivered,Standard,Mobile App,,4,4
52286686,889635,2025-06-06,Electronics,Smart Watch,1,150.81,7,150.81,0.0,28.05,168.3,Credit Card,Returned,Standard,Website,,3,
15058216,178261,2025-07-25,Home & Kitchen,Blender,5,78.55,4,392.75,0.0,75.41,452.45,PayPal,Delivered,Standard,Website,WELCOME10,5,4
46967069,455270,2024-10-08,Home & Kitchen,Blender,3,79.1,9,237.3,12.9,43.19,272.03,PayPal,Delivered,Express,Website,VIP20,1,4
98823089,990675,2025-11-05,Fashion,Winter Jacket,1,183.22,14,183.22,0.0,31.51,189.08,Credit Card,Delivered,Standard,Website,FREESHIP,6,5
94260249,874848,2025-01-24,Electronics,Wireless Headphones,2,80.78,17,161.56,0.0,26.82,160.91,Credit Card,Delivered,Standard,Website,WELCOME10,6,5
30262701,616780,2025-10-20,Fashion,Classic Jeans,2,65.58,7,131.16,0.0,24.4,146.38,Credit Card,Delivered,Standard,Website,,3,4
22810388,560426,2025-12-01,Electronics,Bluetooth Speaker,3,63.03,6,189.09,0.0,35.55,213.29,Apple Pay,Delivered,Standard,Mobile App,FREESHIP,6,3
60268540,415734,2025-02-10,Home & Kitchen,Blender,1,76.6,25,76.6,5.9,11.49,74.84,Apple Pay,Delivered,Standard,Mobile App,SAVE15,4,5
48858299,643393,2025-10-07,Books & Office,Data Analytics Book,1,45.72,10,45.72,12.9,8.23,62.28,Credit Card,Delivered,Express,Mobile App,WELCOME10,4,5
35986730,955069,2024-11-21,Electronics,Bluetooth Speaker,1,63.11,14,63.11,5.9,8.14,68.31,PayPal,Delayed,Standard,Marketplace,VIP20,10,4
24234255,498838,2025-05-24,Home & Kitchen,Coffee Maker,1,95.57,15,95.57,5.9,16.25,103.38,PayPal,Delivered,Standard,Website,,3,4
27868259,449479,2025-03-12,Sports,Cycling Helmet,1,76.62,27,76.62,5.9,11.19,73.02,Credit Card,Delivered,Standard,Mobile App,,6,4
34182349,955069,2025-05-09,Beauty,Perfume,2,86.77,10,173.54,0.0,23.43,179.62,Google Pay,Delivered,Standard,Mobile App,,4,4
31256118,621846,2025-09-02,Fashion,Running Shoes,1,111.7,4,111.7,12.9,21.45,141.58,Credit Card,Delivered,Express,Website,,1,5
84343141,201963,2025-07-19,Books & Office,Notebook Set,1,25.12,11,25.12,5.9,4.47,32.73,Credit Card,Delivered,Standard,Mobile App,WELCOME10,5,5
83171451,463147,2025-12-06,Books & Office,Data Analytics Book,1,44.72,24,44.72,5.9,6.8,46.69,Credit Card,Delayed,Standard,Website,VIP20,8,2
76070812,957124,2025-05-19,Books & Office,Office Chair,1,201.85,5,201.85,0.0,38.35,230.11,Bank Transfer,Delivered,Standard,Website,,2,4
27345014,468629,2025-11-26,Beauty,Electric Toothbrush,2,84.6,19,169.2,0.0,27.41,164.46,Credit Card,Delivered,Pickup,Website,,1,4
96048045,422131,2025-11-06,Home & Kitchen,Coffee Maker,2,103.34,9,206.68,0.0,37.62,225.7,Credit Card,Delivered,Standard,Mobile App,VIP20,5,5
89310041,574710,2025-09-17,Sports,Cycling Helmet,1,74.05,12,74.05,0.0,13.03,78.19,PayPal,Delivered,Pickup,Website,SAVE15,1,4
76024141,167359,2024-07-03,Home & Kitchen,Desk Lamp,1,42.88,21,42.88,12.9,6.78,53.56,Google Pay,Returned,Express,Marketplace,WELCOME10,1,
16691247,657545,2025-12-08,Books & Office,Ergonomic Mouse,1,54.77,16,54.77,5.9,9.2,61.11,Credit Card,Delivered,Standard,Website,WELCOME10,5,5
50740565,839525,2024-05-12,Beauty,Makeup Kit,1,55.94,12,55.94,5.9,9.85,64.98,PayPal,Returned,Standard,Website,FREESHIP,7,
24883048,319377,2025-08-16,Electronics,Bluetooth Speaker,4,71.78,14,287.12,0.0,49.38,296.3,Apple Pay,Delivered,Standard,Marketplace,VIP20,5,5
44983245,839525,2024-04-03,Fashion,Winter Jacket,1,175.43,7,175.43,12.9,32.63,208.68,Credit Card,Delivered,Express,Website,SAVE15,1,5
61275525,445918,2025-10-29,Beauty,Electric Toothbrush,3,73.26,32,219.78,12.9,29.89,192.24,Credit Card,Delivered,Express,Website,FREESHIP,1,4
34594172,527499,2025-07-29,Fashion,Backpack,2,68.29,2,136.58,0.0,26.77,160.62,Bank Transfer,Delivered,Standard,Website,,3,4
82433445,773799,2025-08-18,Books & Office,Notebook Set,1,21.52,15,21.52,0.0,3.66,21.95,Credit Card,Delivered,Pickup,Website,,1,5
28143130,574710,2025-09-27,Electronics,USB-C Hub,1,49.72,32,49.72,5.9,6.76,46.47,Credit Card,Delivered,Standard,Mobile App,FREESHIP,5,4
37302086,864761,2025-04-19,Home & Kitchen,Air Fryer,1,140.7,12,140.7,0.0,24.76,148.58,Bank Transfer,Delivered,Standard,Mobile App,,5,5
91062437,478222,2025-10-04,Home & Kitchen,Coffee Maker,1,87.24,17,87.24,12.9,14.48,99.79,Credit Card,Delivered,Express,Mobile App,SAVE15,1,5
29681631,451365,2025-11-27,Books & Office,Data Analytics Book,1,43.73,9,43.73,5.9,7.96,53.65,Apple Pay,Delivered,Standard,Mobile App,,3,4
91604278,597105,2025-07-27,Home & Kitchen,Cookware Set,4,143.19,14,572.76,0.0,98.51,591.08,Credit Card,Delivered,Pickup,Website,FREESHIP,1,5
31915334,574720,2025-12-23,Home & Kitchen,Cookware Set,1,162.71,21,162.71,12.9,25.71,167.15,Google Pay,Delivered,Express,Mobile App,,1,4
87284160,287149,2025-04-29,Home & Kitchen,Cookware Set,1,166.35,17,166.35,0.0,27.61,165.68,Credit Card,Delivered,Standard,Website,WELCOME10,5,
30261112,841579,2025-08-31,Electronics,Bluetooth Speaker,1,60.22,17,60.22,5.9,10.0,65.88,Credit Card,Delivered,Standard,Mobile App,WELCOME10,4,4
84862141,633842,2024-09-06,Beauty,Skin Care Set,1,86.27,4,86.27,5.9,6.38,95.1,Credit Card,Returned,Standard,Mobile App,,4,
88556506,672950,2024-09-28,Books & Office,Ergonomic Mouse,1,60.54,2,60.54,5.9,11.87,77.1,Google Pay,Delayed,Standard,Website,FREESHIP,6,3
34051643,791789,2024-04-23,Electronics,Bluetooth Speaker,1,71.31,32,71.31,5.9,9.7,64.09,Credit Card,Delayed,Standard,Website,,7,3
90796076,319377,2024-08-03,Sports,Fitness Tracker,2,115.69,24,231.38,0.0,35.17,211.02,Credit Card,Delivered,Pickup,Website,SAVE15,1,3
37752457,302877,2025-04-14,Beauty,Makeup Kit,1,53.98,10,53.98,0.0,9.72,58.3,Credit Card,Delivered,Pickup,Website,FREESHIP,1,5
34239223,225761,2025-06-05,Electronics,Bluetooth Speaker,1,63.98,34,63.98,5.9,8.45,56.58,Bank Transfer,Delivered,Standard,Mobile App,,5,5
39611490,888971,2025-04-17,Electronics,Bluetooth Speaker,1,72.05,20,72.05,5.9,8.65,72.19,PayPal,Delivered,Standard,Website,SAVE15,5,4
76476141,323345,2024-09-09,Fashion,Cotton Hoodie,1,50.59,15,50.59,5.9,8.6,57.5,Google Pay,Delivered,Standard,Mobile App,FREESHIP,4,5
90455739,105502,2025-11-05,Home & Kitchen,Air Fryer,2,139.58,21,279.16,12.9,44.11,277.55,PayPal,Delivered,Express,Mobile App,VIP20,3,4
93980907,674176,2025-03-03,Fashion,Cotton Hoodie,1,56.36,5,56.36,12.9,4.12,70.56,Credit Card,Delivered,Express,Website,SAVE15,1,3
37618078,887269,2025-09-28,Sports,Resistance Bands,1,31.31,0,31.31,5.9,6.26,43.47,Credit Card,Delayed,Standard,Website,,9,3
71366123,843951,2025-11-06,Books & Office,Ergonomic Mouse,1,50.56,9,50.56,5.9,9.2,61.11,Credit Card,Delivered,Standard,Mobile App,,4,4
79709960,866265,2025-04-28,Beauty,Hair Dryer,1,64.04,17,64.04,0.0,10.63,63.78,PayPal,Delivered,Pickup,Mobile App,,1,3
72021292,633555,2025-08-19,Beauty,Skin Care Set,1,89.76,0,89.76,5.9,17.95,113.61,Credit Card,Delivered,Standard,Marketplace,,5,5
90245404,444949,2024-07-19,Beauty,Electric Toothbrush,1,67.03,9,67.03,5.9,12.2,79.1,Credit Card,Returned,Standard,Website,VIP20,5,
34655636,791897,2025-12-18,Fashion,Winter Jacket,1,179.09,29,179.09,0.0,9.79,136.94,Credit Card,Delivered,Standard,Marketplace,WELCOME10,6,4
45863596,662484,2025-11-29,Books & Office,Ergonomic Mouse,1,56.65,31,56.65,5.9,7.82,52.81,Credit Card,Delayed,Standard,Mobile App,SAVE15,7,3
16943907,723590,2025-05-30,Fashion,Cotton Hoodie,1,61.84,5,61.84,12.9,11.75,83.4,Credit Card,Delivered,Express,Mobile App,,1,4
99719494,754716,2024-08-08,Home & Kitchen,Desk Lamp,1,50.56,15,50.56,5.9,8.6,57.48,Apple Pay,Delivered,Standard,Mobile App,SAVE15,5,5
44114074,215222,2024-11-11,Electronics,Smart Watch,1,134.34,28,134.34,0.0,19.34,116.06,Credit Card,Delivered,Standard,Website,,5,4
30502873,225018,2024-11-15,Fashion,Backpack,2,72.85,14,145.7,12.9,25.06,163.26,Apple Pay,Delivered,Express,Mobile App,,1,4
14587267,134930,2025-11-22,Beauty,Hair Dryer,1,71.33,24,71.33,5.9,10.84,0.0,,Cancelled,Standard,Mobile App,,,
87512052,119634,2024-09-28,Electronics,Bluetooth Speaker,1,67.53,30,67.53,5.9,9.45,62.62,Credit Card,Delivered,Standard,Website,FREESHIP,5,5
89197632,215222,2025-09-14,Books & Office,Monitor Stand,2,51.1,19,102.2,5.9,16.56,105.24,Credit Card,Delivered,Standard,Website,,4,5
89054148,202492,2025-02-25,Home & Kitchen,Cookware Set,1,148.71,2,148.71,0.0,11.22,156.96,Credit Card,Delivered,Standard,Mobile App,,5,5
52027854,294889,2025-12-11,Home & Kitchen,Desk Lamp,2,52.26,4,104.52,5.9,7.73,113.97,Credit Card,Returned,Standard,Website,,6,
45099729,249557,2025-10-06,Books & Office,Monitor Stand,1,46.34,20,46.34,12.9,7.41,57.38,PayPal,Delivered,Express,Website,FREESHIP,1,5
40074403,847964,2025-10-12,Books & Office,Monitor Stand,1,50.43,10,50.43,5.9,9.08,60.37,Credit Card,Delivered,Standard,Mobile App,FREESHIP,5,3
18515671,843951,2025-11-13,Beauty,Hair Dryer,1,66.72,9,66.72,5.9,12.14,78.76,Apple Pay,Delivered,Standard,Website,WELCOME10,5,5
63334382,412096,2025-12-27,Fashion,Classic Jeans,1,72.36,9,72.36,0.0,13.17,79.02,,Delivered,Pickup,Mobile App,FREESHIP,1,5
91062863,991134,2025-07-19,Beauty,Hair Dryer,1,60.44,22,60.44,0.0,9.43,56.57,Credit Card,Delivered,Pickup,Website,,1,4
53551156,547877,2025-08-15,Fashion,Winter Jacket,1,175.39,7,175.39,0.0,32.62,195.73,Bank Transfer,Delivered,Pickup,Mobile App,,2,4
72021676,953413,2025-01-08,Beauty,Makeup Kit,1,52.17,6,52.17,5.9,9.81,64.75,Google Pay,Delivered,Standard,Mobile App,,3,4
81876730,452641,2025-12-05,Books & Office,Office Chair,3,215.67,11,647.01,12.9,115.17,703.91,Credit Card,Delivered,Express,Website,,1,4
88322453,818021,2024-10-18,Home & Kitchen,Cookware Set,1,160.16,4,160.16,12.9,30.75,197.4,PayPal,Delivered,Express,Mobile App,SAVE15,2,5
40695440,936955,2025-12-15,Sports,Cycling Helmet,2,79.01,24,158.02,0.0,24.02,144.12,Bank Transfer,Delivered,Standard,Website,SAVE15,4,5
55925218,535998,2025-11-05,Electronics,USB-C Hub,2,41.04,14,82.08,5.9,14.12,90.61,Credit Card,Delayed,Standard,Website,,5,3
48856226,149154,2025-10-21,Electronics,Smart Watch,2,130.75,20,261.5,0.0,41.84,251.04,Credit Card,Delivered,Standard,Mobile App,SAVE15,4,4
39974866,565703,2024-03-08,Beauty,Skin Care Set,1,86.73,25,86.73,5.9,13.01,83.96,Credit Card,Delivered,Standard,Website,VIP20,4,5
73877878,236070,2025-06-06,Home & Kitchen,Desk Lamp,1,48.6,5,48.6,5.9,9.23,61.3,Google Pay,Delayed,Standard,Mobile App,SAVE15,7,2
29835657,726493,2025-07-09,Sports,Dumbbell Set,1,114.78,14,114.78,5.9,7.6,112.21,Credit Card,Delivered,Standard,Website,,5,5
70727876,684041,2025-12-13,Electronics,USB-C Hub,1,38.22,14,38.22,12.9,6.57,52.34,Apple Pay,Delivered,Express,Mobile App,,2,
16658657,270516,2025-12-17,Home & Kitchen,Blender,1,84.79,4,84.79,5.9,6.27,93.57,Bank Transfer,Delivered,Standard,Website,,4,4
26694572,372597,2025-03-27,Electronics,Wireless Headphones,3,84.27,17,252.81,0.0,41.97,251.8,Credit Card,Delivered,Standard,Website,VIP20,4,5
89233035,791189,2025-12-30,Electronics,USB-C Hub,1,45.8,34,45.8,12.9,6.05,0.0,PayPal,Cancelled,Express,Website,SAVE15,,
25274670,842218,2025-04-18,Beauty,Hair Dryer,1,62.59,0,62.59,12.9,12.52,0.0,Apple Pay,Cancelled,Express,Website,,,
64335816,674593,2025-06-16,Fashion,Classic Jeans,3,73.77,2,221.31,0.0,43.38,260.26,PayPal,Delivered,Standard,Website,,6,5
97469720,367848,2025-12-22,Fashion,Cotton Hoodie,3,61.64,4,184.92,12.9,26.63,217.05,Credit Card,Delivered,Express,Mobile App,,1,3
73760372,775778,2025-12-20,Fashion,Cotton Hoodie,1,58.77,4,58.77,5.9,11.28,73.6,Google Pay,Delivered,Standard,Mobile App,VIP20,4,5
63387893,743949,2025-07-11,Fashion,Cotton Hoodie,1,65.41,16,65.41,12.9,4.23,72.07,Google Pay,Delivered,Express,Website,SAVE15,1,5
17430664,606510,2024-04-15,Beauty,Makeup Kit,3,59.5,7,178.5,0.0,33.2,199.21,Apple Pay,Delivered,Standard,Website,,2,4
41003443,268270,2025-11-16,Electronics,USB-C Hub,2,45.66,21,91.32,0.0,14.43,86.57,Credit Card,Delayed,Pickup,Marketplace,,4,3
35138650,487033,2025-01-30,Electronics,Mechanical Keyboard,1,106.14,27,106.14,5.9,15.5,98.88,Google Pay,Delivered,Standard,Marketplace,,7,5
76363271,157073,2025-09-16,Fashion,Classic Jeans,3,67.95,2,203.85,12.9,15.38,228.05,Credit Card,Delivered,Express,Mobile App,,1,5
47285875,135253,2024-09-25,Electronics,Bluetooth Speaker,1,74.08,0,74.08,5.9,14.82,94.8,Credit Card,Delivered,Standard,Website,,5,4
57493870,860337,2025-10-22,Fashion,Running Shoes,2,104.34,0,208.68,0.0,41.74,250.42,Credit Card,Delivered,Standard,Website,,6,4
25681166,681133,2025-11-13,Electronics,Bluetooth Speaker,1,77.68,21,77.68,12.9,9.21,83.48,Credit Card,Delivered,Express,Mobile App,WELCOME10,3,5
10920986,343698,2024-11-27,Books & Office,Ergonomic Mouse,1,61.05,24,61.05,5.9,9.28,61.58,Apple Pay,Delivered,Standard,Mobile App,SAVE15,5,5
43244265,391759,2024-12-16,Electronics,Smart Watch,1,156.2,35,156.2,0.0,15.23,116.76,Credit Card,Delivered,Standard,Website,,4,5
99233712,149154,2025-11-27,Fashion,Running Shoes,2,117.36,14,234.72,0.0,40.37,242.23,PayPal,Delivered,Pickup,Mobile App,,1,4
81451382,773617,2025-12-25,Books & Office,Notebook Set,1,24.17,4,24.17,0.0,3.48,26.68,Credit Card,Delivered,Pickup,Mobile App,,1,5
95897916,374084,2025-03-23,Beauty,Skin Care Set,1,83.94,20,83.94,12.9,13.43,93.48,Bank Transfer,Delivered,Express,Marketplace,SAVE15,2,4
88837922,272706,2025-11-30,Electronics,Bluetooth Speaker,5,71.12,34,355.6,12.9,46.94,294.54,Credit Card,Returned,Express,Mobile App,VIP20,1,
28958204,433703,2025-09-07,Fashion,Backpack,1,73.31,0,73.31,5.9,14.66,93.87,Credit Card,Delivered,Standard,Mobile App,,1,5
97565332,990091,2025-11-28,Home & Kitchen,Coffee Maker,1,78.46,9,78.46,12.9,14.28,98.58,Google Pay,Delivered,Express,Website,FREESHIP,1,4
81289014,268270,2025-10-16,Home & Kitchen,Coffee Maker,2,111.02,12,222.04,12.9,39.08,247.38,Google Pay,Delivered,Express,Mobile App,VIP20,1,4
75298086,919390,2025-01-09,Books & Office,Monitor Stand,2,48.67,17,97.34,0.0,16.16,96.95,PayPal,Delivered,Pickup,Mobile App,FREESHIP,1,4
33558901,644311,2025-04-03,Electronics,Mechanical Keyboard,3,89.06,2,267.18,0.0,39.28,301.12,Credit Card,Delivered,Standard,Website,SAVE15,4,5
98935888,694107,2025-06-12,Fashion,Classic Jeans,1,65.93,7,65.93,12.9,12.26,86.47,PayPal,Delivered,Express,Mobile App,,2,4
54502162,681466,2025-12-28,Sports,Yoga Mat,1,38.96,9,38.96,12.9,7.09,55.44,Credit Card,Delivered,Express,Mobile App,WELCOME10,2,5
86722078,955069,2025-06-08,Fashion,Winter Jacket,1,169.06,15,169.06,0.0,21.55,165.25,Apple Pay,Delivered,Pickup,Website,,2,5
32077604,828794,2025-12-05,Books & Office,Data Analytics Book,5,47.48,19,237.4,0.0,38.46,230.75,,Delivered,Standard,Website,,4,5
15810553,684762,2025-12-07,Home & Kitchen,Desk Lamp,2,53.34,31,106.68,5.9,14.72,94.23,PayPal,Delivered,Standard,Website,,3,4
83104684,215222,2024-10-27,Electronics,Smart Watch,1,145.18,14,145.18,0.0,24.97,149.82,Apple Pay,Delivered,Pickup,Mobile App,FREESHIP,1,4
61825847,361412,2025-12-27,Electronics,Wireless Headphones,4,87.82,21,351.28,0.0,55.5,333.01,Google Pay,Delivered,Standard,Mobile App,VIP20,4,5
96022048,215222,2025-11-09,Electronics,Wireless Headphones,2,84.43,8,168.86,0.0,31.07,186.42,PayPal,Delivered,Pickup,Website,,2,4
69759521,252422,2025-10-22,Electronics,Wireless Headphones,1,93.74,14,93.74,5.9,16.12,102.64,Credit Card,Delivered,Standard,Mobile App,,4,5
87260329,676297,2024-12-13,Electronics,USB-C Hub,1,43.3,18,43.3,5.9,2.73,44.14,PayPal,Delivered,Standard,Mobile App,,5,5
77096543,450952,2024-11-11,Fashion,Backpack,4,64.85,24,259.4,12.9,39.43,249.47,Google Pay,Delayed,Express,Website,,5,5
79516244,468629,2025-10-04,Books & Office,Ergonomic Mouse,3,66.66,20,199.98,0.0,32.0,191.98,Credit Card,Delivered,Standard,Website,WELCOME10,6,4
98326493,329367,2024-09-22,Sports,Cycling Helmet,2,72.78,7,145.56,12.9,20.31,168.58,Credit Card,Delivered,Express,Website,,1,3
18799005,249796,2025-09-04,Beauty,Skin Care Set,2,91.15,0,182.3,0.0,36.46,218.76,PayPal,Delivered,Standard,Website,,6,5
81783840,599202,2025-09-08,Fashion,Winter Jacket,4,176.03,10,704.12,0.0,126.74,760.45,Apple Pay,Delivered,Pickup,Website,WELCOME10,1,4
18053220,537368,2025-07-24,Fashion,Cotton Hoodie,1,62.64,17,62.64,5.9,10.4,68.29,PayPal,Delivered,Standard,Mobile App,VIP20,4,5
88476669,887231,2025-07-18,Sports,Dumbbell Set,2,129.46,2,258.92,0.0,50.75,304.49,Credit Card,Delivered,Pickup,Website,WELCOME10,2,4
40991821,240044,2025-10-18,Beauty,Hair Dryer,2,67.61,0,135.22,0.0,27.04,162.26,Credit Card,Delivered,Pickup,Website,,2,4
30993094,100813,2025-07-27,Beauty,Electric Toothbrush,2,68.36,2,136.72,0.0,26.8,160.79,Bank Transfer,Delivered,Standard,Marketplace,FREESHIP,5,4
47675556,287149,2025-08-02,Beauty,Electric Toothbrush,1,68.65,7,68.65,5.9,12.77,82.51,PayPal,Delivered,Standard,Website,,6,5
65799388,891384,2025-06-19,Fashion,Running Shoes,1,101.05,5,101.05,5.9,19.2,0.0,Google Pay,Cancelled,Standard,Mobile App,SAVE15,,
12972776,243469,2024-12-22,Electronics,Mechanical Keyboard,1,99.9,26,99.9,5.9,14.79,94.62,Credit Card,Delayed,Standard,Website,,6,3
27807398,839525,2025-09-30,Electronics,USB-C Hub,2,47.63,7,95.26,12.9,17.72,119.21,Credit Card,Delayed,Express,Website,VIP20,5,2
94254648,614194,2025-11-18,Beauty,Skin Care Set,1,84.83,19,84.83,5.9,10.31,84.92,Apple Pay,Delivered,Standard,Mobile App,FREESHIP,5,4
27021649,130614,2025-04-19,Beauty,Hair Dryer,2,69.86,7,139.72,12.9,25.99,168.83,Credit Card,Delivered,Express,Website,FREESHIP,1,4
99146946,217277,2025-10-04,Books & Office,Monitor Stand,1,51.9,4,51.9,5.9,9.96,65.68,Credit Card,Delivered,Standard,Website,,5,4
39609135,807398,2025-10-24,Electronics,USB-C Hub,1,45.39,15,45.39,5.9,7.72,52.2,Credit Card,Delayed,Standard,Marketplace,SAVE15,7,1
90035576,343698,2025-07-10,Books & Office,Monitor Stand,1,47.52,7,47.52,5.9,8.84,58.93,Bank Transfer,Delivered,Standard,Website,,6,5
57627988,618822,2025-09-08,Home & Kitchen,Coffee Maker,2,91.88,15,183.76,0.0,31.24,187.44,Apple Pay,Delivered,Standard,Marketplace,,4,5
71944664,657571,2025-08-29,Electronics,Smart Watch,3,148.55,17,445.65,0.0,73.98,443.87,Bank Transfer,Delivered,Standard,Website,,5,3
42303935,401833,2025-10-18,Electronics,Smart Watch,2,143.88,10,287.76,0.0,51.8,310.78,Credit Card,Delivered,Standard,Website,,4,5
47778469,243318,2025-03-06,Electronics,Smart Watch,1,142.99,9,142.99,0.0,26.02,156.14,Credit Card,Delivered,Standard,Website,VIP20,5,4
71242553,419258,2025-05-27,Beauty,Makeup Kit,2,61.32,2,122.64,0.0,24.04,144.23,Credit Card,Delivered,Standard,Website,,5,5
77811373,368856,2025-08-16,Sports,Yoga Mat,1,35.94,15,35.94,5.9,6.11,42.56,Credit Card,Delivered,Standard,Mobile App,FREESHIP,5,5
96446765,746525,2025-12-05,Home & Kitchen,Desk Lamp,1,44.75,14,44.75,12.9,7.7,59.09,Credit Card,Delivered,Express,Mobile App,,1,5
12813602,301022,2025-09-25,Fashion,Cotton Hoodie,2,66.46,0,132.92,0.0,26.58,159.5,Credit Card,Delivered,Standard,Marketplace,,6,4
92948045,178261,2025-07-18,Electronics,Smart Watch,1,151.25,4,151.25,12.9,29.04,187.14,Credit Card,Delivered,Express,Website,,2,3
59043537,167359,2025-02-26,Electronics,Smart Watch,2,156.19,14,312.38,0.0,53.73,322.38,Bank Transfer,Returned,Standard,Mobile App,WELCOME10,4,
81763348,443824,2025-04-27,Home & Kitchen,Blender,1,86.49,34,86.49,5.9,11.42,0.0,PayPal,Cancelled,Standard,Website,,,
67753918,821443,2025-12-14,Sports,Dumbbell Set,2,120.04,6,240.08,0.0,45.14,270.82,Credit Card,Delivered,Standard,Mobile App,FREESHIP,2,5
95609920,921568,2024-09-30,Sports,Fitness Tracker,1,104.79,24,104.79,12.9,15.93,108.47,Apple Pay,Delayed,Express,Website,,3,2
10115430,920398,2025-10-16,Electronics,Mechanical Keyboard,1,103.31,25,103.31,5.9,15.5,98.88,PayPal,Delivered,Standard,Mobile App,,3,4
86809460,859344,2025-11-13,Fashion,Backpack,1,70.97,14,70.97,12.9,12.21,86.14,Apple Pay,Delivered,Express,Mobile App,VIP20,2,5
40432342,848223,2025-11-03,Sports,Fitness Tracker,1,94.95,26,94.95,5.9,14.05,90.21,Google Pay,Delivered,Standard,Mobile App,WELCOME10,8,4
34304931,481750,2025-11-06,Books & Office,Notebook Set,1,24.33,19,24.33,5.9,3.94,29.55,Credit Card,Delivered,Standard,Website,VIP20,4,4
99871181,962186,2025-12-01,Sports,Fitness Tracker,2,103.11,14,206.22,0.0,35.47,212.82,PayPal,Delivered,Pickup,Mobile App,FREESHIP,1,4
87650887,443824,2025-02-06,Home & Kitchen,Blender,1,76.42,24,76.42,5.9,11.62,75.6,Credit Card,Delivered,Standard,Website,SAVE15,5,5
76122539,277840,2025-12-29,Beauty,Electric Toothbrush,1,85.62,9,85.62,5.9,15.58,99.39,Bank Transfer,Delivered,Standard,Mobile App,FREESHIP,5,4
51016161,461503,2025-07-23,Home & Kitchen,Cookware Set,1,162.17,32,162.17,12.9,22.06,145.24,Credit Card,Delivered,Express,Mobile App,,3,3
80434566,726063,2025-07-17,Electronics,Mechanical Keyboard,1,116.29,14,116.29,5.9,20.0,125.91,Credit Card,Delivered,Standard,Website,WELCOME10,4,5
71974088,478084,2025-06-27,Books & Office,Office Chair,3,204.94,12,614.82,12.9,108.21,662.15,PayPal,Delivered,Express,Website,SAVE15,2,4
40756927,658396,2025-08-20,Books & Office,Data Analytics Book,1,39.98,20,39.98,12.9,6.4,51.28,Credit Card,Delivered,Express,Mobile App,FREESHIP,2,5
30481794,422958,2025-09-28,Fashion,Backpack,3,82.65,0,247.95,0.0,49.59,297.54,Credit Card,Delivered,Standard,Website,,4,5
48858122,590251,2025-09-11,Electronics,Smart Watch,1,132.21,5,132.21,12.9,25.12,163.62,Credit Card,Delivered,Express,Mobile App,VIP20,2,5
73785524,412752,2025-07-10,Home & Kitchen,Blender,2,70.72,17,141.44,12.9,23.48,153.78,PayPal,Delivered,Express,Mobile App,,1,5
13559110,432782,2025-04-10,Fashion,Winter Jacket,1,186.75,14,186.75,0.0,32.12,192.73,Credit Card,Delivered,Standard,Mobile App,SAVE15,6,3
85588306,784382,2025-12-31,Home & Kitchen,Desk Lamp,1,49.36,4,49.36,5.9,9.48,62.77,PayPal,Delivered,Standard,Mobile App,,5,5
16626973,236070,2025-10-24,Home & Kitchen,Air Fryer,2,140.79,10,281.58,0.0,50.68,304.1,Credit Card,Delivered,Standard,Website,,4,4
18584018,401833,2025-09-13,Beauty,Hair Dryer,2,62.44,20,124.88,12.9,19.98,132.78,Apple Pay,Delivered,Express,Marketplace,WELCOME10,2,3
73184336,587217,2025-12-06,Fashion,Winter Jacket,2,196.85,9,393.7,0.0,27.59,385.86,Google Pay,Returned,Standard,Mobile App,VIP20,7,
25374040,114582,2025-03-24,Fashion,Backpack,2,78.79,2,157.58,12.9,30.89,198.22,Credit Card,Delivered,Express,Website,WELCOME10,1,4
37275989,710272,2025-07-19,Books & Office,Data Analytics Book,1,40.68,22,40.68,5.9,6.35,43.98,Credit Card,Returned,Standard,Mobile App,,4,
84055629,225018,2025-08-27,Sports,Cycling Helmet,1,76.48,20,76.48,5.9,12.24,79.32,Apple Pay,Delivered,Standard,Marketplace,WELCOME10,5,4
57734325,272706,2025-11-10,Beauty,Electric Toothbrush,5,77.89,9,389.45,0.0,70.88,425.28,Credit Card,Delayed,Standard,Mobile App,FREESHIP,8,3
80230739,433309,2025-12-23,Books & Office,Notebook Set,1,24.71,4,24.71,5.9,4.74,34.36,Credit Card,Delivered,Standard,Mobile App,,3,3
77680281,224914,2025-01-08,Electronics,Wireless Headphones,1,89.24,12,89.24,5.9,15.71,100.14,Apple Pay,Delivered,Standard,Website,,4,4
32367964,319377,2025-07-11,Sports,Yoga Mat,2,37.31,6,74.62,5.9,14.03,90.07,Bank Transfer,Delivered,Standard,Website,SAVE15,4,5
34361487,913479,2025-08-05,Fashion,Cotton Hoodie,1,70.06,30,70.06,5.9,9.81,64.75,PayPal,Delivered,Standard,Website,,2,5
74461701,871400,2024-08-07,Home & Kitchen,Cookware Set,4,165.31,17,661.24,0.0,109.77,658.6,Credit Card,Delivered,Standard,Mobile App,WELCOME10,4,5
22042493,594646,2025-06-26,Home & Kitchen,Desk Lamp,2,46.05,0,92.1,5.9,18.42,116.42,Credit Card,Delivered,Standard,Website,,5,5
19332908,657545,2024-04-29,Beauty,Electric Toothbrush,2,82.24,2,164.48,12.9,32.24,206.33,Credit Card,Delivered,Express,Mobile App,,3,4
33206913,225761,2024-10-06,Fashion,Backpack,1,73.83,14,73.83,12.9,12.7,89.09,Credit Card,Returned,Express,Website,,3,
31271841,871400,2025-12-05,Fashion,Winter Jacket,1,189.46,21,189.46,12.9,29.93,192.5,Google Pay,Delivered,Express,Website,,1,4
16369162,385226,2024-09-22,Home & Kitchen,Blender,2,87.47,2,174.94,0.0,34.29,205.73,Bank Transfer,Delivered,Standard,Website,SAVE15,3,5
24946498,874848,2025-04-12,Books & Office,Monitor Stand,2,48.96,20,97.92,12.9,15.67,106.91,Credit Card,Delayed,Express,Website,,4,5
36654071,906510,2024-07-15,Sports,Yoga Mat,2,42.71,14,85.42,5.9,5.66,85.02,Credit Card,Delivered,Standard,Mobile App,VIP20,6,4
49804741,152133,2025-09-09,Fashion,Classic Jeans,1,74.36,10,74.36,5.9,13.38,86.2,Credit Card,Delivered,Standard,Website,,4,3
77766897,888237,2025-11-21,Fashion,Backpack,1,77.07,16,77.07,5.9,12.95,83.59,Credit Card,Delivered,Standard,Mobile App,,4,5
92011909,746011,2024-12-30,Electronics,USB-C Hub,2,47.53,14,95.06,12.9,16.35,111.0,Google Pay,Delivered,Express,Website,,3,4
50892634,531269,2025-06-26,Fashion,Cotton Hoodie,2,61.68,9,123.36,0.0,22.45,134.71,PayPal,Delivered,Standard,Marketplace,WELCOME10,5,4
39100966,104428,2025-11-03,Electronics,Wireless Headphones,3,74.51,11,223.53,0.0,39.79,238.73,Credit Card,Returned,Standard,Mobile App,WELCOME10,3,
70416411,467610,2025-12-11,Home & Kitchen,Coffee Maker,3,85.99,16,257.97,0.0,32.5,249.19,Credit Card,Delivered,Standard,Website,WELCOME10,4,4
62324975,130614,2025-12-13,Fashion,Winter Jacket,1,176.59,6,176.59,0.0,33.2,199.19,Credit Card,Delivered,Pickup,Website,WELCOME10,1,
51630774,684041,2025-11-10,Beauty,Perfume,5,108.58,4,542.9,0.0,104.24,625.42,Credit Card,Delivered,Standard,Marketplace,VIP20,6,5
97475380,791189,2025-12-28,Electronics,Bluetooth Speaker,1,58.31,24,58.31,5.9,8.86,59.08,PayPal,Delivered,Standard,Mobile App,,4,4
91538774,401774,2025-12-06,Sports,Cycling Helmet,1,73.96,4,73.96,5.9,14.2,91.1,PayPal,Delivered,Standard,Marketplace,,2,5
72868424,249557,2025-08-24,Sports,Yoga Mat,1,35.93,10,35.93,5.9,6.47,44.71,Credit Card,Delivered,Standard,Mobile App,,5,5
42853180,319377,2024-10-02,Electronics,Smart Watch,1,179.93,14,179.93,0.0,30.95,185.69,Google Pay,Delivered,Standard,Mobile App,,5,5
89201489,358151,2025-11-15,Electronics,USB-C Hub,1,50.68,23,50.68,0.0,7.8,46.82,Credit Card,Delivered,Pickup,Mobile App,SAVE15,1,4
89005678,912428,2025-11-04,Electronics,Mechanical Keyboard,1,98.71,23,98.71,12.9,15.2,104.11,Credit Card,Delivered,Express,Mobile App,,2,5
45518864,935758,2025-08-04,Books & Office,Monitor Stand,3,53.7,29,161.1,0.0,22.88,137.26,PayPal,Delivered,Standard,Website,,3,5
26810726,920139,2025-09-13,Fashion,Winter Jacket,1,201.96,10,201.96,12.9,36.35,231.01,Credit Card,Delivered,Express,Marketplace,VIP20,1,3
58814371,909205,2025-11-20,Sports,Cycling Helmet,1,72.51,9,72.51,5.9,13.2,85.08,Google Pay,Delivered,Standard,Mobile App,VIP20,5,5
85394816,990675,2025-09-03,Home & Kitchen,Cookware Set,2,153.56,15,307.12,0.0,52.21,313.26,Credit Card,Delivered,Standard,Mobile App,VIP20,2,5
36975167,657571,2025-08-30,Electronics,Smart Watch,1,154.58,17,154.58,0.0,25.66,153.96,Google Pay,Delivered,Standard,Marketplace,SAVE15,4,5
83825137,105502,2025-11-01,Fashion,Backpack,1,76.66,6,76.66,12.9,14.41,99.37,Apple Pay,Delivered,Express,Website,,1,4
69202890,463147,2025-10-01,Sports,Resistance Bands,1,31.72,25,31.72,5.9,4.76,34.45,Credit Card,Delivered,Standard,Mobile App,,4,4
61953447,889635,2025-03-15,Home & Kitchen,Blender,2,67.51,12,135.02,12.9,23.76,155.48,Google Pay,Delivered,Express,Website,,1,4
51534607,385698,2025-09-22,Books & Office,Monitor Stand,2,42.58,12,85.16,5.9,5.77,86.61,Apple Pay,Delayed,Standard,Mobile App,,5,3
45841942,302694,2025-04-27,Home & Kitchen,Coffee Maker,3,102.7,10,308.1,0.0,55.46,332.75,Apple Pay,Delivered,Standard,Website,,4,4
91024549,100813,2025-08-03,Electronics,Mechanical Keyboard,1,94.8,0,94.8,5.9,18.96,119.66,Credit Card,Delivered,Standard,Mobile App,,6,4
68555211,751566,2025-12-20,Books & Office,Ergonomic Mouse,1,55.52,6,55.52,5.9,10.44,68.53,PayPal,Delivered,Standard,Mobile App,SAVE15,5,4
81140881,791189,2025-12-30,Electronics,USB-C Hub,2,49.0,14,98.0,0.0,16.86,101.14,Bank Transfer,Delivered,Pickup,Mobile App,SAVE15,2,4
65511408,837252,2025-04-02,Books & Office,Ergonomic Mouse,2,57.98,20,115.96,5.9,7.14,105.81,Apple Pay,Delivered,Standard,Website,VIP20,5,4
36573275,511732,2024-11-26,Books & Office,Office Chair,1,217.72,16,217.72,0.0,36.58,219.46,,Delivered,Standard,Mobile App,,5,4
31338637,851397,2024-12-24,Fashion,Backpack,1,77.23,26,77.23,12.9,4.4,74.45,Google Pay,Delivered,Express,Website,VIP20,1,5
35514315,866265,2024-12-14,Books & Office,Ergonomic Mouse,1,57.38,16,57.38,12.9,9.64,70.74,Credit Card,Delivered,Express,Website,,3,4
25402546,974572,2025-09-12,Fashion,Winter Jacket,1,189.33,0,189.33,0.0,37.87,227.2,PayPal,Delivered,Pickup,Marketplace,,1,4
72479856,667474,2024-07-17,Electronics,Mechanical Keyboard,1,122.15,12,122.15,12.9,21.5,141.89,Google Pay,Delivered,Express,Website,WELCOME10,2,4
15450004,520836,2025-10-28,Books & Office,Office Chair,1,194.13,10,194.13,0.0,34.94,209.66,Credit Card,Delivered,Pickup,Website,SAVE15,1,5
67432929,478316,2025-12-02,Books & Office,Monitor Stand,1,49.33,19,49.33,5.9,7.99,53.85,,Delayed,Standard,Website,,8,3
31045226,934753,2025-05-04,Sports,Cycling Helmet,3,67.47,2,202.41,12.9,39.67,250.93,PayPal,Delivered,Express,Marketplace,,2,4
78898520,433309,2025-12-29,Beauty,Hair Dryer,2,63.75,9,127.5,0.0,23.21,139.24,Credit Card,Delivered,Pickup,Marketplace,FREESHIP,2,4
19924433,167359,2024-07-14,Fashion,Running Shoes,1,105.72,21,105.72,5.9,16.7,106.12,PayPal,Delivered,Standard,Website,FREESHIP,6,4
88023638,272038,2025-01-02,Electronics,Bluetooth Speaker,1,71.66,22,71.66,12.9,11.18,79.97,Bank Transfer,Delivered,Express,Mobile App,VIP20,1,4
96539685,883140,2025-09-13,Beauty,Perfume,1,85.05,22,85.05,0.0,13.27,79.61,PayPal,Delivered,Pickup,Mobile App,,1,4
51061541,719528,2024-10-09,Sports,Yoga Mat,3,37.49,27,112.47,5.9,16.42,104.42,Credit Card,Delivered,Standard,Mobile App,,7,4
50844972,249796,2025-01-02,Home & Kitchen,Air Fryer,2,131.33,7,262.66,0.0,48.85,293.12,Credit Card,Delivered,Pickup,Mobile App,WELCOME10,1,4
49760897,232347,2025-02-02,Electronics,Bluetooth Speaker,3,68.63,29,205.89,12.9,29.24,188.32,Credit Card,Delivered,Express,Website,FREESHIP,1,4
66186734,110649,2025-12-16,Home & Kitchen,Coffee Maker,2,90.86,29,181.72,0.0,9.93,138.95,Apple Pay,Delivered,Standard,Mobile App,VIP20,4,5
11696984,135253,2024-11-13,Home & Kitchen,Blender,1,71.09,29,71.09,5.9,10.09,66.46,Apple Pay,Delivered,Standard,Website,VIP20,2,5
21682794,727033,2025-12-28,Electronics,Wireless Headphones,2,96.22,6,192.44,0.0,36.18,217.07,Google Pay,Delayed,Standard,Mobile App,FREESHIP,8,2
85623551,767194,2025-09-14,Home & Kitchen,Blender,1,82.62,0,82.62,0.0,12.39,95.01,Credit Card,Delivered,Pickup,Website,,1,5
81328574,474664,2024-11-17,Electronics,Wireless Headphones,1,86.04,19,86.04,12.9,13.94,96.53,Credit Card,Delivered,Express,Marketplace,VIP20,3,3
36287857,441490,2025-11-03,Home & Kitchen,Air Fryer,1,123.3,11,123.3,0.0,21.95,131.69,Google Pay,Delivered,Standard,Mobile App,WELCOME10,5,5
36192447,866265,2025-05-24,Sports,Resistance Bands,2,32.56,2,65.12,5.9,12.76,82.48,Credit Card,Delivered,Standard,Mobile App,,5,4
77647300,799352,2025-11-28,Fashion,Cotton Hoodie,1,68.53,4,68.53,5.9,13.16,84.85,Credit Card,Delivered,Standard,Mobile App,SAVE15,5,5
58463153,232146,2024-08-16,Beauty,Electric Toothbrush,1,80.73,2,80.73,12.9,15.82,107.84,Google Pay,Delivered,Express,Mobile App,,1,4
55714053,796464,2025-10-11,Sports,Yoga Mat,1,34.16,27,34.16,5.9,3.74,34.58,Credit Card,Delivered,Standard,Website,,6,4
12390767,497108,2025-06-22,Beauty,Hair Dryer,5,64.18,0,320.9,0.0,64.18,385.08,PayPal,Delivered,Standard,Website,,4,5
77580613,211051,2025-12-21,Books & Office,Monitor Stand,1,52.69,4,52.69,0.0,10.12,60.7,PayPal,Delivered,Pickup,Website,VIP20,1,5
42537632,178261,2025-09-26,Sports,Fitness Tracker,2,91.58,22,183.16,0.0,28.57,171.43,Credit Card,Delayed,Standard,Website,FREESHIP,8,2
49664452,374293,2025-11-18,Fashion,Cotton Hoodie,1,64.97,24,64.97,5.9,9.88,65.16,PayPal,Delivered,Standard,Mobile App,SAVE15,4,4
78040566,433309,2025-12-21,Sports,Resistance Bands,1,28.79,4,28.79,5.9,5.53,39.07,Bank Transfer,Delivered,Standard,Marketplace,,7,5
37513127,726063,2025-10-24,Books & Office,Ergonomic Mouse,1,62.56,7,62.56,5.9,11.64,75.72,Credit Card,Delayed,Standard,Mobile App,SAVE15,7,1
67470903,681133,2025-03-06,Books & Office,Ergonomic Mouse,1,52.16,2,52.16,5.9,7.67,64.69,Credit Card,Delivered,Standard,Marketplace,VIP20,4,4
75569544,516655,2025-04-03,Books & Office,Ergonomic Mouse,1,53.91,5,53.91,5.9,10.24,67.35,PayPal,Delivered,Standard,Website,,5,4
14526142,185948,2025-01-22,Fashion,Classic Jeans,1,74.67,9,74.67,12.9,13.59,94.44,Credit Card,Delivered,Express,Website,FREESHIP,2,5
72141892,915937,2025-12-12,Sports,Cycling Helmet,1,66.4,6,66.4,12.9,12.48,87.8,Apple Pay,Delivered,Express,Website,VIP20,2,5
88262535,731524,2025-01-14,Beauty,Makeup Kit,1,50.92,4,50.92,5.9,9.78,64.56,Credit Card,Delivered,Standard,Marketplace,,3,5
54433187,694107,2025-09-24,Fashion,Winter Jacket,1,200.55,7,200.55,12.9,37.3,236.71,PayPal,Delivered,Express,Website,SAVE15,2,5
62493669,726493,2025-09-07,Electronics,Mechanical Keyboard,1,113.67,2,113.67,12.9,8.58,132.88,PayPal,Delivered,Express,Website,,1,5
80543153,853843,2025-02-27,Home & Kitchen,Desk Lamp,1,38.62,12,38.62,5.9,6.8,46.69,Credit Card,Delivered,Standard,Website,,5,4
23305519,481329,2025-11-23,Home & Kitchen,Coffee Maker,2,82.33,6,164.66,0.0,30.96,185.74,Apple Pay,Delivered,Standard,Mobile App,VIP20,3,3
36211101,662520,2025-12-28,Beauty,Perfume,2,88.11,35,176.22,0.0,22.91,137.45,Credit Card,Returned,Standard,Marketplace,,4,
41596464,839525,2025-09-23,Beauty,Perfume,1,106.03,2,106.03,5.9,20.78,130.59,Credit Card,Delivered,Standard,Website,SAVE15,5,3
66541395,801451,2025-12-30,Electronics,Mechanical Keyboard,1,92.73,24,92.73,5.9,10.57,86.94,Credit Card,Delivered,Standard,Website,WELCOME10,5,4
97891441,572736,2025-04-27,Electronics,USB-C Hub,1,46.93,12,46.93,5.9,8.26,55.46,Google Pay,Delayed,Standard,Website,WELCOME10,8,3
83991313,131819,2025-09-27,Books & Office,Monitor Stand,1,50.61,2,50.61,0.0,9.92,59.52,Bank Transfer,Delivered,Pickup,Website,SAVE15,1,4
40905777,738362,2025-11-17,Beauty,Hair Dryer,3,60.97,24,182.91,0.0,27.8,166.81,Credit Card,Returned,Pickup,Website,,2,
52669059,578279,2025-08-26,Books & Office,Data Analytics Book,2,41.38,12,82.76,5.9,14.57,93.3,Google Pay,Delivered,Standard,Website,FREESHIP,4,5
41247148,807947,2025-04-20,Electronics,Smart Watch,3,143.37,30,430.11,0.0,45.16,346.24,Bank Transfer,Delivered,Standard,Marketplace,,5,5
43600144,599849,2025-12-29,Books & Office,Notebook Set,1,28.96,14,28.96,5.9,4.98,35.79,Credit Card,Delivered,Standard,Mobile App,FREESHIP,4,4
36274213,481750,2025-11-05,Electronics,Mechanical Keyboard,3,91.24,4,273.72,12.9,52.55,328.22,PayPal,Delivered,Express,Mobile App,WELCOME10,2,3
46245969,224914,2025-12-13,Fashion,Cotton Hoodie,1,62.19,14,62.19,12.9,10.7,77.08,Credit Card,Delivered,Express,Mobile App,SAVE15,1,4
23808968,412752,2025-12-09,Fashion,Cotton Hoodie,1,65.24,14,65.24,5.9,11.22,73.23,Bank Transfer,Delivered,Standard,Marketplace,VIP20,4,5
76072747,874848,2025-03-07,Beauty,Makeup Kit,1,53.66,5,53.66,12.9,10.2,74.08,Google Pay,Delivered,Express,Website,FREESHIP,1,5
95531355,990675,2025-02-07,Electronics,Bluetooth Speaker,2,65.76,0,131.52,0.0,26.3,157.82,Google Pay,Delayed,Standard,Website,,6,4
45027068,303225,2025-08-25,Sports,Resistance Bands,2,34.45,5,68.9,0.0,13.09,78.55,Credit Card,Delivered,Pickup,Mobile App,,1,4
20752252,923517,2025-07-01,Electronics,USB-C Hub,1,42.66,4,42.66,5.9,8.19,55.04,Credit Card,Delivered,Standard,Mobile App,FREESHIP,5,5
41330774,704010,2025-10-24,Sports,Yoga Mat,1,36.82,20,36.82,5.9,5.89,41.25,Credit Card,Delayed,Standard,Website,,8,3
17628122,412096,2025-09-08,Sports,Dumbbell Set,1,113.76,0,113.76,5.9,22.75,142.41,Google Pay,Delayed,Standard,Website,,10,3
74195725,527499,2024-08-08,Fashion,Cotton Hoodie,3,54.29,20,162.87,0.0,26.06,156.36,PayPal,Delivered,Standard,Mobile App,,3,5
29740421,958235,2025-04-26,Fashion,Running Shoes,2,111.14,2,222.28,0.0,43.57,261.4,Credit Card,Delivered,Standard,Mobile App,FREESHIP,7,4
92499455,633555,2025-01-12,Electronics,Mechanical Keyboard,3,106.45,22,319.35,0.0,49.82,298.91,Credit Card,Delivered,Pickup,Mobile App,,2,4
28637019,102567,2025-07-31,Electronics,Smart Watch,1,157.91,2,157.91,0.0,30.95,185.7,PayPal,Delivered,Pickup,Website,WELCOME10,1,5
38875870,968899,2024-11-25,Electronics,Mechanical Keyboard,2,87.26,4,174.52,0.0,25.13,0.0,Google Pay,Cancelled,Pickup,Website,VIP20,,
18930663,547877,2024-02-10,Electronics,Smart Watch,1,128.8,32,128.8,12.9,17.52,118.0,Credit Card,Delivered,Express,Mobile App,SAVE15,2,3
62595085,565703,2025-08-01,Sports,Cycling Helmet,1,75.23,5,75.23,5.9,14.29,91.66,Credit Card,Delivered,Standard,Mobile App,SAVE15,4,4
32340246,552681,2025-05-12,Fashion,Backpack,1,78.65,10,78.65,5.9,5.45,82.13,Apple Pay,Delayed,Standard,Mobile App,VIP20,7,2
62169778,874355,2025-04-21,Beauty,Perfume,2,81.84,0,163.68,12.9,32.74,209.32,Credit Card,Delivered,Express,Website,,2,4
13807006,801451,2025-12-22,Sports,Fitness Tracker,2,97.53,14,195.06,0.0,25.16,192.91,PayPal,Delivered,Standard,Marketplace,,5,4
31817342,866265,2025-04-12,Beauty,Makeup Kit,1,56.26,2,56.26,5.9,11.03,72.06,Apple Pay,Delivered,Standard,Marketplace,,5,3
56485176,656035,2024-12-27,Books & Office,Office Chair,1,202.09,29,202.09,0.0,28.7,172.18,Credit Card,Delivered,Standard,Marketplace,SAVE15,3,4
71251492,842218,2025-04-19,Electronics,USB-C Hub,1,46.82,5,46.82,5.9,8.9,59.28,Apple Pay,Delivered,Standard,Mobile App,WELCOME10,3,4
68356758,523660,2025-03-04,Electronics,USB-C Hub,2,41.26,32,82.52,5.9,11.22,73.23,Google Pay,Delayed,Standard,Website,,7,3
57102377,729914,2025-11-23,Books & Office,Office Chair,1,195.2,24,195.2,0.0,29.67,178.02,Credit Card,Delivered,Standard,Mobile App,,5,5
96964193,410199,2025-10-17,Electronics,Smart Watch,1,140.24,30,140.24,0.0,19.63,117.8,PayPal,Delivered,Pickup,Website,,1,3
63821752,611790,2025-08-24,Home & Kitchen,Cookware Set,1,168.36,7,168.36,0.0,31.31,187.88,,Returned,Standard,Website,,5,
58749860,479084,2025-11-25,Beauty,Hair Dryer,1,56.22,14,56.22,5.9,9.67,63.92,Credit Card,Delivered,Standard,Website,VIP20,4,4
87306791,857434,2025-05-03,Home & Kitchen,Cookware Set,1,140.02,12,140.02,0.0,24.64,147.86,PayPal,Delivered,Standard,Mobile App,,5,5
14656868,141122,2024-12-29,Home & Kitchen,Blender,1,73.47,29,73.47,12.9,10.43,75.49,Credit Card,Delivered,Express,Mobile App,FREESHIP,1,4
41997000,782891,2024-11-11,Electronics,Mechanical Keyboard,3,83.57,31,250.71,0.0,34.6,207.59,Credit Card,Delivered,Pickup,Marketplace,,1,4
19544000,942793,2025-10-23,Home & Kitchen,Coffee Maker,2,94.16,0,188.32,0.0,37.66,0.0,PayPal,Cancelled,Standard,Mobile App,,,
56577807,985158,2025-09-23,Home & Kitchen,Desk Lamp,1,47.07,2,47.07,5.9,9.23,61.26,Apple Pay,Delivered,Standard,Mobile App,SAVE15,4,4
75977342,871400,2024-06-16,Electronics,Bluetooth Speaker,2,72.8,22,145.6,0.0,22.71,136.28,Credit Card,Delayed,Standard,Marketplace,,7,3
84420187,900924,2025-04-11,Fashion,Classic Jeans,1,74.11,10,74.11,5.9,13.34,85.94,PayPal,Delivered,Standard,Website,WELCOME10,5,4
68238197,416349,2024-12-20,Beauty,Makeup Kit,1,57.93,4,57.93,5.9,11.12,72.63,Credit Card,Delivered,Standard,Website,VIP20,3,4
16346067,287149,2025-09-23,Books & Office,Notebook Set,2,24.03,12,48.06,5.9,8.46,56.65,Credit Card,Delivered,Standard,Website,VIP20,4,4
17312027,225761,2025-04-30,Beauty,Makeup Kit,2,58.53,4,117.06,5.9,22.48,140.76,Credit Card,Delivered,Standard,Website,VIP20,3,5
24921074,990930,2025-12-28,Electronics,Wireless Headphones,2,96.58,9,193.16,12.9,35.16,223.84,PayPal,Delivered,Express,Website,,1,5
17557910,627996,2025-01-14,Fashion,Backpack,2,80.58,29,161.16,0.0,17.16,131.58,,Delivered,Pickup,Website,,1,4
80617327,871400,2024-08-19,Beauty,Electric Toothbrush,1,77.88,7,77.88,12.9,14.49,99.82,Google Pay,Delivered,Express,Mobile App,,1,4
98515169,782891,2025-08-27,Books & Office,Monitor Stand,2,43.7,7,87.4,5.9,16.26,103.44,PayPal,Delivered,Standard,Mobile App,WELCOME10,6,3
20971615,577111,2025-05-27,Sports,Fitness Tracker,2,96.57,12,193.14,0.0,33.99,203.95,Bank Transfer,Delivered,Standard,Marketplace,WELCOME10,9,5
51492754,100813,2025-07-04,Home & Kitchen,Air Fryer,1,136.14,22,136.14,12.9,21.24,140.33,Credit Card,Delivered,Express,Website,,4,4
75868365,357048,2025-11-21,Books & Office,Office Chair,1,206.88,8,206.88,0.0,38.07,228.4,Credit Card,Delivered,Standard,Mobile App,VIP20,5,4
33182193,648698,2024-04-25,Electronics,Bluetooth Speaker,1,59.8,15,59.8,5.9,7.62,64.35,Apple Pay,Delivered,Standard,Mobile App,SAVE15,5,4
98692062,363814,2024-09-01,Electronics,USB-C Hub,1,44.32,29,44.32,12.9,6.29,50.66,Apple Pay,Delivered,Express,Mobile App,FREESHIP,4,4
51919794,618294,2025-08-12,Electronics,USB-C Hub,1,42.18,22,42.18,0.0,6.58,39.48,Bank Transfer,Delivered,Pickup,Mobile App,WELCOME10,3,3
54251577,385304,2024-08-22,Home & Kitchen,Air Fryer,2,108.61,27,217.22,0.0,31.71,190.28,Google Pay,Delivered,Standard,Marketplace,,2,4
15765043,953413,2024-02-06,Fashion,Cotton Hoodie,1,60.62,19,60.62,0.0,9.82,58.92,Credit Card,Delivered,Pickup,Mobile App,FREESHIP,1,5
13826685,648698,2024-09-13,Sports,Yoga Mat,2,37.54,0,75.08,0.0,11.26,86.34,Bank Transfer,Delivered,Pickup,Mobile App,,1,5
76739976,921568,2025-04-21,Books & Office,Ergonomic Mouse,1,50.69,14,50.69,5.9,8.72,0.0,Apple Pay,Cancelled,Standard,Mobile App,VIP20,,
95669543,646360,2025-06-24,Books & Office,Notebook Set,2,25.6,10,51.2,12.9,9.22,68.2,Credit Card,Delivered,Express,Website,,3,4
53092300,703633,2025-07-26,Electronics,Mechanical Keyboard,1,96.33,2,96.33,5.9,18.88,119.18,PayPal,Returned,Standard,Mobile App,,5,
98591034,178261,2025-12-23,Fashion,Running Shoes,3,103.52,6,310.56,12.9,58.39,363.22,Google Pay,Delivered,Express,Website,SAVE15,1,
69075921,760293,2025-10-27,Beauty,Hair Dryer,1,62.51,19,62.51,5.9,10.13,66.66,Credit Card,Delivered,Standard,Marketplace,,6,5
70940139,244304,2025-12-08,Home & Kitchen,Coffee Maker,1,83.04,14,83.04,5.9,14.28,91.59,Bank Transfer,Delivered,Standard,Mobile App,VIP20,4,5
42321392,215222,2024-10-23,Sports,Cycling Helmet,1,73.97,9,73.97,12.9,13.46,0.0,Apple Pay,Cancelled,Express,Mobile App,,,
40924132,950545,2025-01-07,Home & Kitchen,Blender,1,82.46,22,82.46,0.0,12.86,77.18,Apple Pay,Delivered,Pickup,Mobile App,FREESHIP,2,4
30369460,771111,2025-09-02,Books & Office,Monitor Stand,1,43.92,2,43.92,5.9,8.61,57.55,PayPal,Delivered,Standard,Mobile App,,5,4
48981949,974572,2025-07-30,Fashion,Cotton Hoodie,1,60.22,7,60.22,12.9,11.2,80.1,Credit Card,Delivered,Express,Mobile App,,2,3
84807522,657545,2025-05-19,Electronics,Bluetooth Speaker,1,72.32,22,72.32,5.9,11.28,73.59,Apple Pay,Delayed,Standard,Website,SAVE15,8,2
51263797,252615,2025-09-17,Home & Kitchen,Coffee Maker,1,84.51,0,84.51,12.9,6.51,103.92,PayPal,Delayed,Express,Mobile App,,5,2
35081690,871400,2024-01-29,Home & Kitchen,Desk Lamp,2,51.26,14,102.52,5.9,17.63,111.7,PayPal,Delivered,Standard,Mobile App,FREESHIP,3,5
97165227,457655,2025-07-12,Books & Office,Monitor Stand,3,44.55,12,133.65,12.9,23.52,154.03,Credit Card,Delivered,Express,Mobile App,WELCOME10,1,4
27988505,900924,2024-10-29,Home & Kitchen,Cookware Set,2,171.47,15,342.94,12.9,58.3,362.7,Apple Pay,Returned,Express,Website,,2,
73374816,771111,2025-10-27,Fashion,Cotton Hoodie,2,59.44,7,118.88,5.9,22.11,138.57,PayPal,Delivered,Standard,Website,FREESHIP,5,4
69823781,357048,2025-10-05,Fashion,Running Shoes,1,118.12,4,118.12,12.9,22.68,148.98,Credit Card,Delivered,Express,Website,WELCOME10,3,5
62357928,785908,2025-10-01,Beauty,Electric Toothbrush,1,89.1,0,89.1,5.9,17.82,0.0,Credit Card,Cancelled,Standard,Marketplace,,,
60640418,616780,2025-02-19,Electronics,Mechanical Keyboard,1,85.98,2,85.98,5.9,16.85,0.0,PayPal,Cancelled,Standard,Website,VIP20,,
41704491,287149,2025-12-13,Beauty,Electric Toothbrush,1,80.07,16,80.07,12.9,13.45,93.61,Credit Card,Delayed,Express,Mobile App,VIP20,6,
11575973,287149,2025-08-16,Books & Office,Office Chair,4,248.22,17,992.88,0.0,164.82,988.91,Credit Card,Delivered,Standard,Mobile App,SAVE15,7,4
65555828,931588,2025-10-03,Fashion,Classic Jeans,2,66.28,20,132.56,0.0,21.21,127.26,Credit Card,Delivered,Standard,Mobile App,VIP20,5,4
58677053,832849,2025-02-11,Fashion,Classic Jeans,1,64.87,29,64.87,5.9,9.21,61.17,PayPal,Returned,Standard,Mobile App,,6,
72820014,831002,2025-07-10,Electronics,Smart Watch,1,145.76,19,145.76,12.9,23.61,154.58,Credit Card,Delivered,Express,Mobile App,SAVE15,1,4
12264095,601669,2025-08-03,Home & Kitchen,Cookware Set,2,138.78,7,277.56,0.0,51.63,309.76,Credit Card,Delayed,Standard,Mobile App,,7,3
93511025,927734,2024-12-04,Fashion,Classic Jeans,1,73.01,21,73.01,0.0,11.54,69.22,Google Pay,Delivered,Pickup,Website,SAVE15,1,4
74230130,770978,2025-11-06,Books & Office,Notebook Set,1,26.17,19,26.17,0.0,4.24,25.44,Google Pay,Delivered,Pickup,Website,VIP20,1,5
77555065,991134,2024-11-18,Electronics,Bluetooth Speaker,1,69.9,4,69.9,5.9,13.42,86.42,Credit Card,Delivered,Standard,Website,,3,5
94867053,950545,2025-04-12,Sports,Fitness Tracker,2,96.59,15,193.18,12.9,32.84,209.94,Credit Card,Delivered,Express,Mobile App,,1,4
11505471,719528,2025-03-01,Electronics,Smart Watch,1,144.25,2,144.25,0.0,28.27,169.64,Bank Transfer,Delivered,Standard,Website,,5,5
60985883,249557,2025-12-27,Sports,Fitness Tracker,2,95.41,9,190.82,0.0,34.73,0.0,Bank Transfer,Cancelled,Standard,Marketplace,VIP20,,
78922130,920398,2025-12-30,Electronics,USB-C Hub,1,46.47,9,46.47,5.9,8.46,56.65,Google Pay,Delivered,Standard,Marketplace,,5,5
42883122,951634,2024-11-19,Sports,Fitness Tracker,2,102.47,28,204.94,0.0,29.51,177.07,Google Pay,Delivered,Standard,Mobile App,FREESHIP,5,5
17372041,136522,2025-05-20,Home & Kitchen,Coffee Maker,1,91.23,27,91.23,5.9,13.32,85.82,PayPal,Delivered,Standard,Mobile App,SAVE15,5,4
32257099,551094,2025-01-29,Electronics,USB-C Hub,1,46.59,12,46.59,12.9,8.2,62.1,PayPal,Delivered,Express,Website,WELCOME10,3,3
64880996,447274,2025-07-31,Books & Office,Notebook Set,2,24.77,2,49.54,12.9,9.71,71.16,Google Pay,Delivered,Express,Marketplace,FREESHIP,3,4
38644205,178261,2025-07-29,Home & Kitchen,Blender,3,77.8,19,233.4,0.0,37.81,226.86,Google Pay,Delivered,Pickup,Mobile App,,1,4
13717580,105502,2025-11-27,Home & Kitchen,Coffee Maker,1,107.38,16,107.38,12.9,18.04,121.14,Credit Card,Delivered,Express,Mobile App,WELCOME10,1,4
53641955,334773,2025-09-10,Beauty,Makeup Kit,3,50.65,0,151.95,0.0,30.39,0.0,PayPal,Cancelled,Standard,Website,,,
53229192,240638,2025-07-20,Fashion,Running Shoes,3,113.37,12,340.11,0.0,59.86,359.16,Credit Card,Delivered,Standard,Mobile App,SAVE15,5,3
12877522,241628,2025-12-17,Sports,Fitness Tracker,1,80.68,4,80.68,5.9,11.62,94.97,Apple Pay,Delayed,Standard,Website,,8,2
68942287,900129,2025-12-31,Electronics,USB-C Hub,2,34.71,4,69.42,5.9,13.33,85.87,Bank Transfer,Delivered,Standard,Website,FREESHIP,3,4
41073334,766181,2025-11-23,Beauty,Skin Care Set,1,92.49,4,92.49,5.9,17.76,112.45,Credit Card,Delivered,Standard,Website,SAVE15,6,5
16355728,412156,2024-09-06,Electronics,Bluetooth Speaker,2,67.97,30,135.94,0.0,19.03,114.19,Credit Card,Delivered,Standard,Mobile App,,6,3
35831349,974572,2025-09-16,Home & Kitchen,Air Fryer,1,136.29,15,136.29,12.9,23.17,151.92,Credit Card,Delivered,Express,Mobile App,,3,4
75752934,746233,2025-09-07,Home & Kitchen,Blender,1,73.27,17,73.27,5.9,12.16,78.87,PayPal,Returned,Standard,Mobile App,,5,
39976328,551665,2025-08-22,Books & Office,Ergonomic Mouse,1,57.35,32,57.35,5.9,7.8,52.7,Apple Pay,Delivered,Standard,Mobile App,VIP20,6,4
89602960,791189,2025-12-31,Beauty,Electric Toothbrush,1,84.36,4,84.36,5.9,16.2,103.09,Credit Card,Delivered,Standard,Mobile App,,5,3
19312372,445004,2024-11-25,Fashion,Winter Jacket,1,143.88,35,143.88,12.9,18.7,125.12,Credit Card,Delivered,Express,Mobile App,SAVE15,4,5
75968187,801451,2025-11-27,Books & Office,Ergonomic Mouse,4,48.57,9,194.28,12.9,26.52,216.21,PayPal,Delivered,Express,Mobile App,,1,4
72092644,888237,2025-07-11,Books & Office,Data Analytics Book,1,43.47,4,43.47,5.9,8.35,55.98,Credit Card,Delivered,Standard,Mobile App,,3,5
21370046,363814,2025-12-26,Electronics,Smart Watch,2,129.78,8,259.56,0.0,47.76,286.56,Credit Card,Delivered,Standard,Mobile App,SAVE15,5,5
44157376,165857,2025-10-22,Sports,Dumbbell Set,1,125.68,2,125.68,12.9,18.48,154.55,Google Pay,Delivered,Express,Mobile App,SAVE15,1,4
95072893,249658,2025-10-03,Electronics,Mechanical Keyboard,2,105.17,5,210.34,12.9,39.96,252.68,Credit Card,Delivered,Express,Website,VIP20,2,5
48462178,879588,2025-11-07,Electronics,Mechanical Keyboard,1,98.48,24,98.48,5.9,14.97,95.71,PayPal,Delivered,Standard,Website,SAVE15,4,4
32650961,888237,2025-11-22,Electronics,Smart Watch,3,150.5,6,451.5,0.0,84.88,509.29,Credit Card,Delivered,Standard,Mobile App,,5,2
95722241,866265,2025-11-29,Beauty,Electric Toothbrush,1,82.32,6,82.32,12.9,15.48,105.76,PayPal,Delivered,Express,Website,WELCOME10,1,4
25522819,866265,2025-03-30,Electronics,Wireless Headphones,3,77.77,12,233.31,0.0,41.06,246.37,Credit Card,Delivered,Standard,Website,FREESHIP,4,4
10811101,401774,2025-12-15,Beauty,Makeup Kit,1,57.33,19,57.33,0.0,9.29,55.73,Credit Card,Delivered,Pickup,Marketplace,VIP20,1,5
24673960,391759,2024-11-08,Home & Kitchen,Desk Lamp,1,42.51,11,42.51,5.9,5.67,49.4,Bank Transfer,Delayed,Standard,Mobile App,WELCOME10,9,3
23687635,152133,2025-03-27,Electronics,USB-C Hub,1,45.69,10,45.69,5.9,8.22,55.24,PayPal,Delivered,Standard,Website,SAVE15,4,5
56298224,841695,2025-05-03,Electronics,Smart Watch,1,136.18,0,136.18,0.0,27.24,163.42,PayPal,Delivered,Standard,Mobile App,,5,5
59085058,272706,2025-07-06,Fashion,Backpack,1,78.12,2,78.12,12.9,15.31,104.77,PayPal,Delivered,Express,Mobile App,,1,4
47606465,468629,2025-12-05,Beauty,Skin Care Set,1,82.11,4,82.11,5.9,15.77,100.5,Credit Card,Delayed,Standard,Website,,7,2
63466966,648235,2024-05-11,Fashion,Classic Jeans,2,73.93,2,147.86,0.0,28.98,173.88,Credit Card,Delivered,Standard,Marketplace,SAVE15,4,4
26750282,570380,2024-05-19,Electronics,Bluetooth Speaker,1,67.42,15,67.42,5.9,11.46,74.67,Bank Transfer,Delivered,Standard,Marketplace,VIP20,4,4
44662365,878150,2025-09-18,Beauty,Skin Care Set,1,89.72,15,89.72,5.9,15.25,97.41,Credit Card,Delivered,Standard,Mobile App,SAVE15,1,5
17649394,536606,2024-12-18,Electronics,Wireless Headphones,1,90.21,9,90.21,12.9,16.42,111.41,PayPal,Returned,Express,Website,FREESHIP,1,
54896789,990071,2024-11-17,Books & Office,Data Analytics Book,1,44.06,14,44.06,5.9,7.58,51.37,Credit Card,Delivered,Standard,Marketplace,WELCOME10,4,5
93670633,287149,2025-07-28,Electronics,Mechanical Keyboard,3,87.85,24,263.55,0.0,40.06,240.36,Credit Card,Delivered,Standard,Website,,2,5
41039336,232146,2024-12-27,Home & Kitchen,Desk Lamp,1,48.58,6,48.58,5.9,9.13,60.7,Google Pay,Delivered,Standard,Mobile App,VIP20,4,4
30048364,871400,2024-02-22,Beauty,Perfume,3,80.07,12,240.21,0.0,42.28,253.66,Google Pay,Delivered,Pickup,Mobile App,,1,5
66105164,651797,2025-06-20,Fashion,Backpack,2,73.02,0,146.04,0.0,29.21,175.25,Credit Card,Delivered,Standard,Mobile App,,3,4
55451381,791789,2024-02-28,Fashion,Cotton Hoodie,1,66.37,12,66.37,12.9,11.68,82.99,PayPal,Delivered,Express,Mobile App,,1,4
20434258,422131,2025-11-07,Sports,Resistance Bands,1,30.63,4,30.63,12.9,5.88,48.18,Apple Pay,Delivered,Express,Marketplace,,2,4
36996348,801451,2025-11-24,Sports,Dumbbell Set,3,125.62,24,376.86,0.0,42.96,329.37,Credit Card,Delivered,Standard,Website,,6,4
21049440,919390,2025-08-21,Electronics,Bluetooth Speaker,1,69.46,5,69.46,5.9,13.2,85.09,PayPal,Delivered,Standard,Mobile App,WELCOME10,3,5
94288708,301022,2024-09-15,Books & Office,Ergonomic Mouse,3,54.11,5,162.33,12.9,30.84,197.95,Apple Pay,Delivered,Express,Mobile App,WELCOME10,1,5
93326498,650860,2025-08-15,Home & Kitchen,Blender,1,70.57,0,70.57,5.9,14.11,90.58,Google Pay,Delivered,Standard,Mobile App,,5,4
99557264,185948,2025-12-07,Beauty,Perfume,1,92.48,16,92.48,0.0,15.54,93.22,Bank Transfer,Delivered,Pickup,Marketplace,WELCOME10,1,5
42086288,438556,2024-06-10,Home & Kitchen,Cookware Set,1,139.19,0,139.19,0.0,27.84,167.03,Apple Pay,Delivered,Standard,Mobile App,,5,5
96720914,992612,2025-03-04,Home & Kitchen,Desk Lamp,4,49.46,14,197.84,12.9,34.03,217.07,Bank Transfer,Delivered,Express,Website,WELCOME10,1,4
34465470,152133,2025-12-18,Electronics,USB-C Hub,2,40.34,24,80.68,12.9,12.26,86.48,Bank Transfer,Delivered,Express,Mobile App,,1,4
13977669,286983,2024-09-12,Electronics,Bluetooth Speaker,1,72.98,12,72.98,5.9,12.84,82.96,Apple Pay,Delivered,Standard,Website,,5,5
38295103,888237,2025-07-04,Sports,Yoga Mat,1,39.7,9,39.7,5.9,7.23,49.26,Credit Card,Delivered,Standard,Website,SAVE15,5,5
50676130,877546,2025-10-24,Fashion,Running Shoes,1,104.49,12,104.49,0.0,18.39,110.34,Apple Pay,Delivered,Pickup,Mobile App,SAVE15,1,4
75582666,676297,2024-02-02,Sports,Cycling Helmet,1,74.29,19,74.29,12.9,4.63,77.7,Google Pay,Delivered,Express,Mobile App,FREESHIP,1,5
84724953,833845,2024-06-18,Electronics,USB-C Hub,1,44.12,14,44.12,5.9,7.59,51.43,Credit Card,Delivered,Standard,Website,VIP20,6,4
41497270,270516,2025-12-08,Books & Office,Monitor Stand,2,46.1,14,92.2,0.0,6.11,85.4,Credit Card,Delivered,Pickup,Website,SAVE15,1,4
41372041,985158,2025-04-03,Electronics,Smart Watch,3,135.87,7,407.61,0.0,75.82,454.9,Credit Card,Returned,Standard,Mobile App,FREESHIP,5,
34454575,958830,2025-09-04,Beauty,Makeup Kit,1,60.01,10,60.01,5.9,4.16,64.07,Credit Card,Delayed,Standard,Marketplace,FREESHIP,8,2
88780209,785908,2024-08-24,Fashion,Winter Jacket,1,154.26,10,154.26,12.9,27.77,179.5,Credit Card,Delivered,Express,Marketplace,,3,3
75800019,888971,2025-10-28,Fashion,Classic Jeans,2,74.25,15,148.5,0.0,18.93,145.16,PayPal,Delivered,Standard,Website,,6,4
88244426,496342,2025-04-09,Home & Kitchen,Coffee Maker,1,95.52,0,95.52,0.0,19.1,114.62,Bank Transfer,Delivered,Pickup,Marketplace,,1,3
73507111,394629,2025-03-06,Fashion,Running Shoes,1,115.4,0,115.4,12.9,23.08,151.38,Credit Card,Delivered,Express,Mobile App,,4,4
35410875,718197,2025-08-13,Books & Office,Office Chair,1,185.13,20,185.13,0.0,29.62,177.72,PayPal,Delivered,Standard,Marketplace,SAVE15,4,4
27778202,184256,2025-12-14,Sports,Fitness Tracker,1,84.5,4,84.5,5.9,16.22,103.24,Credit Card,Delivered,Standard,Mobile App,WELCOME10,4,5
74191114,523660,2025-10-15,Fashion,Running Shoes,1,109.12,7,109.12,5.9,20.3,127.68,Credit Card,Returned,Standard,Mobile App,,3,
70248057,848223,2025-05-05,Electronics,USB-C Hub,2,45.88,2,91.76,12.9,17.98,120.8,Credit Card,Delivered,Express,Mobile App,SAVE15,2,4
56514475,744782,2025-05-02,Books & Office,Notebook Set,1,24.97,0,24.97,5.9,4.99,35.86,Credit Card,Delivered,Standard,Website,,3,4
52815062,294889,2025-11-19,Home & Kitchen,Desk Lamp,2,54.13,4,108.26,12.9,8.0,124.83,Credit Card,Delivered,Express,Website,SAVE15,1,3
67740508,600680,2025-11-27,Fashion,Winter Jacket,2,197.37,16,394.74,0.0,66.32,397.9,Bank Transfer,Delivered,Standard,Website,SAVE15,5,5
53769153,662484,2024-08-20,Electronics,Wireless Headphones,1,86.69,12,86.69,5.9,15.26,97.45,PayPal,Delivered,Standard,Website,SAVE15,6,5
10720160,478691,2025-12-10,Sports,Fitness Tracker,2,89.97,4,179.94,0.0,34.55,207.29,PayPal,Delivered,Standard,Website,FREESHIP,3,4
24173044,391759,2025-03-14,Beauty,Hair Dryer,2,59.39,7,118.78,5.9,16.57,132.94,Credit Card,Delivered,Standard,Mobile App,,4,4
90279182,232146,2025-11-28,Home & Kitchen,Cookware Set,1,149.77,16,149.77,12.9,25.16,163.87,Bank Transfer,Delivered,Express,Mobile App,,3,4
22462975,522620,2024-12-09,Fashion,Backpack,1,64.55,24,64.55,12.9,3.78,65.74,PayPal,Delivered,Express,Marketplace,FREESHIP,2,4
16414394,900924,2025-12-03,Sports,Resistance Bands,1,29.62,24,29.62,0.0,4.5,27.01,Credit Card,Delivered,Pickup,Marketplace,FREESHIP,2,5
10250565,452641,2025-10-16,Fashion,Winter Jacket,1,178.88,2,178.88,0.0,35.06,210.36,Apple Pay,Delayed,Standard,Website,WELCOME10,7,3
24974968,412096,2024-11-23,Books & Office,Office Chair,2,197.69,34,395.38,0.0,52.19,313.14,PayPal,Delivered,Standard,Website,WELCOME10,1,5
94651913,633842,2024-09-19,Fashion,Cotton Hoodie,2,63.89,9,127.78,0.0,8.95,125.23,Credit Card,Delivered,Standard,Mobile App,SAVE15,4,5
79042547,136522,2025-08-29,Sports,Yoga Mat,1,38.33,32,38.33,12.9,5.21,44.17,Credit Card,Delivered,Express,Marketplace,,1,5
19094703,534490,2025-12-21,Fashion,Running Shoes,1,105.48,4,105.48,5.9,20.25,127.41,Bank Transfer,Delivered,Standard,Website,,6,4
63533449,634463,2025-09-22,Home & Kitchen,Coffee Maker,1,103.43,0,103.43,0.0,20.69,124.12,Apple Pay,Returned,Pickup,Mobile App,,1,
57362446,215222,2025-03-17,Beauty,Perfume,1,102.06,4,102.06,5.9,19.6,123.48,Credit Card,Delivered,Standard,Mobile App,FREESHIP,5,4
16381093,912428,2024-05-14,Electronics,USB-C Hub,1,39.54,4,39.54,12.9,7.59,58.45,Apple Pay,Delivered,Express,Website,,1,4
81152768,736777,2025-10-06,Electronics,USB-C Hub,1,40.61,0,40.61,5.9,8.12,54.63,PayPal,Delivered,Standard,Website,,2,5
74083475,657545,2024-05-07,Beauty,Makeup Kit,1,58.35,17,58.35,0.0,9.69,58.12,Credit Card,Delivered,Pickup,Website,,1,4
67698096,225018,2024-10-10,Beauty,Perfume,1,104.43,5,104.43,12.9,19.84,131.95,PayPal,Delivered,Express,Mobile App,WELCOME10,1,5
32552693,848223,2025-08-29,Sports,Resistance Bands,1,28.38,17,28.38,0.0,4.71,28.27,PayPal,Delayed,Pickup,Website,WELCOME10,3,3
15586311,596169,2025-12-22,Fashion,Classic Jeans,1,61.26,4,61.26,12.9,11.76,83.47,Credit Card,Delivered,Express,Mobile App,,1,3
19580573,247992,2024-06-03,Home & Kitchen,Desk Lamp,1,45.14,0,45.14,12.9,9.03,67.07,Credit Card,Delivered,Express,Mobile App,,2,4
46302584,782891,2025-05-22,Books & Office,Ergonomic Mouse,2,54.43,12,108.86,12.9,19.16,127.86,Google Pay,Delivered,Express,Mobile App,,4,5
89104440,215222,2025-04-09,Beauty,Makeup Kit,1,64.07,9,64.07,5.9,11.66,75.86,Credit Card,Delivered,Standard,Website,,4,4
73430119,877546,2025-10-28,Books & Office,Monitor Stand,1,48.98,2,48.98,5.9,9.6,63.5,Credit Card,Delivered,Standard,Website,,6,5
54191564,888237,2024-10-23,Sports,Resistance Bands,1,30.78,22,30.78,5.9,4.8,34.71,PayPal,Delivered,Standard,Mobile App,,6,4
92131592,478691,2025-11-04,Fashion,Classic Jeans,2,64.45,24,128.9,0.0,19.59,117.55,Apple Pay,Delivered,Pickup,Mobile App,,2,4
91377318,343698,2025-01-02,Fashion,Cotton Hoodie,1,65.0,7,65.0,12.9,12.09,85.44,Credit Card,Delivered,Express,Mobile App,FREESHIP,2,4
20798813,799352,2025-08-23,Sports,Fitness Tracker,1,87.33,10,87.33,12.9,15.72,107.22,Google Pay,Delivered,Express,Marketplace,WELCOME10,1,4
92271226,935758,2025-09-18,Electronics,Bluetooth Speaker,3,65.15,9,195.45,0.0,35.57,213.43,PayPal,Delivered,Standard,Website,SAVE15,5,4
23118715,451365,2025-06-01,Beauty,Electric Toothbrush,2,88.49,15,176.98,0.0,30.09,0.0,Credit Card,Cancelled,Standard,Website,,,
16270922,614194,2025-12-22,Electronics,Wireless Headphones,2,89.69,19,179.38,0.0,21.8,167.1,PayPal,Delivered,Standard,Mobile App,SAVE15,6,4
25452997,785908,2025-12-04,Beauty,Perfume,1,86.15,19,86.15,5.9,13.96,89.64,PayPal,Delivered,Standard,Mobile App,,4,5
69103120,658396,2025-10-12,Fashion,Backpack,1,68.91,0,68.91,0.0,13.78,82.69,Google Pay,Delivered,Pickup,Website,,1,5
13213019,791897,2025-11-16,Fashion,Backpack,1,72.01,14,72.01,5.9,4.77,72.6,Apple Pay,Delivered,Standard,Mobile App,WELCOME10,5,5
21647134,419246,2025-09-08,Fashion,Running Shoes,1,106.36,15,106.36,5.9,18.08,114.39,Google Pay,Delayed,Standard,Mobile App,SAVE15,7,3
27547476,879588,2025-10-30,Electronics,USB-C Hub,3,51.92,20,155.76,0.0,24.92,149.53,PayPal,Delivered,Standard,Website,,6,4
60871362,415785,2025-11-19,Home & Kitchen,Desk Lamp,1,42.94,14,42.94,5.9,7.39,50.22,PayPal,Delivered,Standard,Marketplace,WELCOME10,5,5
88905918,362615,2024-08-25,Fashion,Running Shoes,1,116.11,20,116.11,5.9,18.58,117.37,Bank Transfer,Delivered,Standard,Website,SAVE15,7,4
69496801,620936,2024-09-08,Electronics,USB-C Hub,2,46.92,2,93.84,12.9,18.39,123.25,PayPal,Delivered,Express,Mobile App,,1,5
65458830,262520,2025-12-12,Fashion,Classic Jeans,1,76.0,4,76.0,12.9,14.59,0.0,Credit Card,Cancelled,Express,Website,,,
29323854,600680,2025-11-16,Home & Kitchen,Coffee Maker,2,89.37,6,178.74,0.0,33.6,201.62,Credit Card,Delivered,Pickup,Mobile App,,1,5
20236313,719528,2025-07-18,Electronics,Mechanical Keyboard,1,89.86,19,89.86,5.9,14.56,93.25,Bank Transfer,Delivered,Standard,Website,FREESHIP,4,4
67078564,100813,2025-09-12,Home & Kitchen,Air Fryer,1,129.52,0,129.52,0.0,25.9,155.42,Apple Pay,Delivered,Standard,Website,,3,5
91126294,467610,2025-04-03,Sports,Yoga Mat,2,35.9,2,71.8,12.9,10.55,93.81,Credit Card,Delivered,Express,Mobile App,VIP20,1,5
43202111,617166,2025-02-26,Fashion,Winter Jacket,1,178.2,25,178.2,12.9,26.73,173.28,Credit Card,Delivered,Express,Mobile App,,2,5
88831325,344218,2025-11-06,Fashion,Running Shoes,4,107.22,4,428.88,0.0,31.7,443.42,Credit Card,Delivered,Standard,Website,WELCOME10,3,3
57834870,676297,2024-06-06,Home & Kitchen,Cookware Set,1,143.82,9,143.82,0.0,10.08,140.96,Apple Pay,Delivered,Standard,Mobile App,,4,4
25093926,422131,2025-10-19,Electronics,USB-C Hub,3,41.86,0,125.58,0.0,25.12,150.7,Credit Card,Delivered,Standard,Website,,6,5
36269374,253129,2025-11-22,Fashion,Winter Jacket,1,180.44,24,180.44,0.0,10.56,147.69,Credit Card,Returned,Standard,Mobile App,FREESHIP,6,
21591323,481750,2025-12-03,Electronics,Wireless Headphones,1,87.62,4,87.62,0.0,16.82,100.94,Google Pay,Delivered,Pickup,Website,SAVE15,1,5
16097567,283269,2024-12-23,Electronics,Smart Watch,2,144.52,33,289.04,0.0,14.91,208.57,Credit Card,Delivered,Standard,Website,FREESHIP,4,4
41005602,349706,2025-02-17,Sports,Resistance Bands,1,33.5,10,33.5,0.0,6.03,36.18,Credit Card,Delivered,Pickup,Website,,1,4
43216785,949242,2025-12-26,Home & Kitchen,Desk Lamp,2,47.31,14,94.62,12.9,16.27,110.54,Google Pay,Delivered,Express,Website,VIP20,5,4
65857702,913479,2024-06-09,Electronics,Bluetooth Speaker,1,67.22,0,67.22,5.9,13.44,86.56,Bank Transfer,Delivered,Standard,Website,,3,5
79858671,215222,2024-04-24,Electronics,Bluetooth Speaker,1,58.79,14,58.79,12.9,10.11,73.57,Google Pay,Delivered,Express,Marketplace,FREESHIP,1,5
32678905,147730,2025-05-29,Electronics,Smart Watch,4,119.16,0,476.64,0.0,95.33,571.97,Credit Card,Delivered,Standard,Mobile App,,4,3
98505156,694215,2025-12-25,Fashion,Classic Jeans,1,70.86,19,70.86,12.9,11.48,81.78,PayPal,Delivered,Express,Website,,2,4
75668879,887231,2025-11-07,Sports,Yoga Mat,1,35.31,19,35.31,5.9,5.72,40.22,Credit Card,Delivered,Standard,Website,,4,5
43433895,974572,2025-07-14,Fashion,Running Shoes,1,107.89,27,107.89,5.9,15.75,100.41,Apple Pay,Delivered,Standard,Website,VIP20,6,5
59518172,549554,2024-10-27,Home & Kitchen,Blender,3,76.77,19,230.31,0.0,37.31,223.86,Bank Transfer,Delivered,Standard,Website,,4,4
71777385,606502,2025-11-21,Home & Kitchen,Desk Lamp,1,47.3,16,47.3,5.9,7.95,53.58,Apple Pay,Delivered,Standard,Website,WELCOME10,4,5
72155448,641029,2025-12-16,Fashion,Running Shoes,2,102.59,9,205.18,0.0,37.34,224.05,Bank Transfer,Delivered,Pickup,Website,FREESHIP,1,3
48872252,419258,2025-06-13,Electronics,USB-C Hub,2,43.02,7,86.04,5.9,16.0,101.92,Credit Card,Delivered,Standard,Website,,3,4
96411668,474664,2025-03-19,Electronics,Mechanical Keyboard,1,95.24,10,95.24,12.9,17.14,115.76,Credit Card,Delivered,Express,Mobile App,SAVE15,1,5
10550829,613208,2025-08-07,Home & Kitchen,Air Fryer,1,117.1,25,117.1,5.9,17.57,111.3,Credit Card,Delivered,Standard,Website,,6,3
13493345,565703,2025-06-29,Home & Kitchen,Desk Lamp,2,52.56,20,105.12,5.9,16.82,106.82,Credit Card,Delivered,Standard,Website,SAVE15,5,5
53416076,445918,2025-06-11,Fashion,Classic Jeans,3,68.27,32,204.81,12.9,27.85,180.02,Credit Card,Delivered,Express,Mobile App,FREESHIP,1,5
30191832,781848,2025-05-25,Electronics,USB-C Hub,1,44.86,32,44.86,5.9,2.35,38.75,Credit Card,Delivered,Standard,Mobile App,,7,5
18404486,888971,2025-12-15,Beauty,Makeup Kit,4,58.32,4,233.28,0.0,33.59,257.54,Credit Card,Returned,Standard,Website,,5,
88298210,726493,2025-10-19,Beauty,Skin Care Set,2,92.29,17,184.58,0.0,11.8,165.0,,Delivered,Standard,Mobile App,SAVE15,4,5
15240573,249557,2025-03-28,Books & Office,Ergonomic Mouse,2,55.47,0,110.94,5.9,22.19,139.03,Credit Card,Delivered,Standard,Mobile App,,3,4
87600095,451336,2025-09-03,Books & Office,Data Analytics Book,1,42.49,9,42.49,12.9,7.73,59.3,PayPal,Delivered,Express,Website,VIP20,2,5
25334305,178261,2025-07-31,Fashion,Backpack,2,65.46,4,130.92,0.0,25.14,150.82,Apple Pay,Delivered,Standard,Mobile App,VIP20,6,3
77228234,860036,2025-05-02,Electronics,Wireless Headphones,1,87.34,0,87.34,5.9,17.47,110.71,Credit Card,Delayed,Standard,Mobile App,,7,4
41805257,429479,2024-09-27,Home & Kitchen,Blender,3,76.68,12,230.04,0.0,40.49,242.93,Credit Card,Delivered,Pickup,Website,SAVE15,1,4
63928218,958830,2025-09-06,Books & Office,Ergonomic Mouse,5,45.17,5,225.85,0.0,16.52,231.08,Google Pay,Delivered,Standard,Marketplace,SAVE15,4,4
55033166,588766,2025-09-01,Fashion,Backpack,1,78.72,5,78.72,5.9,14.96,95.64,Credit Card,Returned,Standard,Mobile App,VIP20,7,
94696890,443824,2025-12-10,Sports,Resistance Bands,1,32.2,8,32.2,5.9,5.92,41.44,PayPal,Delivered,Standard,Website,,4,3
42180943,733644,2025-12-18,Books & Office,Office Chair,2,181.59,6,363.18,0.0,68.28,409.67,Google Pay,Delivered,Pickup,Website,FREESHIP,2,5
46785747,350075,2025-06-18,Beauty,Perfume,1,97.62,12,97.62,0.0,17.18,103.09,PayPal,Delivered,Pickup,Website,,2,4
25104742,632816,2025-02-12,Sports,Fitness Tracker,1,86.52,20,86.52,5.9,13.84,88.96,Credit Card,Returned,Standard,Mobile App,,5,
80395422,534490,2025-12-23,Books & Office,Ergonomic Mouse,2,57.33,9,114.66,0.0,20.87,125.21,PayPal,Returned,Pickup,Mobile App,SAVE15,1,
77355573,927734,2025-09-30,Electronics,Bluetooth Speaker,1,72.28,7,72.28,5.9,13.44,86.56,Credit Card,Returned,Standard,Website,SAVE15,6,
95306050,302694,2025-06-23,Beauty,Hair Dryer,2,73.45,15,146.9,0.0,24.97,149.83,Credit Card,Delivered,Standard,Website,SAVE15,3,4
57753530,658396,2025-07-13,Beauty,Hair Dryer,1,59.61,12,59.61,5.9,10.49,68.85,Credit Card,Delivered,Standard,Website,FREESHIP,3,5
92980797,931588,2025-10-14,Fashion,Backpack,1,79.87,0,79.87,12.9,15.97,108.74,Credit Card,Delivered,Express,Mobile App,,1,4
89252426,716865,2025-06-06,Books & Office,Monitor Stand,2,48.7,0,97.4,12.9,19.48,129.78,Bank Transfer,Delivered,Express,Marketplace,,2,4
26140436,514149,2025-12-26,Fashion,Classic Jeans,1,72.93,9,72.93,12.9,13.27,92.54,PayPal,Delivered,Express,Website,WELCOME10,1,3
27409671,889635,2025-04-23,Home & Kitchen,Desk Lamp,1,50.66,7,50.66,5.9,9.42,62.43,Apple Pay,Delivered,Standard,Marketplace,WELCOME10,5,4
56181040,136007,2025-05-08,Home & Kitchen,Air Fryer,1,140.66,10,140.66,12.9,25.32,164.81,Google Pay,Delivered,Express,Website,FREESHIP,1,4
37551514,571089,2025-07-05,Sports,Yoga Mat,4,42.08,4,168.32,0.0,32.32,193.91,Credit Card,Delivered,Standard,Mobile App,WELCOME10,5,5
48156245,319377,2024-11-01,Sports,Fitness Tracker,1,104.89,8,104.89,5.9,19.3,121.7,Apple Pay,Delivered,Standard,Mobile App,,4,4
96946979,463147,2025-10-09,Books & Office,Data Analytics Book,1,43.07,15,43.07,5.9,7.32,49.83,PayPal,Delivered,Standard,Website,,5,5
35172683,287149,2025-05-05,Electronics,Mechanical Keyboard,4,103.24,2,412.96,12.9,80.94,498.54,Google Pay,Delivered,Express,Marketplace,VIP20,3,4
13384449,871400,2025-09-04,Home & Kitchen,Air Fryer,1,121.57,7,121.57,0.0,22.61,135.67,PayPal,Delivered,Standard,Website,SAVE15,4,5
31448641,136522,2025-08-06,Home & Kitchen,Cookware Set,1,169.21,7,169.21,0.0,31.47,188.84,Credit Card,Delayed,Pickup,Mobile App,VIP20,3,2
38219440,412752,2025-11-14,Home & Kitchen,Blender,1,80.02,4,80.02,5.9,15.36,98.08,Google Pay,Delivered,Standard,Website,FREESHIP,7,4
66526747,676297,2024-11-23,Fashion,Backpack,2,71.56,8,143.12,0.0,10.14,141.81,Credit Card,Delivered,Standard,Website,FREESHIP,3,3
10443214,729423,2025-10-31,Electronics,USB-C Hub,1,42.76,10,42.76,12.9,7.7,59.08,Google Pay,Delivered,Express,Mobile App,FREESHIP,2,4
25762415,215222,2025-09-18,Fashion,Running Shoes,1,117.94,4,117.94,12.9,22.64,148.76,Credit Card,Delivered,Express,Mobile App,SAVE15,2,5
43793785,935758,2025-04-08,Sports,Dumbbell Set,3,130.51,14,391.53,0.0,67.34,404.06,Credit Card,Delayed,Standard,Website,,9,3
58532779,990675,2025-11-10,Electronics,Mechanical Keyboard,2,101.84,4,203.68,0.0,39.11,234.64,PayPal,Delayed,Pickup,Marketplace,,2,4
77243852,136007,2025-06-02,Electronics,Wireless Headphones,3,92.56,5,277.68,0.0,52.76,316.56,Credit Card,Delivered,Standard,Mobile App,WELCOME10,6,5
45795476,329367,2024-08-22,Books & Office,Ergonomic Mouse,4,52.29,12,209.16,0.0,27.61,211.67,Google Pay,Delivered,Standard,Website,,6,4
24484805,240302,2025-06-06,Sports,Cycling Helmet,2,83.66,20,167.32,12.9,26.77,173.53,Credit Card,Delivered,Express,Mobile App,FREESHIP,1,5
56538343,848223,2025-09-24,Electronics,Smart Watch,1,174.18,2,174.18,0.0,34.14,204.84,Credit Card,Delivered,Standard,Website,SAVE15,3,4
80409430,295940,2025-10-17,Fashion,Running Shoes,2,104.98,19,209.96,0.0,34.01,204.08,Credit Card,Delayed,Standard,Website,FREESHIP,8,4
18620703,215222,2025-09-10,Fashion,Backpack,2,81.28,19,162.56,0.0,26.33,158.0,PayPal,Delayed,Standard,Mobile App,VIP20,8,3
61656021,807287,2025-06-01,Electronics,Smart Watch,1,151.02,9,151.02,0.0,27.49,164.92,Credit Card,Delivered,Standard,Marketplace,FREESHIP,5,4
48186343,765119,2025-12-13,Beauty,Hair Dryer,2,52.24,19,104.48,12.9,16.93,114.46,Credit Card,Delivered,Express,Website,,2,4
76062385,644311,2024-12-25,Electronics,Wireless Headphones,1,81.44,31,81.44,12.9,8.43,77.52,Apple Pay,Delivered,Express,Website,VIP20,1,5
49675109,290261,2025-09-11,Books & Office,Office Chair,2,161.1,10,322.2,0.0,58.0,347.98,Credit Card,Delivered,Standard,Mobile App,,4,4
15501534,222579,2025-10-24,Home & Kitchen,Blender,1,94.94,12,94.94,5.9,16.71,106.16,Credit Card,Delivered,Standard,Website,VIP20,4,4
52427105,672950,2025-10-19,Sports,Resistance Bands,1,34.98,7,34.98,5.9,6.51,44.94,Apple Pay,Delivered,Standard,Mobile App,,4,5
15758436,225018,2025-09-12,Fashion,Backpack,1,77.77,15,77.77,5.9,13.22,85.22,Credit Card,Delivered,Standard,Website,,9,4
94282823,843951,2025-12-13,Home & Kitchen,Blender,3,73.82,14,221.46,0.0,38.09,0.0,Credit Card,Cancelled,Standard,Marketplace,SAVE15,,
82916906,991383,2025-12-12,Books & Office,Data Analytics Book,1,42.97,4,42.97,12.9,6.19,60.34,Google Pay,Delivered,Express,Website,WELCOME10,2,4
42129093,613208,2024-11-12,Books & Office,Monitor Stand,2,49.45,14,98.9,12.9,17.01,114.96,Credit Card,Delivered,Express,Mobile App,,3,5
74186838,860337,2025-10-19,Beauty,Electric Toothbrush,1,81.39,20,81.39,5.9,13.02,0.0,PayPal,Cancelled,Standard,Mobile App,VIP20,,
40221088,600680,2025-11-17,Books & Office,Office Chair,1,250.26,21,250.26,0.0,39.54,237.25,Google Pay,Delivered,Standard,Website,,3,3
54853727,249796,2025-07-02,Books & Office,Data Analytics Book,3,39.83,27,119.49,5.9,17.45,110.58,Google Pay,Delivered,Standard,Website,FREESHIP,5,5
47525896,256456,2025-12-21,Books & Office,Ergonomic Mouse,1,53.4,4,53.4,12.9,10.25,74.41,Credit Card,Delivered,Express,Marketplace,,1,4
71288273,230315,2025-12-25,Fashion,Backpack,4,78.57,24,314.28,12.9,47.77,299.52,Credit Card,Delayed,Express,Website,WELCOME10,6,3
96911395,178261,2025-03-15,Electronics,Smart Watch,1,159.24,12,159.24,12.9,28.03,181.06,Google Pay,Delivered,Express,Mobile App,WELCOME10,1,3
68958052,385226,2024-10-09,Sports,Fitness Tracker,2,96.52,27,193.04,0.0,28.18,169.1,Apple Pay,Delayed,Standard,Website,,7,2
64121670,433309,2025-12-20,Home & Kitchen,Cookware Set,2,163.14,14,326.28,12.9,56.12,349.62,Google Pay,Delivered,Express,Marketplace,,3,3
81157723,643393,2025-07-13,Fashion,Winter Jacket,1,175.26,2,175.26,0.0,34.35,206.1,Apple Pay,Delivered,Standard,Website,FREESHIP,7,4
39344327,747145,2025-06-08,Electronics,Smart Watch,3,158.18,10,474.54,0.0,85.42,512.51,Apple Pay,Delivered,Pickup,Website,,1,5
82612870,974572,2025-10-17,Books & Office,Monitor Stand,3,43.54,0,130.62,0.0,26.12,156.74,Google Pay,Delivered,Standard,Website,,5,4
61580167,667474,2025-11-05,Books & Office,Ergonomic Mouse,1,57.78,14,57.78,5.9,9.94,65.53,,Delivered,Standard,Mobile App,,5,5
87898153,746525,2025-11-17,Electronics,Wireless Headphones,1,89.9,14,89.9,5.9,15.46,98.67,Credit Card,Delivered,Standard,Website,,4,4
31690515,450952,2025-11-20,Fashion,Winter Jacket,1,203.72,4,203.72,0.0,39.11,234.68,PayPal,Delivered,Pickup,Mobile App,,1,4
48334528,158237,2025-05-15,Fashion,Winter Jacket,2,156.69,7,313.38,0.0,58.29,349.73,Credit Card,Delivered,Standard,Marketplace,,4,4
54439191,218341,2025-09-09,Fashion,Winter Jacket,1,171.74,10,171.74,0.0,30.91,185.48,Credit Card,Delivered,Standard,Mobile App,,5,5
35265371,391759,2025-10-17,Fashion,Running Shoes,1,107.49,2,107.49,5.9,15.8,127.04,Google Pay,Delivered,Standard,Mobile App,,4,5
78621486,747145,2025-03-22,Fashion,Winter Jacket,1,176.1,25,176.1,0.0,26.42,158.5,Credit Card,Delivered,Standard,Website,FREESHIP,3,4
28943618,737650,2025-10-21,Books & Office,Office Chair,1,232.91,2,232.91,0.0,17.58,245.83,Bank Transfer,Delivered,Pickup,Website,,1,3
18970054,465243,2024-11-07,Home & Kitchen,Blender,2,86.01,19,172.02,0.0,27.87,167.21,PayPal,Delivered,Standard,Mobile App,SAVE15,3,4
10030110,119113,2025-11-03,Beauty,Hair Dryer,5,65.8,14,329.0,0.0,56.59,339.53,Credit Card,Delivered,Standard,Marketplace,,5,4
77221691,825816,2024-11-11,Beauty,Perfume,1,97.49,4,97.49,12.9,18.72,125.21,PayPal,Delivered,Express,Website,,1,3
36293545,404084,2025-12-15,Fashion,Cotton Hoodie,1,61.18,9,61.18,5.9,11.13,72.7,Apple Pay,Delivered,Standard,Marketplace,WELCOME10,5,5
36072748,178261,2025-03-09,Home & Kitchen,Coffee Maker,1,85.46,2,85.46,5.9,16.75,106.4,Credit Card,Delivered,Standard,Website,FREESHIP,5,4
20383133,185948,2025-10-23,Fashion,Backpack,2,77.0,17,154.0,0.0,25.56,153.38,Credit Card,Delayed,Standard,Website,WELCOME10,6,3
47990096,471120,2025-10-15,Sports,Fitness Tracker,1,102.77,0,102.77,5.9,20.55,129.22,Credit Card,Delivered,Standard,Website,,4,4
34972434,218341,2025-08-25,Fashion,Cotton Hoodie,1,61.84,20,61.84,5.9,9.89,65.26,PayPal,Delivered,Standard,Marketplace,VIP20,5,5
24075103,633555,2025-06-13,Electronics,Wireless Headphones,1,87.14,20,87.14,5.9,13.94,89.55,Bank Transfer,Delivered,Standard,Website,WELCOME10,5,5
35502527,270244,2025-10-05,Fashion,Backpack,1,65.27,0,65.27,5.9,13.05,84.22,Credit Card,Delayed,Standard,Mobile App,,7,2
75504711,201963,2024-12-27,Electronics,Wireless Headphones,1,85.77,8,85.77,5.9,15.78,100.59,Credit Card,Delivered,Standard,Website,,5,4
46212201,601338,2025-02-27,Books & Office,Ergonomic Mouse,1,63.24,0,63.24,12.9,12.65,0.0,Credit Card,Cancelled,Express,Mobile App,,,
82929434,438556,2025-04-26,Electronics,Bluetooth Speaker,5,65.72,5,328.6,0.0,62.43,374.6,PayPal,Delivered,Standard,Mobile App,WELCOME10,6,4
29154192,551094,2025-09-15,Home & Kitchen,Air Fryer,1,140.3,25,140.3,12.9,21.04,139.16,Credit Card,Delivered,Express,Website,,1,4
21440315,990675,2025-10-01,Electronics,Wireless Headphones,2,74.04,10,148.08,0.0,26.65,159.92,Credit Card,Delivered,Standard,Mobile App,WELCOME10,4,5
94401308,225761,2024-09-10,Electronics,Smart Watch,1,146.7,14,146.7,12.9,25.23,164.29,PayPal,Delivered,Express,Mobile App,SAVE15,2,
48767810,927673,2025-03-10,Electronics,USB-C Hub,3,47.71,7,143.13,0.0,26.62,159.73,Credit Card,Delivered,Pickup,Website,FREESHIP,1,3
45675009,355308,2025-12-21,Books & Office,Data Analytics Book,1,39.53,19,39.53,5.9,6.4,44.32,Credit Card,Delivered,Standard,Mobile App,,4,4
10722569,833845,2024-11-22,Fashion,Backpack,2,78.49,18,156.98,0.0,25.74,0.0,PayPal,Cancelled,Standard,Mobile App,WELCOME10,,
35505429,672950,2025-08-08,Electronics,USB-C Hub,1,44.03,2,44.03,5.9,8.63,57.68,PayPal,Delivered,Standard,Marketplace,WELCOME10,5,
97477503,152133,2024-09-23,Electronics,Bluetooth Speaker,3,74.63,5,223.89,0.0,42.54,255.24,Apple Pay,Delivered,Standard,Mobile App,,5,5
53507536,577111,2025-02-22,Beauty,Makeup Kit,1,62.53,2,62.53,0.0,12.26,73.54,Credit Card,Returned,Pickup,Website,,1,
33527163,178261,2025-05-03,Fashion,Backpack,2,71.67,22,143.34,12.9,22.36,147.07,Credit Card,Delivered,Express,Mobile App,WELCOME10,2,5
12519949,463147,2025-08-14,Home & Kitchen,Coffee Maker,1,102.33,10,102.33,12.9,18.42,123.42,PayPal,Delivered,Express,Website,,1,4
70609625,479084,2024-11-23,Books & Office,Ergonomic Mouse,3,58.21,9,174.63,0.0,31.78,190.69,Google Pay,Delivered,Standard,Website,VIP20,4,4
19496299,874948,2025-10-03,Books & Office,Office Chair,4,193.68,22,774.72,12.9,120.86,738.04,PayPal,Delivered,Express,Mobile App,,1,4
36534705,178261,2025-09-20,Sports,Cycling Helmet,5,70.27,22,351.35,0.0,54.81,328.86,Google Pay,Delivered,Pickup,Website,FREESHIP,2,3
68295189,771111,2025-10-23,Electronics,Mechanical Keyboard,2,104.6,22,209.2,0.0,32.64,195.82,Bank Transfer,Delivered,Standard,Website,SAVE15,3,5
60140057,478691,2025-12-04,Electronics,Bluetooth Speaker,2,67.73,19,135.46,0.0,21.94,131.66,Apple Pay,Delayed,Standard,Website,FREESHIP,6,4
19239602,136007,2025-09-21,Home & Kitchen,Desk Lamp,1,52.13,5,52.13,5.9,9.9,65.32,Apple Pay,Delivered,Standard,Website,,1,3
92804918,443824,2024-09-11,Electronics,USB-C Hub,1,49.56,29,49.56,0.0,7.04,42.23,Credit Card,Delivered,Pickup,Mobile App,,1,4
27961042,492888,2025-04-30,Fashion,Winter Jacket,1,211.55,0,211.55,0.0,42.31,253.86,Apple Pay,Delivered,Standard,Website,,4,4
33389294,318646,2025-06-25,Electronics,Smart Watch,2,150.8,15,301.6,0.0,51.27,0.0,Credit Card,Cancelled,Standard,Marketplace,,,
32613341,244304,2025-04-24,Fashion,Backpack,1,74.0,0,74.0,0.0,14.8,88.8,Credit Card,Delivered,Pickup,Website,,1,2
23437496,746525,2025-12-16,Sports,Fitness Tracker,2,100.25,14,200.5,0.0,34.49,206.92,Bank Transfer,Delivered,Standard,Mobile App,,5,4
41637582,362615,2025-04-13,Beauty,Makeup Kit,1,57.91,10,57.91,5.9,10.42,68.44,Credit Card,Delivered,Standard,Mobile App,,5,4
24808627,709841,2025-09-12,Beauty,Skin Care Set,1,75.26,7,75.26,5.9,14.0,89.89,Credit Card,Delivered,Standard,Website,,5,3
50309667,760709,2025-07-04,Sports,Resistance Bands,1,34.29,17,34.29,5.9,5.69,40.05,Credit Card,Delivered,Standard,Website,,6,3
60277259,760915,2024-09-21,Fashion,Winter Jacket,1,178.94,27,178.94,12.9,10.06,153.59,Credit Card,Delivered,Express,Website,,4,4
73339039,136007,2024-11-09,Home & Kitchen,Cookware Set,2,148.47,14,296.94,0.0,51.07,306.44,Bank Transfer,Delayed,Pickup,Website,VIP20,2,2
10053225,920398,2025-12-09,Sports,Yoga Mat,1,35.39,24,35.39,5.9,5.38,38.18,Credit Card,Delivered,Standard,Marketplace,FREESHIP,6,4
26979741,913479,2024-10-20,Fashion,Backpack,1,73.33,0,73.33,5.9,14.67,93.9,Credit Card,Delivered,Standard,Mobile App,,5,5
89883700,945209,2025-10-12,Sports,Resistance Bands,3,32.73,5,98.19,12.9,18.66,124.84,PayPal,Delivered,Express,Marketplace,WELCOME10,1,3
77094170,550396,2024-08-11,Electronics,Mechanical Keyboard,2,100.37,19,200.74,0.0,32.52,195.12,Credit Card,Delivered,Standard,Website,,4,4
47817787,733644,2025-11-23,Fashion,Classic Jeans,1,72.34,31,72.34,5.9,9.98,65.79,Google Pay,Delayed,Standard,Mobile App,SAVE15,9,3
96314216,725173,2025-01-15,Beauty,Electric Toothbrush,1,77.63,7,77.63,5.9,14.44,92.54,Credit Card,Delivered,Standard,Mobile App,FREESHIP,6,3
92460416,422958,2025-09-23,Home & Kitchen,Air Fryer,1,132.62,10,132.62,0.0,23.87,143.23,Credit Card,Delivered,Standard,Mobile App,SAVE15,5,4
75366152,593958,2025-09-03,Fashion,Running Shoes,2,106.9,0,213.8,0.0,42.76,256.56,Credit Card,Delivered,Standard,Mobile App,,3,4
15551614,240302,2025-12-13,Electronics,Smart Watch,1,148.32,4,148.32,12.9,28.48,183.77,Credit Card,Delivered,Express,Website,SAVE15,1,5
99500786,681133,2025-10-26,Electronics,Bluetooth Speaker,1,82.84,32,82.84,5.9,8.45,70.68,Google Pay,Delivered,Standard,Marketplace,,6,5
13692233,404084,2025-12-10,Beauty,Perfume,2,80.39,14,160.78,0.0,27.65,165.92,Credit Card,Delivered,Standard,Mobile App,FREESHIP,5,5
62651784,821443,2025-12-18,Home & Kitchen,Air Fryer,4,132.04,16,528.16,0.0,88.73,532.38,Apple Pay,Delivered,Standard,Website,,6,5
49855427,427830,2024-10-09,Beauty,Electric Toothbrush,1,58.39,0,58.39,12.9,11.68,82.97,Google Pay,Delayed,Express,Mobile App,,4,4
63262549,784827,2024-07-20,Fashion,Running Shoes,2,109.13,34,218.26,0.0,21.61,165.66,Credit Card,Delivered,Standard,Website,SAVE15,6,5
93724840,887269,2025-07-11,Electronics,Bluetooth Speaker,1,74.73,22,74.73,5.9,11.66,75.85,PayPal,Delivered,Standard,Website,,5,3
78957491,741821,2025-10-01,Electronics,Wireless Headphones,4,88.24,14,352.96,12.9,60.71,377.16,PayPal,Delivered,Express,Website,,1,4
46459446,889635,2025-09-18,Sports,Cycling Helmet,2,70.23,22,140.46,12.9,21.91,144.37,Google Pay,Delivered,Express,Mobile App,,1,5
15902785,733206,2025-11-14,Fashion,Cotton Hoodie,1,60.89,4,60.89,0.0,4.5,62.95,PayPal,Delivered,Pickup,Website,VIP20,2,4
81199786,684041,2025-11-09,Electronics,Wireless Headphones,3,74.6,9,223.8,0.0,40.73,244.39,Apple Pay,Delayed,Standard,Mobile App,,8,5
56920629,694107,2025-08-23,Electronics,Smart Watch,1,146.83,22,146.83,12.9,22.91,150.34,Credit Card,Delivered,Express,Website,FREESHIP,2,4
69569699,181988,2025-12-14,Fashion,Winter Jacket,1,162.73,14,162.73,0.0,27.99,167.94,Credit Card,Delivered,Standard,Mobile App,,3,5
27231928,935758,2025-12-08,Sports,Fitness Tracker,1,83.48,13,83.48,5.9,14.53,93.06,PayPal,Delivered,Standard,Mobile App,,6,4
64877834,241099,2025-01-27,Books & Office,Data Analytics Book,1,41.93,9,41.93,12.9,7.63,58.69,Credit Card,Delivered,Express,Mobile App,FREESHIP,2,3
83599382,504154,2024-10-15,Beauty,Electric Toothbrush,1,79.85,22,79.85,12.9,9.34,84.52,Credit Card,Returned,Express,Mobile App,SAVE15,3,
46916517,178261,2025-07-26,Home & Kitchen,Coffee Maker,1,100.49,14,100.49,12.9,17.28,116.6,Credit Card,Delayed,Express,Website,SAVE15,6,3
70991133,537368,2025-05-17,Electronics,Smart Watch,1,139.67,10,139.67,0.0,25.14,150.84,Credit Card,Delivered,Pickup,Website,,1,5
23987745,736777,2025-12-20,Home & Kitchen,Air Fryer,1,138.42,24,138.42,12.9,21.04,139.14,Credit Card,Delivered,Express,Mobile App,,1,4
27184986,295940,2025-11-16,Books & Office,Ergonomic Mouse,1,49.28,18,49.28,5.9,8.08,54.39,Bank Transfer,Delivered,Standard,Website,,7,2
33421892,685594,2025-12-03,Beauty,Electric Toothbrush,3,85.66,29,256.98,12.9,36.49,231.85,Apple Pay,Delivered,Express,Marketplace,FREESHIP,1,5
72887682,223018,2025-09-30,Home & Kitchen,Desk Lamp,1,52.8,7,52.8,5.9,9.82,64.82,Credit Card,Delivered,Standard,Marketplace,,4,5
58944507,534490,2025-11-28,Electronics,USB-C Hub,2,47.2,29,94.4,5.9,13.4,86.32,Bank Transfer,Delayed,Standard,Website,,6,4
67944789,364720,2025-04-14,Electronics,USB-C Hub,2,47.35,22,94.7,5.9,14.77,94.54,Credit Card,Delivered,Standard,Website,SAVE15,6,3
36487687,860036,2025-03-17,Home & Kitchen,Air Fryer,1,119.7,0,119.7,5.9,23.94,149.54,Google Pay,Delivered,Standard,Mobile App,,4,4
21059449,225761,2025-06-13,Home & Kitchen,Desk Lamp,1,47.57,14,47.57,5.9,8.18,54.99,Credit Card,Delivered,Standard,Mobile App,VIP20,5,3
68731233,394335,2025-08-19,Home & Kitchen,Desk Lamp,1,49.18,12,49.18,5.9,8.66,57.84,Bank Transfer,Delayed,Standard,Mobile App,WELCOME10,8,2
26928099,791189,2025-12-31,Electronics,Wireless Headphones,1,94.29,9,94.29,12.9,17.16,115.86,Apple Pay,Delivered,Express,Website,,1,4
53566942,733644,2025-10-25,Books & Office,Notebook Set,1,25.95,2,25.95,12.9,5.09,43.42,Google Pay,Returned,Express,Mobile App,FREESHIP,1,
33333477,248706,2025-03-15,Beauty,Skin Care Set,2,74.87,17,149.74,12.9,24.86,162.04,Apple Pay,Delivered,Express,Mobile App,,1,4
83675721,746011,2025-07-22,Electronics,Wireless Headphones,3,91.03,22,273.09,0.0,42.6,255.61,Credit Card,Delivered,Standard,Website,,4,4
20819930,355481,2025-07-18,Sports,Resistance Bands,1,29.7,17,29.7,12.9,4.93,42.48,Bank Transfer,Delivered,Express,Website,,1,5
30887078,322199,2025-04-14,Electronics,Smart Watch,3,134.03,0,402.09,12.9,80.42,495.41,Bank Transfer,Delivered,Express,Mobile App,,2,4
16450987,751201,2025-07-24,Sports,Fitness Tracker,1,92.99,22,92.99,0.0,14.51,87.04,PayPal,Delivered,Pickup,Website,,3,5
23298277,481750,2025-12-01,Electronics,Mechanical Keyboard,4,90.44,24,361.76,12.9,54.99,342.83,Credit Card,Delivered,Express,Website,VIP20,2,4
27392027,754716,2024-03-27,Beauty,Perfume,1,109.85,0,109.85,5.9,21.97,137.72,Credit Card,Delivered,Standard,Website,,3,4
24702608,319377,2024-06-28,Electronics,Wireless Headphones,2,88.59,4,177.18,0.0,34.02,204.11,PayPal,Delivered,Standard,Mobile App,SAVE15,5,4
57659654,587705,2025-02-09,Home & Kitchen,Cookware Set,1,159.17,10,159.17,0.0,28.65,0.0,Google Pay,Cancelled,Pickup,Marketplace,FREESHIP,,
97058901,955069,2024-12-06,Electronics,Wireless Headphones,1,81.93,24,81.93,12.9,9.34,84.51,Credit Card,Delivered,Express,Website,VIP20,2,4
59615093,694107,2025-08-07,Fashion,Backpack,1,80.69,12,80.69,12.9,14.2,0.0,Google Pay,Cancelled,Express,Marketplace,SAVE15,,
95444902,651126,2025-09-19,Electronics,Mechanical Keyboard,1,102.04,5,102.04,5.9,19.39,122.23,Credit Card,Delivered,Standard,Website,,5,3
24980946,614194,2025-09-13,Books & Office,Ergonomic Mouse,1,55.93,10,55.93,5.9,7.55,63.79,Google Pay,Delivered,Standard,Website,VIP20,4,
41213517,270516,2025-09-28,Beauty,Skin Care Set,1,69.3,15,69.3,5.9,4.54,69.35,Credit Card,Delayed,Standard,Marketplace,VIP20,6,3
76684750,606502,2025-11-28,Electronics,Smart Watch,1,164.41,21,164.41,0.0,25.98,155.86,Google Pay,Delivered,Standard,Mobile App,,5,5
46382297,358151,2024-08-18,Home & Kitchen,Coffee Maker,1,100.41,4,100.41,0.0,19.28,115.67,,Delivered,Pickup,Website,VIP20,1,5
26024705,149154,2025-08-25,Sports,Resistance Bands,1,32.38,10,32.38,5.9,5.83,40.87,Google Pay,Delivered,Standard,Website,FREESHIP,4,5
57805103,136522,2025-10-22,Books & Office,Data Analytics Book,1,38.71,2,38.71,5.9,7.59,51.43,Bank Transfer,Delivered,Standard,Mobile App,VIP20,5,3
69644658,135344,2025-01-30,Fashion,Running Shoes,3,103.42,14,310.26,12.9,53.36,333.08,Credit Card,Delivered,Express,Mobile App,FREESHIP,1,
99783173,100813,2025-12-21,Beauty,Makeup Kit,1,61.12,34,61.12,12.9,8.07,61.31,Bank Transfer,Delivered,Express,Website,,1,5
76719803,302949,2025-10-05,Beauty,Makeup Kit,2,60.2,0,120.4,0.0,24.08,144.48,Bank Transfer,Delivered,Standard,Mobile App,,4,3
20679054,887269,2025-11-05,Electronics,Smart Watch,1,143.71,29,143.71,0.0,20.41,122.44,Credit Card,Delivered,Standard,Mobile App,,5,4
15519916,776445,2025-09-27,Home & Kitchen,Blender,1,70.91,15,70.91,5.9,12.05,78.22,Credit Card,Delivered,Standard,Marketplace,,6,4
27201160,927673,2025-09-17,Beauty,Electric Toothbrush,1,80.15,17,80.15,12.9,13.3,92.72,Google Pay,Delayed,Express,Website,,5,2
85896164,272038,2025-10-17,Fashion,Running Shoes,1,103.92,15,103.92,12.9,17.67,118.9,PayPal,Delivered,Express,Website,FREESHIP,1,5
95476957,859385,2025-12-13,Sports,Fitness Tracker,1,93.12,14,93.12,5.9,16.02,102.0,Credit Card,Delivered,Standard,Website,FREESHIP,4,4
76388413,179100,2025-12-05,Home & Kitchen,Blender,1,74.8,24,74.8,12.9,11.37,81.12,Credit Card,Returned,Express,Website,FREESHIP,2,
36850401,122041,2025-09-17,Electronics,Wireless Headphones,2,93.7,22,187.4,0.0,29.23,175.4,Apple Pay,Delivered,Standard,Marketplace,WELCOME10,5,4
93440869,178261,2025-04-04,Sports,Resistance Bands,1,29.85,2,29.85,12.9,5.85,48.0,Credit Card,Delivered,Express,Website,VIP20,1,4
36374845,704405,2025-11-26,Electronics,Mechanical Keyboard,1,94.44,24,94.44,5.9,10.77,88.44,Credit Card,Delivered,Standard,Website,WELCOME10,4,4
73015691,416349,2025-05-16,Beauty,Electric Toothbrush,1,73.2,30,73.2,12.9,10.25,74.39,Credit Card,Delivered,Express,Website,WELCOME10,1,5
95438035,791789,2024-07-02,Beauty,Perfume,2,85.48,4,170.96,12.9,32.82,209.84,Credit Card,Delivered,Express,Mobile App,,3,5
32956718,385849,2024-09-05,Fashion,Cotton Hoodie,2,49.45,17,98.9,12.9,12.31,0.0,PayPal,Cancelled,Express,Website,VIP20,,
18308900,458780,2025-11-21,Books & Office,Office Chair,1,227.86,29,227.86,0.0,32.36,194.14,Bank Transfer,Delivered,Standard,Website,VIP20,6,3
96481593,888237,2025-04-14,Fashion,Cotton Hoodie,1,59.69,17,59.69,12.9,9.91,72.35,Google Pay,Delivered,Express,Mobile App,SAVE15,1,4
79417475,746011,2025-01-07,Fashion,Winter Jacket,1,197.39,7,197.39,12.9,36.71,233.18,Credit Card,Delivered,Express,Website,FREESHIP,1,5
44001869,178261,2025-01-21,Sports,Resistance Bands,1,34.55,24,34.55,5.9,5.25,37.41,PayPal,Returned,Standard,Mobile App,SAVE15,6,
46580508,672950,2025-04-19,Home & Kitchen,Coffee Maker,3,87.44,17,262.32,0.0,43.55,261.28,Credit Card,Delivered,Standard,Website,,4,5
43081615,874848,2025-02-06,Fashion,Classic Jeans,3,71.41,10,214.23,12.9,38.56,244.27,Apple Pay,Delivered,Express,Website,,1,5
86177166,444949,2025-01-15,Fashion,Winter Jacket,1,155.51,9,155.51,12.9,28.3,182.71,Credit Card,Delivered,Express,Mobile App,SAVE15,1,5
75589697,463147,2025-10-16,Electronics,USB-C Hub,2,46.76,0,93.52,5.9,18.7,118.12,PayPal,Delivered,Standard,Mobile App,,5,4
13951453,616780,2025-02-26,Sports,Resistance Bands,1,34.55,27,34.55,12.9,5.04,43.16,Bank Transfer,Delivered,Express,Mobile App,,2,4
31144883,225018,2025-11-15,Fashion,Classic Jeans,1,64.25,4,64.25,5.9,12.34,79.92,Credit Card,Delivered,Standard,Mobile App,VIP20,2,4
89478435,286370,2025-09-10,Electronics,USB-C Hub,2,40.07,0,80.14,12.9,12.02,105.06,Apple Pay,Delivered,Express,Mobile App,,1,4
28403482,461503,2024-12-07,Fashion,Cotton Hoodie,1,65.5,14,65.5,5.9,11.27,73.5,Credit Card,Delayed,Standard,Website,FREESHIP,6,3
77252399,672950,2025-09-20,Books & Office,Data Analytics Book,1,43.35,2,43.35,5.9,8.5,56.88,PayPal,Delivered,Standard,Website,,7,5
36843508,746525,2025-12-09,Books & Office,Monitor Stand,2,44.61,19,89.22,5.9,14.45,0.0,Credit Card,Cancelled,Standard,Website,,,
73678958,571089,2024-04-02,Fashion,Winter Jacket,2,199.59,2,399.18,12.9,78.24,482.34,PayPal,Delivered,Express,Website,,1,5
36449958,241628,2025-07-11,Books & Office,Notebook Set,2,24.93,12,49.86,5.9,6.58,56.36,Apple Pay,Delivered,Standard,Mobile App,,3,3
79099453,916917,2024-01-13,Electronics,USB-C Hub,1,37.97,14,37.97,5.9,6.53,45.08,PayPal,Returned,Standard,Website,,5,
17474688,340616,2025-05-19,Electronics,Wireless Headphones,2,94.19,10,188.38,0.0,33.91,203.45,PayPal,Delivered,Standard,Mobile App,,5,4
24253381,316389,2025-08-19,Fashion,Classic Jeans,1,65.26,20,65.26,5.9,10.44,68.55,Credit Card,Delivered,Standard,Website,SAVE15,5,4
58934718,357048,2025-07-19,Home & Kitchen,Air Fryer,1,143.59,6,143.59,12.9,26.99,174.86,Bank Transfer,Delivered,Express,Website,SAVE15,2,5
42285366,481329,2025-10-19,Books & Office,Ergonomic Mouse,1,59.27,2,59.27,5.9,11.62,75.6,Credit Card,Delivered,Standard,Website,WELCOME10,7,4
76245987,782891,2025-10-06,Electronics,Bluetooth Speaker,4,69.74,17,278.96,0.0,46.31,277.85,Credit Card,Delivered,Standard,Mobile App,VIP20,6,5
47252877,549554,2024-06-08,Home & Kitchen,Desk Lamp,3,45.53,14,136.59,0.0,23.49,140.96,Apple Pay,Delivered,Standard,Website,SAVE15,3,5
13534746,322768,2025-05-07,Electronics,Wireless Headphones,5,86.71,32,433.55,0.0,58.96,353.77,Apple Pay,Delivered,Standard,Mobile App,WELCOME10,5,4
78275456,301022,2025-07-12,Fashion,Winter Jacket,3,204.78,2,614.34,0.0,120.41,722.46,Credit Card,Delivered,Standard,Marketplace,,6,4
49243071,703633,2025-08-02,Fashion,Running Shoes,1,116.94,5,116.94,5.9,22.22,139.21,Credit Card,Delivered,Standard,Website,,4,4
93272157,405338,2025-11-26,Fashion,Winter Jacket,2,173.6,29,347.2,12.9,49.3,308.71,Google Pay,Delayed,Express,Mobile App,,6,3
38719781,648698,2024-08-15,Electronics,Mechanical Keyboard,2,100.25,0,200.5,0.0,30.07,230.57,Credit Card,Delivered,Standard,Website,,5,4
12804776,118818,2025-10-02,Beauty,Perfume,1,83.36,20,83.36,12.9,13.34,92.93,Credit Card,Delivered,Express,Marketplace,,2,4
91279696,319377,2024-06-22,Home & Kitchen,Desk Lamp,1,53.16,4,53.16,12.9,10.21,74.14,Apple Pay,Delivered,Express,Mobile App,WELCOME10,2,4
24772294,633842,2024-10-12,Electronics,Mechanical Keyboard,1,90.85,29,90.85,0.0,4.97,69.47,Google Pay,Delivered,Pickup,Mobile App,VIP20,1,5
11087609,648235,2025-08-07,Home & Kitchen,Desk Lamp,2,51.57,12,103.14,12.9,18.15,121.81,PayPal,Delivered,Express,Marketplace,VIP20,2,5
69941316,627159,2025-04-05,Home & Kitchen,Coffee Maker,1,90.55,5,90.55,5.9,17.2,109.12,Bank Transfer,Delivered,Standard,Marketplace,SAVE15,4,5
45165364,241563,2025-02-06,Electronics,Mechanical Keyboard,1,90.4,25,90.4,0.0,13.56,81.36,Apple Pay,Delivered,Pickup,Marketplace,WELCOME10,1,4
26103279,773799,2025-08-17,Electronics,Wireless Headphones,1,89.6,0,89.6,12.9,17.92,0.0,Credit Card,Cancelled,Express,Mobile App,,,
50483518,597105,2025-10-28,Fashion,Winter Jacket,1,167.04,2,167.04,0.0,32.74,196.44,Credit Card,Delayed,Standard,Mobile App,FREESHIP,6,2
12482303,796464,2025-07-25,Fashion,Running Shoes,1,101.59,4,101.59,0.0,14.63,112.16,Credit Card,Delayed,Pickup,Mobile App,WELCOME10,3,2
89356455,791189,2025-12-30,Electronics,Mechanical Keyboard,1,84.87,9,84.87,5.9,15.45,98.58,PayPal,Delivered,Standard,Mobile App,FREESHIP,7,5
66500543,204963,2025-11-19,Books & Office,Office Chair,1,173.95,29,173.95,12.9,24.7,161.1,PayPal,Delivered,Express,Mobile App,VIP20,1,5
57552093,407189,2024-04-03,Home & Kitchen,Blender,1,80.51,12,80.51,5.9,14.17,90.92,Apple Pay,Delivered,Standard,Mobile App,,5,4
25401673,293665,2025-12-28,Fashion,Winter Jacket,2,181.4,26,362.8,0.0,20.67,0.0,Apple Pay,Cancelled,Pickup,Mobile App,,,
29455920,270516,2025-10-31,Fashion,Winter Jacket,3,188.34,20,565.02,12.9,34.81,499.73,Credit Card,Delivered,Express,Mobile App,,1,5
53400814,264538,2025-11-28,Books & Office,Notebook Set,5,24.47,19,122.35,12.9,19.82,131.82,Credit Card,Delivered,Express,Marketplace,SAVE15,1,3
19503818,319377,2024-08-09,Books & Office,Monitor Stand,1,53.15,9,53.15,12.9,9.67,70.94,Apple Pay,Delayed,Express,Website,FREESHIP,4,3
97410419,900924,2025-09-20,Fashion,Winter Jacket,1,194.28,10,194.28,0.0,34.97,209.82,Bank Transfer,Returned,Standard,Mobile App,FREESHIP,6,
56583287,449479,2024-05-18,Home & Kitchen,Cookware Set,1,166.38,2,166.38,0.0,32.61,195.66,Credit Card,Delivered,Standard,Mobile App,,5,4
61897256,936955,2025-12-12,Home & Kitchen,Cookware Set,1,138.36,9,138.36,0.0,25.18,151.09,Google Pay,Delivered,Standard,Website,,5,3
11085761,925034,2025-07-16,Fashion,Backpack,1,67.16,17,67.16,5.9,8.36,70.0,PayPal,Delivered,Standard,Mobile App,VIP20,6,5
69234084,627159,2025-12-13,Home & Kitchen,Coffee Maker,3,90.71,9,272.13,0.0,49.53,297.17,PayPal,Delivered,Pickup,Mobile App,VIP20,1,4
38640921,577111,2024-12-12,Books & Office,Notebook Set,1,24.5,21,24.5,12.9,3.87,36.13,Bank Transfer,Delivered,Express,Website,SAVE15,2,4
95359862,223018,2025-03-10,Fashion,Backpack,1,66.24,12,66.24,5.9,11.66,75.85,Credit Card,Delivered,Standard,Mobile App,,2,4
14404392,443824,2024-09-21,Electronics,Bluetooth Speaker,1,70.38,9,70.38,12.9,12.81,89.76,Apple Pay,Delivered,Express,Marketplace,,3,5
98223502,258802,2025-06-12,Fashion,Running Shoes,1,104.69,12,104.69,5.9,18.43,116.46,Credit Card,Delivered,Standard,Website,,7,4
62654063,272038,2025-02-15,Electronics,USB-C Hub,1,47.79,10,47.79,5.9,8.6,57.51,Credit Card,Delivered,Standard,Website,VIP20,6,3
94745556,167359,2024-08-05,Books & Office,Monitor Stand,1,50.95,9,50.95,5.9,9.27,61.53,Credit Card,Delivered,Standard,Mobile App,,6,3
54322785,248706,2025-08-07,Home & Kitchen,Coffee Maker,1,90.08,12,90.08,0.0,15.85,95.12,PayPal,Delivered,Pickup,Mobile App,FREESHIP,2,4
54050425,547441,2024-05-04,Books & Office,Ergonomic Mouse,1,46.27,20,46.27,5.9,7.4,50.32,Credit Card,Delivered,Standard,Marketplace,FREESHIP,3,4
81151421,935758,2025-07-22,Sports,Resistance Bands,1,28.86,26,28.86,5.9,4.27,31.53,Credit Card,Delivered,Standard,Mobile App,,3,4
79263315,354938,2025-12-14,Books & Office,Monitor Stand,1,49.94,14,49.94,5.9,8.59,57.44,Credit Card,Delivered,Standard,Website,,3,5
25578944,252422,2025-03-11,Home & Kitchen,Air Fryer,1,129.48,34,129.48,0.0,17.09,102.55,Google Pay,Delivered,Standard,Marketplace,,3,4
42528359,748344,2025-09-15,Fashion,Cotton Hoodie,1,70.4,15,70.4,5.9,11.97,77.71,Bank Transfer,Delivered,Standard,Mobile App,,6,5
95366179,815011,2025-12-30,Books & Office,Office Chair,1,240.6,9,240.6,0.0,43.79,262.74,PayPal,Delivered,Standard,Website,SAVE15,3,5
79443506,883140,2025-12-29,Books & Office,Notebook Set,1,26.64,35,26.64,0.0,3.46,20.78,Credit Card,Delivered,Pickup,Website,WELCOME10,1,5
57034123,623469,2025-10-13,Electronics,USB-C Hub,3,49.47,10,148.41,12.9,26.71,173.18,Credit Card,Delivered,Express,Website,,1,5
58581872,201963,2024-09-13,Beauty,Skin Care Set,1,91.52,29,91.52,5.9,13.0,83.88,Credit Card,Delivered,Standard,Marketplace,WELCOME10,4,4
37330297,401833,2025-10-25,Electronics,Smart Watch,1,152.9,0,152.9,0.0,30.58,183.48,Apple Pay,Delayed,Standard,Mobile App,,6,2
74997785,287149,2025-08-02,Books & Office,Data Analytics Book,2,36.84,12,73.68,0.0,12.97,77.81,Bank Transfer,Delivered,Pickup,Website,,1,5
16230307,136522,2025-10-30,Beauty,Skin Care Set,1,89.58,17,89.58,5.9,14.87,95.12,Credit Card,Delivered,Standard,Website,VIP20,4,5
72045977,825293,2025-07-05,Books & Office,Monitor Stand,1,47.81,32,47.81,5.9,6.5,44.91,Credit Card,Delivered,Standard,Mobile App,,4,
94708660,362615,2025-09-04,Sports,Cycling Helmet,1,82.1,20,82.1,5.9,13.14,84.72,Credit Card,Delivered,Standard,Mobile App,FREESHIP,5,4
88904429,145895,2025-09-09,Home & Kitchen,Desk Lamp,1,49.05,10,49.05,12.9,8.83,65.87,Google Pay,Delivered,Express,Mobile App,SAVE15,1,4
59890651,857434,2025-12-31,Electronics,Mechanical Keyboard,1,87.74,21,87.74,5.9,13.86,89.07,Google Pay,Delivered,Standard,Mobile App,,5,3
75020621,666728,2025-06-22,Beauty,Perfume,1,102.84,12,102.84,5.9,18.1,114.5,PayPal,Delivered,Standard,Website,,3,5
66829380,215222,2024-11-29,Beauty,Skin Care Set,3,82.85,18,248.55,0.0,40.76,244.57,Credit Card,Delivered,Standard,Mobile App,VIP20,5,5
79233734,799352,2025-03-29,Electronics,Wireless Headphones,1,86.16,15,86.16,5.9,14.65,93.79,PayPal,Delivered,Standard,Website,,5,4
16380993,857434,2025-12-26,Sports,Resistance Bands,1,27.77,6,27.77,5.9,5.22,37.22,PayPal,Delivered,Standard,Mobile App,,4,3
32842158,167359,2025-01-18,Home & Kitchen,Desk Lamp,1,50.01,21,50.01,5.9,7.9,53.31,Credit Card,Delivered,Standard,Website,,3,5
21278900,620970,2025-11-21,Home & Kitchen,Desk Lamp,1,55.94,11,55.94,5.9,9.96,65.65,Credit Card,Delivered,Standard,Mobile App,VIP20,3,3
91288775,127177,2025-11-29,Electronics,Mechanical Keyboard,2,97.74,11,195.48,12.9,34.8,221.68,Credit Card,Delivered,Express,Website,,1,4
18255755,513961,2025-11-20,Fashion,Running Shoes,4,98.12,16,392.48,0.0,65.94,395.62,Credit Card,Delivered,Standard,Mobile App,,4,4
67959946,703633,2024-11-07,Beauty,Makeup Kit,1,61.55,4,61.55,5.9,11.82,76.81,PayPal,Delivered,Standard,Mobile App,,3,4
81869240,236070,2025-10-01,Fashion,Winter Jacket,1,171.17,15,171.17,0.0,29.1,174.59,Apple Pay,Delivered,Standard,Mobile App,,6,4
25953754,821443,2025-09-22,Home & Kitchen,Blender,1,87.02,22,87.02,5.9,13.58,87.36,Google Pay,Delivered,Standard,Website,FREESHIP,4,5
60790112,463147,2025-08-02,Electronics,Smart Watch,5,158.16,20,790.8,0.0,126.53,759.17,Credit Card,Delivered,Standard,Mobile App,VIP20,4,4
67900342,888237,2025-01-25,Sports,Cycling Helmet,1,72.09,4,72.09,12.9,13.84,95.95,Credit Card,Delivered,Express,Mobile App,,2,4
13235221,504154,2025-12-25,Beauty,Perfume,2,97.88,16,195.76,0.0,24.67,189.11,Credit Card,Delivered,Standard,Website,VIP20,6,5
63731920,859344,2024-07-19,Electronics,Bluetooth Speaker,2,59.35,27,118.7,12.9,17.33,116.88,Bank Transfer,Delivered,Express,Website,SAVE15,1,5
71291628,499665,2025-06-25,Fashion,Winter Jacket,2,196.38,0,392.76,0.0,78.55,471.31,Google Pay,Delivered,Standard,Mobile App,,6,5
70144285,746011,2025-02-08,Beauty,Makeup Kit,1,54.69,25,54.69,5.9,8.2,55.12,Credit Card,Delivered,Standard,Website,,5,5
79974588,287149,2025-10-14,Fashion,Classic Jeans,1,67.94,12,67.94,12.9,11.96,84.65,Bank Transfer,Delivered,Express,Mobile App,,3,5
12375665,903991,2025-05-25,Beauty,Perfume,2,90.57,12,181.14,0.0,31.88,191.28,Credit Card,Delayed,Standard,Marketplace,,9,3
25790144,780313,2025-08-11,Books & Office,Notebook Set,1,22.36,12,22.36,5.9,3.94,29.52,Credit Card,Delivered,Standard,Marketplace,,6,5
18511893,236481,2025-07-08,Beauty,Hair Dryer,2,63.41,27,126.82,0.0,18.52,111.1,Credit Card,Delivered,Standard,Website,WELCOME10,5,4
72883431,158237,2025-02-09,Fashion,Winter Jacket,1,194.33,17,194.33,12.9,32.26,206.45,Credit Card,Delivered,Express,Website,,1,5
10629692,178261,2025-12-13,Electronics,Bluetooth Speaker,2,84.62,16,169.24,0.0,28.43,170.59,Credit Card,Delivered,Standard,Website,,4,4
95097089,249557,2024-10-03,Books & Office,Office Chair,1,204.84,20,204.84,0.0,32.77,196.64,Credit Card,Delivered,Standard,Website,VIP20,5,5
81666132,445918,2025-12-08,Fashion,Winter Jacket,1,194.92,16,194.92,0.0,32.75,196.48,Google Pay,Delivered,Standard,Website,VIP20,5,5
78237244,152133,2025-07-14,Home & Kitchen,Air Fryer,1,144.12,2,144.12,0.0,28.25,169.49,Credit Card,Delivered,Standard,Marketplace,SAVE15,4,3
45495144,893534,2025-11-16,Electronics,Wireless Headphones,2,93.95,24,187.9,0.0,28.56,171.36,PayPal,Delivered,Standard,Website,VIP20,6,5
58923878,241563,2025-05-18,Electronics,Bluetooth Speaker,1,71.49,30,71.49,5.9,10.01,65.95,Apple Pay,Delivered,Standard,Website,SAVE15,5,4
82665810,445918,2025-12-06,Electronics,Bluetooth Speaker,2,63.34,6,126.68,0.0,23.82,142.9,Apple Pay,Delivered,Standard,Website,WELCOME10,3,5
48743958,204963,2025-12-04,Books & Office,Notebook Set,1,23.7,14,23.7,5.9,4.08,30.36,Credit Card,Delivered,Standard,Website,FREESHIP,4,5
61092141,422958,2025-09-09,Electronics,USB-C Hub,1,42.51,5,42.51,0.0,8.08,48.46,PayPal,Delivered,Pickup,Mobile App,,1,5
56507726,837252,2024-08-31,Books & Office,Data Analytics Book,3,44.45,0,133.35,12.9,10.27,156.52,PayPal,Delivered,Express,Website,,2,5
31361385,229805,2025-11-01,Fashion,Backpack,1,75.51,24,75.51,5.9,11.48,0.0,Credit Card,Cancelled,Standard,Website,WELCOME10,,
70366965,741821,2025-08-08,Fashion,Classic Jeans,3,67.83,19,203.49,12.9,32.97,210.7,Apple Pay,Delivered,Express,Website,SAVE15,1,3
43561229,658396,2025-12-18,Home & Kitchen,Desk Lamp,2,46.22,4,92.44,12.9,17.75,119.39,Credit Card,Delivered,Express,Mobile App,FREESHIP,1,5
65612236,232146,2024-01-04,Books & Office,Data Analytics Book,2,45.46,14,90.92,5.9,15.64,99.73,Credit Card,Delivered,Standard,Marketplace,SAVE15,4,5
49426354,782891,2025-10-31,Beauty,Skin Care Set,1,78.39,12,78.39,5.9,13.8,88.68,Credit Card,Delivered,Standard,Website,VIP20,6,4
69543350,507747,2025-07-26,Electronics,Smart Watch,1,165.42,12,165.42,12.9,29.11,187.58,Bank Transfer,Delivered,Express,Website,,2,4
49181855,765119,2025-12-19,Electronics,USB-C Hub,2,44.9,14,89.8,12.9,15.45,105.58,PayPal,Delivered,Express,Website,VIP20,2,4
34840158,287149,2025-10-29,Books & Office,Monitor Stand,1,43.59,7,43.59,0.0,8.11,48.65,PayPal,Delivered,Pickup,Mobile App,VIP20,1,5
25415773,324931,2025-09-08,Sports,Yoga Mat,4,38.91,14,155.64,0.0,10.31,144.16,Credit Card,Delivered,Standard,Mobile App,,5,5
52688292,439102,2025-01-30,Electronics,Bluetooth Speaker,3,70.56,14,211.68,12.9,36.41,231.35,Credit Card,Delivered,Express,Mobile App,WELCOME10,3,
43433150,913479,2024-09-24,Sports,Fitness Tracker,1,91.29,10,91.29,5.9,16.43,104.49,PayPal,Delivered,Standard,Mobile App,,4,4
99018661,949242,2025-09-09,Home & Kitchen,Blender,1,78.97,25,78.97,5.9,11.85,76.98,PayPal,Delivered,Standard,Mobile App,,5,5
84866121,225018,2024-08-21,Home & Kitchen,Cookware Set,1,157.31,5,157.31,0.0,29.89,179.33,Bank Transfer,Delivered,Standard,Mobile App,VIP20,5,4
18039587,811213,2025-02-02,Home & Kitchen,Air Fryer,1,121.52,5,121.52,0.0,23.09,138.53,Apple Pay,Delivered,Standard,Website,VIP20,7,4
48446708,894892,2025-06-29,Home & Kitchen,Blender,3,87.75,10,263.25,0.0,47.39,284.32,Credit Card,Delivered,Standard,Mobile App,,4,5
30311885,831411,2025-06-21,Beauty,Perfume,1,86.23,15,86.23,5.9,14.66,93.86,Credit Card,Delivered,Standard,Website,VIP20,6,5
87844650,871468,2025-05-23,Home & Kitchen,Desk Lamp,1,46.54,0,46.54,5.9,6.98,59.42,Credit Card,Delivered,Standard,Mobile App,,5,3
49394484,154643,2025-10-31,Home & Kitchen,Cookware Set,1,165.08,0,165.08,12.9,24.76,202.74,Credit Card,Delivered,Express,Mobile App,,1,5
80019402,220868,2025-12-24,Home & Kitchen,Coffee Maker,2,94.79,24,189.58,0.0,28.82,172.9,Credit Card,Delivered,Standard,Mobile App,FREESHIP,4,4
62425478,499852,2024-11-28,Electronics,Mechanical Keyboard,1,90.48,6,90.48,5.9,17.01,107.96,PayPal,Delivered,Standard,Mobile App,,5,4
85522129,990675,2025-10-13,Sports,Yoga Mat,1,41.46,5,41.46,5.9,7.88,53.17,Credit Card,Delivered,Standard,Website,VIP20,5,4
27133301,772173,2025-01-27,Sports,Yoga Mat,1,40.76,27,40.76,12.9,5.95,48.6,Credit Card,Delivered,Express,Mobile App,,1,4
54122173,119634,2025-12-10,Electronics,Wireless Headphones,1,101.85,14,101.85,5.9,17.52,111.01,Google Pay,Delivered,Standard,Website,,5,5
14854218,641029,2025-12-30,Home & Kitchen,Air Fryer,1,129.75,24,129.75,0.0,19.72,118.33,Credit Card,Delivered,Standard,Mobile App,WELCOME10,3,5
46292784,240638,2025-12-20,Beauty,Electric Toothbrush,1,81.12,4,81.12,5.9,15.58,99.36,PayPal,Delivered,Standard,Website,,6,
48281938,857800,2025-05-04,Electronics,Wireless Headphones,2,91.69,10,183.38,0.0,12.71,177.75,Apple Pay,Delivered,Standard,Marketplace,FREESHIP,4,5
18674745,252615,2025-10-20,Beauty,Makeup Kit,1,58.78,10,58.78,5.9,4.07,62.87,Credit Card,Delivered,Standard,Website,VIP20,4,5
23958440,747145,2025-05-27,Fashion,Classic Jeans,1,77.69,5,77.69,5.9,14.76,94.47,Google Pay,Delivered,Standard,Mobile App,,6,3
54921419,883353,2025-12-30,Electronics,Smart Watch,2,134.12,9,268.24,0.0,48.82,292.92,Credit Card,Delivered,Standard,Mobile App,,3,4
76241393,548453,2025-12-31,Beauty,Hair Dryer,1,65.05,6,65.05,12.9,12.23,86.28,Google Pay,Delivered,Express,Mobile App,,2,5
24944212,859285,2025-09-16,Books & Office,Ergonomic Mouse,1,57.1,5,57.1,12.9,10.85,0.0,Credit Card,Cancelled,Express,Website,,,
34672472,893534,2025-11-28,Electronics,Bluetooth Speaker,3,66.48,4,199.44,0.0,38.29,229.75,Credit Card,Delivered,Standard,Marketplace,,4,4
29282921,850524,2025-11-30,Fashion,Cotton Hoodie,1,59.31,14,59.31,5.9,10.2,67.11,Credit Card,Returned,Standard,Website,,4,
41828421,358151,2025-07-29,Electronics,Wireless Headphones,2,84.11,6,168.22,12.9,31.63,202.66,Bank Transfer,Delivered,Express,Website,WELCOME10,2,4
18564611,981921,2025-09-10,Home & Kitchen,Blender,3,80.08,17,240.24,0.0,39.88,239.28,Credit Card,Delivered,Pickup,Mobile App,,1,5
86174441,547877,2024-12-14,Home & Kitchen,Air Fryer,1,133.81,11,133.81,0.0,23.82,142.91,Bank Transfer,Delivered,Standard,Website,,3,4
97009128,391759,2025-07-17,Beauty,Electric Toothbrush,2,75.18,24,150.36,0.0,17.14,131.41,PayPal,Delivered,Standard,Mobile App,VIP20,5,4
94018738,130614,2025-04-16,Sports,Fitness Tracker,1,109.5,17,109.5,5.9,18.18,114.97,PayPal,Delivered,Standard,Website,FREESHIP,3,4
94733268,623469,2025-12-24,Beauty,Makeup Kit,1,61.85,19,61.85,5.9,10.02,66.02,Credit Card,Delivered,Standard,Mobile App,,4,4
86933715,789592,2024-08-28,Beauty,Perfume,2,86.84,2,173.68,0.0,25.53,195.74,PayPal,Delivered,Standard,Mobile App,FREESHIP,5,5
77643431,447274,2025-02-20,Sports,Yoga Mat,1,41.51,10,41.51,12.9,7.47,57.73,Bank Transfer,Delivered,Express,Website,WELCOME10,2,5
28904827,684041,2025-12-04,Books & Office,Monitor Stand,2,52.73,14,105.46,12.9,18.14,121.74,Bank Transfer,Delivered,Express,Mobile App,,1,4
67651995,504154,2024-10-17,Fashion,Cotton Hoodie,1,56.93,2,56.93,12.9,8.37,77.06,Credit Card,Delivered,Express,Marketplace,,2,5
48395260,468629,2025-11-06,Electronics,USB-C Hub,1,41.64,9,41.64,5.9,7.58,51.37,Google Pay,Delivered,Standard,Mobile App,,6,5
89093231,202492,2025-06-08,Fashion,Winter Jacket,4,162.77,12,651.08,0.0,44.12,617.07,Apple Pay,Delivered,Standard,Website,WELCOME10,4,4
78137210,225761,2024-04-04,Books & Office,Office Chair,1,206.11,9,206.11,0.0,37.51,225.07,Bank Transfer,Returned,Standard,Website,,5,
11187276,202492,2024-11-24,Home & Kitchen,Air Fryer,1,128.06,21,128.06,12.9,7.79,121.86,Credit Card,Delayed,Express,Marketplace,,2,3
18488164,931588,2025-09-14,Fashion,Winter Jacket,2,174.43,10,348.86,0.0,62.79,376.76,Credit Card,Returned,Standard,Website,,5,
66559502,848223,2025-04-07,Beauty,Electric Toothbrush,2,85.79,2,171.58,0.0,33.63,201.78,Apple Pay,Delivered,Standard,Mobile App,FREESHIP,2,4
12440078,198559,2025-11-10,Sports,Fitness Tracker,2,85.23,21,170.46,0.0,26.93,161.59,Credit Card,Delivered,Pickup,Marketplace,,2,5
33453480,167359,2024-09-28,Electronics,Wireless Headphones,1,80.58,4,80.58,0.0,15.47,92.83,Credit Card,Delivered,Pickup,Marketplace,SAVE15,1,5
28769400,199099,2025-10-04,Electronics,Wireless Headphones,1,83.41,10,83.41,5.9,11.26,92.23,Apple Pay,Delivered,Standard,Mobile App,SAVE15,4,5
92465301,694107,2024-12-26,Books & Office,Monitor Stand,1,47.32,26,47.32,5.9,7.0,47.92,Bank Transfer,Delayed,Standard,Website,FREESHIP,9,3
93419823,295623,2025-08-09,Electronics,Mechanical Keyboard,1,102.49,5,102.49,0.0,7.5,104.87,PayPal,Delivered,Pickup,Mobile App,FREESHIP,1,3
75798077,362615,2025-02-21,Home & Kitchen,Coffee Maker,1,93.36,0,93.36,0.0,18.67,112.03,Credit Card,Delivered,Pickup,Website,,1,5
33530313,827155,2025-12-25,Books & Office,Office Chair,4,227.58,4,910.32,0.0,174.78,1048.69,Credit Card,Returned,Standard,Mobile App,,4,
93478649,311826,2025-06-27,Electronics,Wireless Headphones,1,81.92,0,81.92,5.9,16.38,104.2,Credit Card,Delivered,Standard,Mobile App,,6,4
23795137,487033,2025-06-13,Home & Kitchen,Blender,1,65.87,5,65.87,5.9,12.52,81.0,Google Pay,Delivered,Standard,Website,,6,3
94419489,264538,2025-10-23,Sports,Resistance Bands,1,35.08,20,35.08,5.9,5.61,39.57,Credit Card,Delayed,Standard,Website,,9,4
70700571,920398,2025-12-23,Beauty,Skin Care Set,1,86.88,24,86.88,5.9,13.21,85.14,Bank Transfer,Delivered,Standard,Mobile App,SAVE15,6,5
30534582,149154,2025-12-12,Fashion,Classic Jeans,1,77.06,14,77.06,5.9,13.25,85.42,Credit Card,Delivered,Standard,Mobile App,FREESHIP,5,3
94374933,949242,2025-08-19,Beauty,Electric Toothbrush,1,74.81,0,74.81,0.0,14.96,89.77,Apple Pay,Delivered,Pickup,Marketplace,,1,3
31200180,847964,2025-09-30,Fashion,Backpack,1,75.73,15,75.73,5.9,12.87,83.14,Credit Card,Delayed,Standard,Website,SAVE15,9,3
46305008,215222,2024-12-10,Home & Kitchen,Blender,2,68.96,23,137.92,12.9,21.24,0.0,Bank Transfer,Cancelled,Express,Website,,,
23138233,287201,2024-11-23,Home & Kitchen,Air Fryer,2,119.8,14,239.6,12.9,41.21,260.17,Credit Card,Delivered,Express,Website,,3,5
91251858,684041,2025-11-22,Fashion,Backpack,1,68.56,4,68.56,5.9,13.16,84.88,Google Pay,Delivered,Standard,Website,VIP20,4,4
38587577,220772,2025-04-16,Beauty,Electric Toothbrush,1,76.69,5,76.69,5.9,5.61,84.37,Google Pay,Delayed,Standard,Website,WELCOME10,8,4
64886164,565703,2025-10-08,Fashion,Winter Jacket,1,194.83,5,194.83,12.9,37.02,235.01,Credit Card,Delivered,Express,Mobile App,VIP20,3,3
76540178,476735,2025-07-06,Sports,Dumbbell Set,2,117.7,19,235.4,0.0,28.6,219.27,Google Pay,Returned,Standard,Website,VIP20,5,
58174956,364720,2025-05-30,Electronics,Wireless Headphones,1,84.62,2,84.62,5.9,16.59,0.0,Credit Card,Cancelled,Standard,Website,,,
76744873,410199,2025-12-21,Electronics,Wireless Headphones,1,89.82,4,89.82,5.9,17.25,109.38,Google Pay,Delivered,Standard,Mobile App,,3,5
65170484,451365,2025-10-01,Fashion,Classic Jeans,1,69.58,15,69.58,5.9,11.83,76.87,Credit Card,Delivered,Standard,Mobile App,,4,4
15558601,801451,2025-12-29,Fashion,Classic Jeans,1,65.66,4,65.66,5.9,9.45,78.38,Credit Card,Delivered,Standard,Mobile App,,4,5
40286007,658396,2025-09-04,Electronics,Smart Watch,1,152.86,30,152.86,12.9,21.4,141.3,Google Pay,Delivered,Express,Website,,1,3
81064464,650860,2025-09-30,Sports,Dumbbell Set,2,116.94,0,233.88,0.0,46.78,280.66,Credit Card,Delivered,Standard,Mobile App,,4,5
76047045,268270,2025-07-09,Beauty,Hair Dryer,1,51.87,9,51.87,5.9,9.44,62.54,Google Pay,Delayed,Standard,Website,FREESHIP,7,3
36762859,429479,2025-12-29,Fashion,Classic Jeans,2,67.14,11,134.28,0.0,23.9,143.41,PayPal,Delivered,Standard,Website,SAVE15,6,5
61701396,453744,2025-12-18,Sports,Fitness Tracker,1,105.24,4,105.24,5.9,20.21,127.14,Apple Pay,Delivered,Standard,Website,FREESHIP,5,5
54060001,293665,2025-11-01,Home & Kitchen,Desk Lamp,1,47.29,6,47.29,0.0,3.42,47.87,Bank Transfer,Delivered,Pickup,Website,,1,4
20517747,372597,2024-10-13,Electronics,Wireless Headphones,3,96.41,2,289.23,0.0,56.69,340.14,PayPal,Delivered,Standard,Mobile App,SAVE15,7,5
32856502,498838,2024-10-01,Electronics,Smart Watch,1,155.88,0,155.88,0.0,31.18,187.06,Google Pay,Delivered,Standard,Website,,3,5
85564759,524996,2025-08-31,Books & Office,Notebook Set,2,21.65,10,43.3,5.9,7.79,52.66,Apple Pay,Delivered,Standard,Mobile App,SAVE15,4,4
54059760,953413,2024-07-21,Books & Office,Notebook Set,1,23.5,6,23.5,12.9,4.42,39.41,Google Pay,Delivered,Express,Website,VIP20,2,3
25028036,339209,2025-09-01,Fashion,Backpack,1,69.52,0,69.52,0.0,10.43,0.0,PayPal,Cancelled,Pickup,Marketplace,,,
80643099,766181,2025-06-30,Books & Office,Ergonomic Mouse,1,59.76,10,59.76,12.9,10.76,77.44,PayPal,Delivered,Express,Mobile App,FREESHIP,1,5
53398630,283269,2025-10-24,Home & Kitchen,Coffee Maker,1,102.06,19,102.06,5.9,6.37,94.94,Credit Card,Delivered,Standard,Website,FREESHIP,3,5
43415149,571089,2024-01-23,Fashion,Backpack,1,74.71,14,74.71,5.9,12.85,83.0,Bank Transfer,Delivered,Standard,Website,,7,4
86258583,489771,2025-07-23,Home & Kitchen,Coffee Maker,1,92.96,17,92.96,12.9,15.43,105.49,PayPal,Delivered,Express,Mobile App,,2,4
51897605,366627,2025-06-30,Electronics,Smart Watch,2,137.22,7,274.44,12.9,51.05,319.18,Credit Card,Returned,Express,Marketplace,,2,
33558226,990675,2025-01-26,Beauty,Makeup Kit,1,60.02,2,60.02,5.9,11.76,76.48,Credit Card,Delivered,Standard,Marketplace,,5,5
25383089,272038,2025-12-21,Beauty,Skin Care Set,1,87.68,9,87.68,12.9,15.96,108.65,Bank Transfer,Delivered,Express,Mobile App,,2,4
79563257,194345,2025-10-24,Home & Kitchen,Blender,2,83.01,0,166.02,0.0,33.2,199.22,PayPal,Delivered,Standard,Website,,5,5
32538006,655738,2025-05-26,Books & Office,Ergonomic Mouse,1,53.78,7,53.78,5.9,10.0,65.92,Credit Card,Delivered,Standard,Mobile App,WELCOME10,5,4
86972124,571089,2024-10-18,Sports,Fitness Tracker,1,95.51,17,95.51,12.9,15.85,108.02,Credit Card,Delivered,Express,Website,SAVE15,3,5
92442520,136522,2025-10-31,Fashion,Winter Jacket,2,151.25,2,302.5,12.9,59.29,368.64,Apple Pay,Delivered,Express,Mobile App,FREESHIP,1,5
94606586,316389,2025-11-07,Fashion,Backpack,1,75.51,14,75.51,5.9,12.99,83.83,PayPal,Delayed,Standard,Marketplace,,8,4
89193981,240302,2025-05-05,Home & Kitchen,Blender,1,87.76,0,87.76,0.0,17.55,105.31,PayPal,Delivered,Pickup,Marketplace,,1,4
61586426,405090,2025-12-24,Electronics,Bluetooth Speaker,1,68.9,9,68.9,5.9,12.54,81.14,PayPal,Delivered,Standard,Website,VIP20,7,4
85606319,878684,2025-08-30,Electronics,Smart Watch,4,150.87,2,603.48,12.9,118.28,0.0,Apple Pay,Cancelled,Express,Marketplace,,,
90146640,428817,2025-08-05,Electronics,USB-C Hub,1,45.27,0,45.27,5.9,9.05,60.22,PayPal,Delivered,Standard,Mobile App,,4,5
43941666,114582,2025-10-21,Sports,Cycling Helmet,1,77.67,12,77.67,0.0,13.67,82.02,Credit Card,Delivered,Pickup,Website,FREESHIP,1,5
69329419,463147,2025-05-12,Beauty,Hair Dryer,2,65.24,10,130.48,0.0,23.49,140.92,Credit Card,Delivered,Standard,Website,,4,5
74696803,606428,2024-11-03,Home & Kitchen,Blender,2,71.65,11,143.3,0.0,25.51,153.05,Google Pay,Delivered,Standard,Website,,6,5
84640537,796464,2025-05-12,Fashion,Running Shoes,1,111.57,17,111.57,5.9,13.89,112.39,Apple Pay,Delivered,Standard,Mobile App,FREESHIP,5,
54228049,859369,2025-08-25,Fashion,Winter Jacket,1,169.77,15,169.77,0.0,28.86,173.16,Bank Transfer,Delivered,Standard,Marketplace,VIP20,4,4
95041929,883353,2025-12-27,Home & Kitchen,Desk Lamp,2,41.5,4,83.0,5.9,15.94,101.52,Credit Card,Delivered,Standard,Mobile App,SAVE15,3,3
60875652,225761,2025-12-20,Books & Office,Notebook Set,1,23.35,23,23.35,5.9,3.6,27.48,Credit Card,Delivered,Standard,Mobile App,FREESHIP,7,5
85801715,279792,2025-11-24,Electronics,Wireless Headphones,1,85.01,14,85.01,5.9,14.62,93.63,Credit Card,Delivered,Standard,Mobile App,,3,4
87007868,927734,2024-06-26,Fashion,Cotton Hoodie,1,60.17,12,60.17,5.9,10.59,0.0,PayPal,Cancelled,Standard,Website,,,
47207367,662484,2024-04-07,Sports,Dumbbell Set,1,135.89,22,135.89,0.0,21.2,127.19,Apple Pay,Delivered,Standard,Mobile App,,4,4
18469841,453656,2024-07-12,Fashion,Running Shoes,3,110.17,4,330.51,0.0,63.46,380.75,PayPal,Delivered,Standard,Mobile App,,4,5
97303866,985158,2025-09-28,Electronics,Mechanical Keyboard,2,91.0,2,182.0,12.9,35.67,226.93,Credit Card,Delivered,Express,Website,,1,5
37007895,178261,2025-01-21,Books & Office,Notebook Set,3,24.22,4,72.66,5.9,13.95,89.6,PayPal,Delivered,Standard,Website,WELCOME10,4,4
95286215,395181,2025-08-28,Beauty,Electric Toothbrush,2,79.07,0,158.14,0.0,31.63,189.77,PayPal,Delivered,Standard,Mobile App,,7,5
98091798,415785,2025-11-28,Fashion,Cotton Hoodie,1,62.74,4,62.74,5.9,12.05,78.18,Credit Card,Delivered,Standard,Website,,3,5
94357034,738362,2025-07-17,Sports,Dumbbell Set,1,104.96,17,104.96,0.0,17.42,104.54,PayPal,Delivered,Pickup,Website,VIP20,3,4
80137461,354938,2025-10-18,Books & Office,Monitor Stand,1,48.14,10,48.14,12.9,8.67,64.9,Credit Card,Delivered,Express,Website,WELCOME10,4,5
84792542,773799,2024-02-13,Electronics,Smart Watch,1,147.26,10,147.26,0.0,26.51,159.04,Google Pay,Delivered,Standard,Website,SAVE15,4,3
61718294,791189,2025-12-30,Books & Office,Monitor Stand,4,43.73,9,174.92,0.0,31.84,191.02,Credit Card,Delivered,Standard,Website,VIP20,6,5
49052127,738362,2025-11-28,Fashion,Running Shoes,2,121.71,4,243.42,12.9,46.74,293.32,Apple Pay,Delivered,Express,Marketplace,,3,5
55242357,209508,2025-09-14,Fashion,Cotton Hoodie,1,59.36,0,59.36,12.9,11.87,84.13,Credit Card,Delivered,Express,Mobile App,,1,5
77408434,319377,2024-12-21,Home & Kitchen,Air Fryer,2,127.24,33,254.48,12.9,34.1,217.5,Apple Pay,Delayed,Express,Website,WELCOME10,5,3
38768379,396586,2025-12-07,Home & Kitchen,Coffee Maker,2,102.29,14,204.58,0.0,35.19,211.13,PayPal,Delivered,Standard,Marketplace,SAVE15,4,3
12407724,358151,2025-09-22,Sports,Resistance Bands,1,28.46,4,28.46,5.9,5.46,38.68,Credit Card,Delivered,Standard,Website,SAVE15,5,4
47160733,319377,2025-11-13,Sports,Cycling Helmet,2,76.81,18,153.62,0.0,25.19,151.16,Credit Card,Delivered,Standard,Mobile App,,6,4
80874615,765119,2025-12-28,Fashion,Running Shoes,1,115.29,4,115.29,5.9,22.14,138.72,Apple Pay,Returned,Standard,Mobile App,,2,
69190013,215222,2024-11-12,Books & Office,Monitor Stand,1,48.03,13,48.03,12.9,8.36,63.05,Google Pay,Delivered,Express,Mobile App,WELCOME10,2,5
42324886,931588,2025-11-24,Electronics,Smart Watch,2,146.25,14,292.5,0.0,50.31,301.86,Google Pay,Delivered,Standard,Website,VIP20,2,4
42458729,272706,2025-10-31,Electronics,Bluetooth Speaker,1,74.4,15,74.4,5.9,12.65,81.79,Credit Card,Delivered,Standard,Mobile App,WELCOME10,4,4
24342237,775109,2024-07-21,Beauty,Hair Dryer,1,70.1,12,70.1,5.9,12.34,79.93,Apple Pay,Delivered,Standard,Mobile App,,5,4
96770835,290261,2025-12-13,Beauty,Hair Dryer,1,70.65,24,70.65,12.9,10.74,77.33,PayPal,Returned,Express,Mobile App,SAVE15,1,
89626094,726493,2025-12-15,Books & Office,Notebook Set,4,27.54,16,110.16,5.9,7.12,105.55,Credit Card,Delivered,Standard,Website,WELCOME10,6,4
44247330,657545,2025-12-14,Fashion,Running Shoes,2,100.04,21,200.08,0.0,31.61,189.67,PayPal,Delivered,Standard,Website,,6,4
63223953,136007,2025-03-29,Fashion,Running Shoes,1,108.52,0,108.52,5.9,21.7,136.12,PayPal,Delivered,Standard,Website,,3,4
60782612,791897,2025-04-22,Sports,Fitness Tracker,1,105.31,25,105.31,5.9,6.08,90.96,Google Pay,Delivered,Standard,Website,WELCOME10,5,4
78703927,775778,2025-12-11,Home & Kitchen,Blender,1,71.99,34,71.99,12.9,9.5,69.91,Credit Card,Delivered,Express,Website,VIP20,2,4
91456427,746525,2025-11-22,Books & Office,Data Analytics Book,2,40.57,4,81.14,5.9,15.58,99.37,Credit Card,Delivered,Standard,Mobile App,,8,5
96229223,874355,2024-12-18,Home & Kitchen,Air Fryer,1,117.95,4,117.95,5.9,22.65,141.78,Bank Transfer,Delivered,Standard,Mobile App,,3,4
98197865,796464,2025-08-28,Fashion,Classic Jeans,2,69.44,12,138.88,0.0,18.33,140.54,Credit Card,Delivered,Standard,Marketplace,,4,5
56309828,433309,2025-12-29,Home & Kitchen,Air Fryer,1,137.38,9,137.38,12.9,25.0,162.92,Credit Card,Delivered,Express,Website,,5,4
85674777,827812,2025-11-04,Fashion,Running Shoes,1,103.78,24,103.78,5.9,15.77,100.54,Credit Card,Delivered,Standard,Website,,5,4
29966479,248706,2025-09-18,Books & Office,Ergonomic Mouse,4,52.58,17,210.32,12.9,34.91,222.38,Google Pay,Delivered,Express,Mobile App,FREESHIP,2,5
85389565,750478,2025-12-22,Sports,Yoga Mat,1,36.6,9,36.6,0.0,6.66,39.97,Credit Card,Delivered,Pickup,Website,,1,4
49468414,444949,2025-06-11,Fashion,Classic Jeans,1,64.75,22,64.75,5.9,10.1,66.51,Credit Card,Delivered,Standard,Website,SAVE15,4,3
56084248,215222,2024-11-08,Fashion,Classic Jeans,1,63.03,18,63.03,12.9,10.34,74.92,Credit Card,Delivered,Express,Mobile App,,1,4
81903561,985158,2025-06-10,Electronics,Smart Watch,1,157.03,7,157.03,0.0,29.21,175.25,Bank Transfer,Returned,Standard,Mobile App,FREESHIP,4,
91696862,405338,2024-08-31,Home & Kitchen,Cookware Set,1,149.91,15,149.91,0.0,25.48,152.9,PayPal,Delivered,Standard,Marketplace,,3,5
23406781,980882,2025-05-28,Fashion,Winter Jacket,1,190.05,0,190.05,0.0,38.01,228.06,PayPal,Delivered,Standard,Website,,4,5
27358925,874355,2025-11-09,Fashion,Cotton Hoodie,1,60.72,24,60.72,5.9,9.23,61.28,PayPal,Delivered,Standard,Marketplace,WELCOME10,7,5
20250327,149154,2025-11-06,Books & Office,Monitor Stand,2,45.34,19,90.68,0.0,14.69,88.14,PayPal,Delivered,Pickup,Mobile App,SAVE15,1,5
95197447,523660,2025-06-08,Electronics,Smart Watch,1,148.38,17,148.38,0.0,24.63,147.79,Apple Pay,Delayed,Standard,Website,,9,2
77387518,272490,2025-12-24,Electronics,Smart Watch,1,146.86,34,146.86,0.0,19.39,116.32,Google Pay,Delivered,Standard,Website,,6,5
17904898,921568,2025-09-17,Fashion,Running Shoes,2,121.05,4,242.1,12.9,46.48,291.8,Credit Card,Delivered,Express,Website,,4,4
49159559,119473,2025-11-08,Fashion,Running Shoes,1,110.89,14,110.89,5.9,19.07,120.34,Credit Card,Returned,Standard,Mobile App,,4,
21538765,405338,2024-10-21,Home & Kitchen,Blender,1,78.56,10,78.56,5.9,14.14,90.74,Google Pay,Delivered,Standard,Website,FREESHIP,3,5
75981237,681390,2025-10-10,Books & Office,Monitor Stand,1,52.46,5,52.46,12.9,9.97,72.71,Credit Card,Delivered,Express,Mobile App,,2,2
35191453,883140,2025-01-16,Electronics,Bluetooth Speaker,3,65.62,14,196.86,0.0,33.86,203.16,Credit Card,Delivered,Standard,Website,SAVE15,4,4
10058897,242246,2025-12-30,Electronics,Smart Watch,1,154.45,16,154.45,0.0,25.95,155.69,Credit Card,Delivered,Pickup,Website,,1,5
54124901,272490,2025-08-08,Electronics,Smart Watch,2,131.01,15,262.02,0.0,44.54,267.26,Google Pay,Delivered,Pickup,Mobile App,VIP20,1,3
73970142,243318,2025-06-20,Electronics,Wireless Headphones,1,92.86,29,92.86,5.9,13.19,85.02,Credit Card,Delivered,Standard,Marketplace,,4,5
58800819,920398,2025-12-26,Fashion,Winter Jacket,1,184.12,9,184.12,0.0,33.51,201.06,Apple Pay,Delivered,Standard,Website,,5,5
64235603,149154,2025-09-14,Books & Office,Office Chair,2,173.16,30,346.32,0.0,48.48,290.9,Apple Pay,Delivered,Standard,Website,,5,3
86138476,985158,2025-06-03,Sports,Resistance Bands,3,32.08,7,96.24,12.9,17.9,120.3,Credit Card,Delivered,Express,Website,VIP20,2,5
46303500,302694,2025-03-13,Fashion,Backpack,1,81.37,25,81.37,0.0,12.21,73.24,Credit Card,Delivered,Pickup,Mobile App,FREESHIP,2,5
90065114,570380,2024-10-29,Fashion,Cotton Hoodie,1,69.49,0,69.49,5.9,13.9,89.29,Google Pay,Delivered,Standard,Website,,4,5
23661633,220868,2025-05-21,Fashion,Backpack,1,76.5,0,76.5,12.9,15.3,104.7,Credit Card,Delivered,Express,Website,,2,4
21589971,551665,2024-07-18,Fashion,Cotton Hoodie,1,66.97,9,66.97,5.9,12.19,79.03,Credit Card,Delivered,Standard,Mobile App,VIP20,4,5
58813311,608725,2025-01-26,Electronics,Smart Watch,4,146.5,11,586.0,0.0,104.31,625.85,Credit Card,Delivered,Standard,Website,FREESHIP,4,4
87342745,865173,2025-08-07,Beauty,Skin Care Set,2,84.08,7,168.16,12.9,31.28,200.57,PayPal,Delivered,Express,Mobile App,,1,4
16346743,286370,2025-03-19,Fashion,Backpack,1,76.45,5,76.45,5.9,10.89,89.42,,Delayed,Standard,Website,,7,2
22139096,990071,2025-05-29,Sports,Fitness Tracker,1,106.83,10,106.83,5.9,19.23,121.28,Credit Card,Delivered,Standard,Marketplace,VIP20,6,4
37830781,514149,2025-10-24,Fashion,Classic Jeans,1,63.28,0,63.28,5.9,12.66,81.84,Apple Pay,Delivered,Standard,Website,,2,5
22345607,178261,2025-09-24,Home & Kitchen,Cookware Set,1,161.22,2,161.22,12.9,31.6,202.5,Credit Card,Delivered,Express,Website,VIP20,1,5
67588318,627159,2025-09-21,Fashion,Cotton Hoodie,2,66.74,10,133.48,0.0,24.03,144.16,Bank Transfer,Delivered,Standard,Website,,4,4
14825503,927734,2025-12-03,Fashion,Cotton Hoodie,1,57.87,11,57.87,5.9,10.3,67.7,Credit Card,Delivered,Standard,Website,,4,5
83489478,134930,2025-12-10,Books & Office,Ergonomic Mouse,1,49.15,4,49.15,5.9,9.44,62.52,Credit Card,Delivered,Standard,Mobile App,VIP20,4,5
31849687,746525,2025-12-10,Fashion,Cotton Hoodie,1,67.62,19,67.62,12.9,10.95,78.62,Credit Card,Returned,Express,Marketplace,FREESHIP,1,
33089433,473815,2025-12-19,Home & Kitchen,Desk Lamp,1,51.67,24,51.67,5.9,5.89,51.06,Credit Card,Delivered,Standard,Website,FREESHIP,5,4
42150403,744782,2024-11-17,Fashion,Classic Jeans,1,71.92,14,71.92,5.9,12.37,80.12,PayPal,Delivered,Standard,Marketplace,,3,5
73581257,992612,2025-02-26,Sports,Fitness Tracker,1,95.1,34,95.1,5.9,12.55,81.22,Credit Card,Delayed,Standard,Mobile App,WELCOME10,11,3
65598463,874848,2025-04-08,Sports,Yoga Mat,1,38.17,10,38.17,5.9,6.87,47.12,Credit Card,Delivered,Standard,Marketplace,,4,4
28274097,648698,2024-09-18,Electronics,Mechanical Keyboard,2,112.07,10,224.14,0.0,30.26,231.99,PayPal,Delivered,Pickup,Website,,1,5
38816446,760915,2025-07-01,Electronics,USB-C Hub,1,45.72,4,45.72,5.9,3.38,53.17,Credit Card,Delivered,Standard,Marketplace,VIP20,5,3
56917728,368856,2025-10-27,Electronics,Smart Watch,2,138.29,15,276.58,0.0,47.02,282.11,Credit Card,Delivered,Standard,Website,,5,4
24197913,233651,2025-12-02,Electronics,Wireless Headphones,1,92.6,9,92.6,12.9,16.85,114.02,PayPal,Delivered,Express,Marketplace,VIP20,3,5
57698112,248706,2025-12-29,Books & Office,Ergonomic Mouse,1,55.74,6,55.74,5.9,10.48,68.78,Credit Card,Delivered,Standard,Website,,4,4
36569183,513961,2025-12-04,Beauty,Perfume,1,100.82,16,100.82,0.0,16.94,101.63,Credit Card,Delivered,Pickup,Website,SAVE15,1,4
56566747,549554,2025-10-21,Electronics,Bluetooth Speaker,1,73.91,4,73.91,5.9,14.19,91.04,Credit Card,Delivered,Standard,Mobile App,,4,5
82841931,833845,2024-12-11,Sports,Dumbbell Set,1,116.6,8,116.6,12.9,21.45,141.62,,Delivered,Express,Website,SAVE15,1,2
26074933,374084,2025-05-20,Home & Kitchen,Cookware Set,2,146.51,20,293.02,0.0,46.88,281.3,Google Pay,Delivered,Pickup,Marketplace,WELCOME10,1,4
11154970,504702,2025-05-27,Fashion,Winter Jacket,1,152.04,0,152.04,12.9,30.41,195.35,PayPal,Delivered,Express,Marketplace,,1,5
11232259,614335,2025-06-17,Electronics,Mechanical Keyboard,3,113.37,10,340.11,0.0,61.22,367.32,PayPal,Delivered,Standard,Website,,3,4
61127443,503812,2025-03-19,Home & Kitchen,Cookware Set,2,154.99,22,309.98,0.0,48.36,0.0,Bank Transfer,Cancelled,Standard,Marketplace,,,
39352920,545439,2025-10-20,Books & Office,Data Analytics Book,1,45.35,12,45.35,12.9,7.98,60.79,Credit Card,Delivered,Express,Website,SAVE15,1,5
35045402,401833,2025-09-26,Sports,Yoga Mat,1,34.94,15,34.94,5.9,5.94,41.54,Bank Transfer,Delayed,Standard,Mobile App,,9,4
98954738,825293,2025-10-16,Electronics,Wireless Headphones,2,100.42,10,200.84,0.0,36.15,216.91,PayPal,Delayed,Pickup,Mobile App,VIP20,3,2
71025668,249796,2025-07-17,Fashion,Backpack,1,77.02,7,77.02,5.9,14.33,91.86,Credit Card,Delivered,Standard,Website,,5,4
69435655,648698,2024-08-02,Beauty,Makeup Kit,1,65.02,15,65.02,5.9,8.29,69.46,Credit Card,Delivered,Standard,Website,FREESHIP,4,5
35995871,104473,2025-10-09,Electronics,USB-C Hub,1,40.75,15,40.75,5.9,6.93,47.47,PayPal,Returned,Standard,Website,VIP20,3,
50344561,270516,2025-12-10,Electronics,Wireless Headphones,1,87.75,14,87.75,5.9,5.81,87.17,Apple Pay,Delivered,Standard,Marketplace,,4,4
46117607,481750,2025-12-04,Beauty,Electric Toothbrush,1,83.68,4,83.68,5.9,16.07,102.3,PayPal,Delivered,Standard,Website,,4,4
45341073,394629,2025-11-26,Beauty,Electric Toothbrush,2,80.75,14,161.5,0.0,27.78,166.67,Bank Transfer,Delivered,Pickup,Mobile App,SAVE15,1,5
72706231,985158,2025-06-15,Electronics,Mechanical Keyboard,2,94.75,2,189.5,0.0,37.14,222.85,PayPal,Delivered,Standard,Mobile App,SAVE15,5,4
84259114,982524,2025-11-12,Electronics,Wireless Headphones,1,78.05,6,78.05,5.9,11.01,90.28,Apple Pay,Delivered,Standard,Mobile App,FREESHIP,3,5
98435326,218256,2025-11-17,Fashion,Classic Jeans,2,72.89,9,145.78,12.9,26.53,172.09,Apple Pay,Delivered,Express,Website,VIP20,3,5
78861023,587705,2025-02-06,Fashion,Backpack,2,79.05,0,158.1,0.0,31.62,189.72,Google Pay,Delivered,Pickup,Website,,1,3
72109853,745576,2025-08-13,Beauty,Electric Toothbrush,1,70.18,19,70.18,12.9,11.37,81.12,Credit Card,Delivered,Express,Mobile App,,1,4
10474775,726493,2024-12-11,Beauty,Electric Toothbrush,1,81.98,26,81.98,12.9,4.67,78.24,Credit Card,Delivered,Express,Marketplace,,1,5
35390404,778915,2025-12-18,Sports,Dumbbell Set,1,135.28,26,135.28,0.0,20.02,120.13,Credit Card,Delivered,Standard,Mobile App,VIP20,4,3
67068159,191540,2025-11-03,Home & Kitchen,Air Fryer,2,135.16,9,270.32,0.0,49.2,295.19,Credit Card,Delivered,Standard,Website,,5,4
89184546,569244,2025-11-16,Books & Office,Ergonomic Mouse,1,46.76,11,46.76,5.9,8.32,55.84,PayPal,Delivered,Standard,Website,,4,3
32836702,131819,2025-09-02,Books & Office,Notebook Set,2,22.47,17,44.94,0.0,7.46,44.76,Credit Card,Delivered,Pickup,Mobile App,FREESHIP,1,5
23187939,181988,2025-10-29,Electronics,Smart Watch,2,130.89,5,261.78,12.9,49.74,311.33,Credit Card,Delivered,Express,Mobile App,VIP20,2,4
77651232,215222,2025-09-16,Electronics,Smart Watch,1,146.57,19,146.57,0.0,23.74,142.46,Google Pay,Delayed,Standard,Website,VIP20,9,3
54596695,270516,2025-10-27,Fashion,Winter Jacket,2,191.84,0,383.68,0.0,29.54,413.22,Credit Card,Delivered,Standard,Marketplace,,5,3
51990848,287149,2025-09-25,Electronics,Smart Watch,1,152.08,17,152.08,0.0,25.25,151.48,Credit Card,Delivered,Pickup,Mobile App,VIP20,3,4
45249389,180687,2025-05-02,Electronics,USB-C Hub,1,48.43,12,48.43,5.9,8.52,0.0,Credit Card,Cancelled,Standard,Mobile App,SAVE15,,
99086838,853843,2024-10-08,Fashion,Classic Jeans,2,68.36,27,136.72,0.0,19.96,119.77,PayPal,Delivered,Standard,Website,WELCOME10,4,3
23024966,225018,2025-03-30,Beauty,Skin Care Set,2,93.5,5,187.0,0.0,35.53,213.18,Apple Pay,Delivered,Pickup,Website,WELCOME10,1,3
38865565,818021,2025-10-16,Fashion,Winter Jacket,2,182.42,24,364.84,12.9,55.46,345.64,Google Pay,Returned,Express,Website,WELCOME10,2,
88580803,264538,2025-10-11,Electronics,Wireless Headphones,3,88.34,10,265.02,12.9,47.7,299.12,Credit Card,Delayed,Express,Mobile App,,4,3
59242562,522620,2025-03-31,Beauty,Makeup Kit,1,56.32,0,56.32,0.0,4.34,60.66,Credit Card,Delivered,Pickup,Website,,1,5
28643118,985158,2025-10-25,Electronics,Wireless Headphones,1,74.16,17,74.16,5.9,12.31,79.76,Apple Pay,Returned,Standard,Mobile App,WELCOME10,5,
44377811,344218,2025-06-27,Sports,Dumbbell Set,3,95.51,10,286.53,0.0,19.86,277.74,Bank Transfer,Delivered,Standard,Website,,5,4
13153459,178261,2025-02-19,Sports,Fitness Tracker,1,96.52,17,96.52,5.9,16.02,102.03,Credit Card,Delivered,Standard,Mobile App,VIP20,5,4
18176548,694107,2025-06-11,Fashion,Cotton Hoodie,2,61.97,22,123.94,0.0,19.33,116.0,Credit Card,Delivered,Standard,Website,SAVE15,5,4
54100589,248706,2025-11-26,Beauty,Perfume,1,99.64,26,99.64,5.9,14.75,0.0,Apple Pay,Cancelled,Standard,Marketplace,FREESHIP,,
19278992,940815,2025-09-17,Sports,Resistance Bands,1,30.64,5,30.64,12.9,5.82,47.83,Credit Card,Delivered,Express,Website,,1,4
67570246,681390,2025-11-24,Sports,Yoga Mat,1,37.66,9,37.66,5.9,6.85,47.02,PayPal,Delivered,Standard,Mobile App,FREESHIP,5,5
57690125,372597,2025-03-24,Electronics,Mechanical Keyboard,1,99.35,7,99.35,12.9,18.48,0.0,PayPal,Cancelled,Express,Website,FREESHIP,,
74461403,119634,2025-06-18,Electronics,Mechanical Keyboard,1,99.83,20,99.83,5.9,15.97,101.73,Credit Card,Delivered,Standard,Website,SAVE15,4,5
53544079,657545,2025-07-06,Fashion,Winter Jacket,5,159.27,9,796.35,0.0,144.94,869.62,PayPal,Delivered,Standard,Mobile App,,2,4
31769872,135253,2024-10-01,Books & Office,Office Chair,1,221.12,0,221.12,0.0,44.22,265.34,Bank Transfer,Delivered,Standard,Marketplace,,4,3
61291751,666728,2024-11-13,Home & Kitchen,Blender,1,73.14,16,73.14,5.9,12.29,79.63,Apple Pay,Delivered,Standard,Mobile App,,4,4
27867294,999021,2025-12-06,Electronics,Smart Watch,1,156.56,11,156.56,0.0,27.87,167.21,Bank Transfer,Delivered,Standard,Website,,4,3
21458464,666728,2025-07-18,Home & Kitchen,Cookware Set,1,142.37,4,142.37,0.0,27.34,164.02,Credit Card,Delivered,Standard,Website,VIP20,4,4
43444322,136522,2025-10-20,Sports,Resistance Bands,1,32.3,7,32.3,12.9,6.01,48.95,Credit Card,Delivered,Express,Website,,2,4
17937773,815011,2025-06-29,Books & Office,Office Chair,1,206.76,30,206.76,12.9,28.95,186.58,Bank Transfer,Delivered,Express,Mobile App,,1,4
20361146,215222,2025-10-22,Home & Kitchen,Coffee Maker,1,105.04,9,105.04,5.9,19.12,120.61,Credit Card,Delivered,Standard,Marketplace,,6,4
36043846,248706,2025-12-18,Home & Kitchen,Blender,2,79.6,11,159.2,0.0,28.34,170.03,Credit Card,Delivered,Pickup,Mobile App,,1,3
71770627,703633,2025-07-06,Sports,Cycling Helmet,3,74.53,7,223.59,0.0,41.59,249.53,Credit Card,Delivered,Standard,Mobile App,,4,5
15870321,744782,2024-10-30,Home & Kitchen,Air Fryer,2,128.44,25,256.88,0.0,38.53,231.19,Credit Card,Delivered,Standard,Website,,4,5
71552560,643393,2025-09-11,Electronics,USB-C Hub,2,42.87,10,85.74,5.9,15.43,98.5,Credit Card,Delivered,Standard,Mobile App,WELCOME10,6,
68309280,240302,2025-07-17,Home & Kitchen,Air Fryer,1,136.48,12,136.48,0.0,24.02,144.12,Bank Transfer,Returned,Standard,Website,,5,
64453001,525369,2024-02-27,Home & Kitchen,Air Fryer,4,98.78,12,395.12,0.0,69.54,417.25,PayPal,Delivered,Standard,Marketplace,WELCOME10,4,5
42162093,765546,2024-10-30,Beauty,Electric Toothbrush,3,73.75,0,221.25,12.9,44.25,278.4,PayPal,Delivered,Express,Mobile App,,1,5
92525975,224914,2025-11-23,Fashion,Backpack,1,81.08,24,81.08,5.9,12.32,79.84,PayPal,Delayed,Standard,Mobile App,,6,3
27807169,385226,2025-06-22,Electronics,Mechanical Keyboard,2,112.18,32,224.36,0.0,30.51,183.07,Google Pay,Delivered,Standard,Mobile App,FREESHIP,4,5
36631299,197705,2025-11-22,Beauty,Makeup Kit,2,65.02,16,130.04,12.9,21.85,143.98,PayPal,Delivered,Express,Website,,1,3
81372961,833845,2025-11-26,Home & Kitchen,Blender,1,75.77,33,75.77,12.9,10.15,73.82,Credit Card,Delivered,Express,Mobile App,FREESHIP,1,5
61501900,439102,2025-12-29,Sports,Dumbbell Set,1,109.39,21,109.39,5.9,17.28,109.6,Apple Pay,Delivered,Standard,Website,,3,4
54434215,839661,2025-11-16,Electronics,Wireless Headphones,1,90.47,11,90.47,12.9,16.1,109.52,PayPal,Delivered,Express,Website,SAVE15,1,4
55908229,867969,2025-11-20,Sports,Fitness Tracker,3,100.97,23,302.91,12.9,46.65,292.79,Google Pay,Delivered,Express,Website,,1,5
73213874,746525,2025-11-28,Books & Office,Ergonomic Mouse,2,60.72,19,121.44,0.0,19.67,118.04,PayPal,Delivered,Standard,Website,VIP20,7,4
94400459,231776,2025-12-23,Home & Kitchen,Blender,2,82.88,4,165.76,12.9,31.83,203.86,PayPal,Delivered,Express,Mobile App,,1,4
37996350,283269,2025-10-06,Electronics,Smart Watch,2,139.68,9,279.36,12.9,19.57,286.69,Bank Transfer,Delivered,Express,Mobile App,SAVE15,2,5
38825759,295582,2025-11-16,Electronics,Wireless Headphones,1,90.5,6,90.5,5.9,17.01,107.98,Apple Pay,Delivered,Standard,Mobile App,,6,4
30624251,447274,2025-11-19,Sports,Yoga Mat,1,37.94,14,37.94,12.9,6.53,52.06,PayPal,Delivered,Express,Website,,1,5
53961460,439102,2025-03-09,Electronics,Bluetooth Speaker,2,74.54,7,149.08,0.0,27.73,0.0,Apple Pay,Cancelled,Standard,Website,,,
38414222,931588,2025-05-16,Home & Kitchen,Coffee Maker,2,108.01,5,216.02,12.9,41.04,259.16,Google Pay,Delivered,Express,Website,WELCOME10,1,5
36588582,412156,2024-06-22,Fashion,Cotton Hoodie,1,61.8,10,61.8,5.9,11.12,72.64,Credit Card,Delayed,Standard,Website,FREESHIP,7,3
13760301,549554,2024-09-06,Fashion,Winter Jacket,1,197.77,14,197.77,12.9,34.02,217.0,Google Pay,Delivered,Express,Website,SAVE15,1,4
24468619,302949,2025-12-20,Electronics,Smart Watch,1,155.88,29,155.88,12.9,22.13,145.7,Credit Card,Delivered,Express,Mobile App,,1,5
31855430,624376,2025-01-22,Home & Kitchen,Cookware Set,1,152.02,6,152.02,0.0,28.58,171.48,Google Pay,Delivered,Standard,Mobile App,,4,4
83727827,282434,2025-01-07,Electronics,Smart Watch,2,141.21,19,282.42,12.9,45.75,287.41,Credit Card,Delivered,Express,Mobile App,FREESHIP,1,3
38734530,549554,2024-07-05,Electronics,Smart Watch,1,175.45,26,175.45,0.0,25.97,155.8,Credit Card,Delivered,Pickup,Marketplace,,1,4
26698408,478316,2025-11-13,Sports,Fitness Tracker,1,87.87,14,87.87,5.9,15.11,96.58,Bank Transfer,Delivered,Standard,Website,FREESHIP,4,4
61670783,346256,2025-09-11,Sports,Yoga Mat,1,37.81,22,37.81,12.9,5.9,0.0,Credit Card,Cancelled,Express,Marketplace,VIP20,,
61082004,832849,2025-11-23,Beauty,Perfume,1,95.1,35,95.1,12.9,12.36,87.08,PayPal,Delivered,Express,Mobile App,SAVE15,1,4
93961882,657545,2024-05-19,Fashion,Winter Jacket,3,187.79,32,563.37,0.0,76.62,459.71,Credit Card,Delivered,Pickup,Website,,1,4
35915883,613208,2025-06-22,Books & Office,Notebook Set,3,21.34,0,64.02,12.9,12.8,89.72,Credit Card,Delivered,Express,Mobile App,,1,4
98806027,122059,2025-12-07,Books & Office,Office Chair,1,221.77,4,221.77,0.0,42.58,255.48,Credit Card,Delivered,Standard,Website,VIP20,5,4
53458578,934753,2025-06-26,Electronics,Wireless Headphones,4,94.34,2,377.36,0.0,73.96,443.77,Credit Card,Delivered,Pickup,Website,SAVE15,1,4
21525364,374084,2025-07-10,Sports,Cycling Helmet,2,79.47,17,158.94,0.0,26.38,158.3,Credit Card,Delayed,Standard,Mobile App,,8,3
21201681,922923,2025-08-25,Home & Kitchen,Coffee Maker,2,80.17,0,160.34,0.0,32.07,192.41,Google Pay,Delivered,Standard,Marketplace,,4,4
61491589,985158,2025-10-27,Books & Office,Notebook Set,1,25.62,17,25.62,5.9,4.25,31.41,Credit Card,Delivered,Standard,Mobile App,SAVE15,5,5
37468786,241628,2025-12-27,Electronics,Mechanical Keyboard,1,99.82,19,99.82,12.9,12.13,105.88,Google Pay,Delivered,Express,Mobile App,VIP20,1,4
96858223,967709,2025-12-08,Home & Kitchen,Blender,1,75.6,16,75.6,12.9,12.7,89.1,Credit Card,Delivered,Express,Marketplace,SAVE15,2,4
39830544,588766,2025-04-19,Sports,Dumbbell Set,1,97.73,25,97.73,5.9,14.66,93.86,Apple Pay,Delivered,Standard,Mobile App,SAVE15,4,4
35059674,676297,2025-06-23,Electronics,Smart Watch,1,137.76,4,137.76,12.9,10.18,155.33,PayPal,Delivered,Express,Mobile App,,1,4
26624471,432782,2025-09-01,Home & Kitchen,Blender,3,82.87,9,248.61,0.0,45.25,271.49,Credit Card,Delivered,Pickup,Mobile App,FREESHIP,1,4
28300158,795593,2025-12-14,Books & Office,Ergonomic Mouse,1,59.82,9,59.82,12.9,10.89,78.23,Credit Card,Delivered,Express,Mobile App,VIP20,3,5
71794073,814633,2025-06-25,Electronics,Wireless Headphones,1,85.78,20,85.78,5.9,13.72,88.24,Credit Card,Delivered,Standard,Mobile App,SAVE15,5,5
19124273,543532,2025-04-01,Beauty,Hair Dryer,3,71.55,17,214.65,0.0,13.72,191.88,PayPal,Delivered,Pickup,Marketplace,,1,5
50245517,672950,2024-10-09,Beauty,Hair Dryer,2,65.62,17,131.24,0.0,21.79,130.72,Apple Pay,Delivered,Standard,Website,,5,4
10154481,633842,2025-04-01,Sports,Resistance Bands,1,33.21,29,33.21,5.9,1.82,31.3,Credit Card,Delivered,Standard,Mobile App,FREESHIP,6,4
25762788,167359,2024-04-21,Beauty,Perfume,1,106.04,4,106.04,0.0,20.36,122.16,PayPal,Delivered,Pickup,Mobile App,SAVE15,1,3
29588596,819078,2025-10-12,Beauty,Makeup Kit,1,50.28,20,50.28,5.9,8.04,54.16,PayPal,Delivered,Standard,Website,SAVE15,7,5
72970559,942724,2025-11-21,Books & Office,Office Chair,4,210.0,24,840.0,0.0,127.68,766.08,Apple Pay,Delayed,Standard,Website,,6,3
83817380,953413,2024-01-29,Fashion,Running Shoes,2,100.57,21,201.14,0.0,31.78,190.68,Bank Transfer,Delivered,Pickup,Website,VIP20,1,4
50448079,215775,2025-12-06,Books & Office,Monitor Stand,1,47.18,24,47.18,5.9,7.17,48.93,Credit Card,Delivered,Standard,Mobile App,WELCOME10,5,4
67065846,270244,2025-12-03,Home & Kitchen,Air Fryer,1,119.91,19,119.91,5.9,19.43,122.46,Credit Card,Delivered,Standard,Mobile App,VIP20,4,4
98035494,241563,2025-09-08,Sports,Fitness Tracker,3,97.15,10,291.45,12.9,52.46,327.67,Bank Transfer,Delivered,Express,Mobile App,,2,5
15760109,765546,2024-10-28,Home & Kitchen,Air Fryer,1,124.19,5,124.19,12.9,23.6,154.48,PayPal,Delivered,Express,Website,WELCOME10,3,4
72653667,666728,2025-12-10,Books & Office,Data Analytics Book,1,37.88,35,37.88,5.9,4.92,35.44,Credit Card,Delivered,Standard,Marketplace,FREESHIP,2,5
74522885,748246,2025-07-10,Beauty,Perfume,1,81.9,17,81.9,5.9,13.6,87.48,PayPal,Delivered,Standard,Marketplace,FREESHIP,4,4
68505187,178261,2025-10-03,Sports,Dumbbell Set,1,109.87,7,109.87,5.9,20.44,128.52,Credit Card,Delivered,Standard,Mobile App,,3,5
62156635,225018,2025-02-26,Fashion,Backpack,1,74.58,5,74.58,5.9,14.17,90.92,Bank Transfer,Delivered,Standard,Website,,6,3
57773112,547877,2025-04-26,Fashion,Winter Jacket,1,221.3,17,221.3,12.9,36.74,233.32,PayPal,Delivered,Express,Website,,1,4
99881319,812830,2025-02-06,Electronics,Bluetooth Speaker,1,64.03,5,64.03,5.9,12.17,78.9,Credit Card,Delivered,Standard,Marketplace,FREESHIP,5,4
95813032,146198,2024-07-04,Electronics,Bluetooth Speaker,1,66.51,6,66.51,5.9,12.5,80.92,Credit Card,Delivered,Standard,Website,FREESHIP,4,4
78647707,754716,2024-09-10,Sports,Yoga Mat,1,36.3,5,36.3,5.9,6.9,0.0,Bank Transfer,Cancelled,Standard,Website,,,
24539954,593958,2025-11-09,Electronics,Smart Watch,2,147.63,29,295.26,0.0,41.93,251.56,Bank Transfer,Delivered,Standard,Website,WELCOME10,5,4
62380922,641029,2025-12-10,Home & Kitchen,Desk Lamp,1,49.99,14,49.99,12.9,8.6,64.49,Credit Card,Delivered,Express,Marketplace,VIP20,1,5
89183033,283269,2025-10-23,Electronics,Bluetooth Speaker,1,58.34,4,58.34,5.9,4.31,66.22,Apple Pay,Delayed,Standard,Mobile App,SAVE15,9,3
77242315,888237,2025-01-11,Fashion,Running Shoes,2,108.97,9,217.94,0.0,39.67,238.0,Credit Card,Delivered,Standard,Website,,3,5
87372133,924659,2024-06-30,Electronics,Smart Watch,3,162.58,2,487.74,0.0,95.6,573.59,Credit Card,Delivered,Standard,Mobile App,WELCOME10,4,5
95849197,650860,2025-09-24,Electronics,Wireless Headphones,2,98.43,10,196.86,0.0,35.43,212.6,PayPal,Delivered,Standard,Marketplace,,4,4
24284229,114582,2025-02-25,Books & Office,Monitor Stand,1,44.85,2,44.85,12.9,8.79,65.64,Bank Transfer,Delivered,Express,Marketplace,,2,4
90224169,478691,2025-12-10,Fashion,Backpack,1,79.0,34,79.0,0.0,10.43,62.57,Credit Card,Delivered,Pickup,Marketplace,WELCOME10,1,5
17041311,894892,2025-05-22,Electronics,Mechanical Keyboard,4,99.99,20,399.96,0.0,63.99,383.96,PayPal,Delivered,Standard,Website,SAVE15,5,5
58318706,785908,2024-12-13,Electronics,USB-C Hub,2,51.12,9,102.24,5.9,18.61,117.55,Credit Card,Delivered,Standard,Website,,8,4
39207262,843951,2025-11-21,Electronics,USB-C Hub,1,46.72,4,46.72,5.9,8.97,59.72,Credit Card,Delivered,Standard,Marketplace,FREESHIP,4,3
11930223,474413,2025-07-08,Beauty,Skin Care Set,1,90.57,2,90.57,0.0,17.75,106.51,Apple Pay,Delivered,Pickup,Mobile App,WELCOME10,1,4
38058264,627996,2024-11-03,Fashion,Running Shoes,1,110.31,21,110.31,5.9,13.07,106.11,Credit Card,Delivered,Standard,Website,,4,5
48674888,215222,2024-06-15,Fashion,Backpack,1,70.85,4,70.85,12.9,13.6,94.52,Credit Card,Delivered,Express,Website,,2,5
85472870,780313,2024-11-18,Sports,Cycling Helmet,3,72.43,6,217.29,0.0,40.85,245.1,Credit Card,Delayed,Pickup,Website,SAVE15,5,3
15993156,447274,2025-11-30,Home & Kitchen,Cookware Set,1,136.62,9,136.62,0.0,24.86,149.18,PayPal,Delivered,Standard,Mobile App,,3,3
99217381,232146,2024-11-13,Home & Kitchen,Blender,1,79.39,11,79.39,5.9,14.13,90.69,Apple Pay,Delivered,Standard,Website,SAVE15,6,3
95602299,733276,2025-12-30,Home & Kitchen,Desk Lamp,4,42.58,26,170.32,0.0,25.21,151.25,PayPal,Delivered,Standard,Website,SAVE15,7,4
59723336,248706,2025-08-01,Books & Office,Ergonomic Mouse,1,54.13,17,54.13,5.9,8.99,59.82,Credit Card,Delivered,Standard,Mobile App,,5,5
21995734,391183,2025-08-06,Books & Office,Ergonomic Mouse,1,52.42,20,52.42,0.0,8.39,50.33,Bank Transfer,Delivered,Pickup,Mobile App,,5,4
55407098,253129,2025-11-29,Beauty,Skin Care Set,1,71.61,14,71.61,5.9,4.74,72.22,Credit Card,Delayed,Standard,Website,,7,1
93738743,746525,2025-12-29,Beauty,Perfume,1,100.72,34,100.72,5.9,13.3,85.68,Credit Card,Returned,Standard,Mobile App,VIP20,4,
94458489,215222,2025-10-14,Books & Office,Office Chair,1,206.61,19,206.61,12.9,33.47,213.72,Apple Pay,Delayed,Express,Website,VIP20,6,3
52233819,564546,2025-01-25,Home & Kitchen,Blender,1,73.32,21,73.32,5.9,8.69,72.51,PayPal,Delivered,Standard,Website,WELCOME10,4,4
41209315,476136,2025-07-28,Fashion,Backpack,1,71.81,17,71.81,12.9,11.92,84.42,Credit Card,Delivered,Express,Mobile App,,3,4
78831295,617166,2024-12-07,Electronics,Smart Watch,1,159.37,29,159.37,0.0,22.63,135.78,Credit Card,Delivered,Standard,Marketplace,SAVE15,6,4
35490092,224914,2025-02-14,Electronics,Mechanical Keyboard,1,86.63,0,86.63,5.9,17.33,109.86,Google Pay,Delivered,Standard,Mobile App,,5,5
14992107,270244,2025-12-30,Electronics,USB-C Hub,1,44.8,9,44.8,5.9,8.15,54.82,PayPal,Delayed,Standard,Mobile App,,8,4
40474158,784695,2025-08-06,Fashion,Running Shoes,2,110.55,0,221.1,0.0,44.22,265.32,PayPal,Delivered,Standard,Website,,3,5
97128918,942793,2025-10-21,Electronics,Mechanical Keyboard,1,80.25,15,80.25,12.9,13.64,94.75,Credit Card,Returned,Express,Mobile App,,3,
23813927,565703,2024-06-25,Fashion,Classic Jeans,3,63.25,10,189.75,0.0,34.15,0.0,Credit Card,Cancelled,Standard,Mobile App,,,
84724413,881023,2025-05-18,Fashion,Classic Jeans,5,73.23,20,366.15,0.0,58.58,351.5,Credit Card,Delivered,Standard,Website,FREESHIP,7,5
19707466,107599,2025-09-19,Fashion,Cotton Hoodie,2,63.8,5,127.6,0.0,24.24,145.46,Credit Card,Returned,Standard,Mobile App,WELCOME10,6,
31901545,657571,2025-07-11,Sports,Dumbbell Set,2,129.6,14,259.2,12.9,44.58,280.39,Credit Card,Delivered,Express,Marketplace,VIP20,1,3
91173113,577111,2025-03-18,Books & Office,Notebook Set,3,24.12,17,72.36,0.0,12.01,72.07,Credit Card,Delivered,Pickup,Website,SAVE15,2,5
44115184,264538,2024-04-13,Electronics,Wireless Headphones,2,82.36,15,164.72,0.0,28.0,168.01,PayPal,Delivered,Standard,Website,,5,5
81706815,496342,2025-05-26,Electronics,Smart Watch,2,128.51,15,257.02,0.0,43.69,262.16,PayPal,Delivered,Standard,Marketplace,,6,5
92782986,892690,2025-04-20,Home & Kitchen,Coffee Maker,2,105.17,15,210.34,12.9,35.76,227.45,Credit Card,Delivered,Express,Marketplace,VIP20,2,4
29574905,886505,2025-10-28,Electronics,Bluetooth Speaker,1,64.62,20,64.62,5.9,10.34,67.94,Bank Transfer,Delivered,Standard,Mobile App,,5,3
20593461,250494,2025-08-06,Electronics,Wireless Headphones,1,77.38,10,77.38,5.9,13.93,89.47,PayPal,Returned,Standard,Website,,3,
14873733,523660,2025-08-12,Electronics,Wireless Headphones,1,87.22,22,87.22,5.9,13.61,87.54,Credit Card,Delivered,Standard,Mobile App,,4,4
86610200,225018,2024-08-20,Beauty,Skin Care Set,1,81.31,20,81.31,12.9,13.01,90.96,Credit Card,Delivered,Express,Website,SAVE15,1,3
61240007,419258,2025-07-17,Fashion,Classic Jeans,2,64.61,4,129.22,0.0,24.81,148.86,Google Pay,Returned,Standard,Website,WELCOME10,5,
13539766,621846,2025-09-14,Beauty,Perfume,1,100.65,14,100.65,5.9,17.31,109.77,Credit Card,Delivered,Standard,Website,,4,3
56694961,974572,2025-09-20,Fashion,Cotton Hoodie,1,60.38,10,60.38,12.9,10.87,78.11,Credit Card,Delivered,Express,Website,FREESHIP,1,5
90957828,368856,2025-10-01,Fashion,Running Shoes,1,110.92,20,110.92,5.9,17.75,0.0,Credit Card,Cancelled,Standard,Marketplace,VIP20,,
69398117,363814,2025-10-20,Books & Office,Data Analytics Book,1,43.55,29,43.55,5.9,6.18,0.0,Bank Transfer,Cancelled,Standard,Mobile App,VIP20,,
79510836,928797,2025-01-15,Beauty,Hair Dryer,1,64.69,6,64.69,5.9,12.16,78.87,PayPal,Delivered,Standard,Website,,4,4
78195755,101244,2025-05-20,Fashion,Cotton Hoodie,2,70.04,20,140.08,0.0,22.41,134.47,PayPal,Delivered,Standard,Website,,4,5
57923121,974572,2025-10-20,Electronics,Bluetooth Speaker,1,69.95,0,69.95,5.9,13.99,89.84,Apple Pay,Delivered,Standard,Mobile App,,5,4
55215167,581771,2025-09-03,Sports,Fitness Tracker,1,104.38,2,104.38,5.9,20.46,128.65,PayPal,Delivered,Standard,Website,,5,5
61921008,767194,2025-12-24,Fashion,Running Shoes,1,95.93,19,95.93,5.9,11.65,95.25,Credit Card,Delivered,Standard,Marketplace,VIP20,5,4
40582193,801451,2025-12-31,Beauty,Hair Dryer,2,57.93,14,115.86,5.9,14.95,120.49,PayPal,Delivered,Standard,Mobile App,WELCOME10,6,5
35859330,688526,2025-11-02,Beauty,Makeup Kit,1,47.25,9,47.25,5.9,8.6,57.5,Credit Card,Delivered,Standard,Mobile App,,3,4
97297393,883140,2024-11-24,Electronics,Smart Watch,1,142.11,21,142.11,0.0,22.45,134.72,Credit Card,Delivered,Standard,Mobile App,,5,4
62636019,443824,2025-11-12,Books & Office,Monitor Stand,1,37.99,28,37.99,12.9,5.47,45.72,Credit Card,Delivered,Express,Mobile App,FREESHIP,3,3
96801668,974572,2025-07-10,Electronics,USB-C Hub,1,45.66,2,45.66,5.9,8.95,59.6,Credit Card,Delivered,Standard,Mobile App,SAVE15,6,5
29072701,737412,2025-11-15,Beauty,Skin Care Set,2,94.35,9,188.7,0.0,34.34,206.06,Apple Pay,Delivered,Standard,Website,,3,5
19144553,527499,2024-11-16,Home & Kitchen,Cookware Set,1,157.09,24,157.09,12.9,23.88,156.17,Credit Card,Delivered,Express,Website,,1,5
78104724,100536,2025-11-22,Electronics,USB-C Hub,1,43.95,4,43.95,12.9,8.44,63.53,Credit Card,Delivered,Express,Mobile App,,1,3
77813100,889635,2025-09-18,Sports,Yoga Mat,1,40.82,7,40.82,12.9,7.59,0.0,Credit Card,Cancelled,Express,Mobile App,FREESHIP,,
70999976,860337,2025-06-10,Electronics,Wireless Headphones,1,104.22,10,104.22,5.9,18.76,118.46,PayPal,Delivered,Standard,Website,FREESHIP,5,5
19493686,633555,2025-08-14,Electronics,Bluetooth Speaker,3,68.13,5,204.39,0.0,38.83,233.0,Google Pay,Delivered,Standard,Website,VIP20,4,4
12658605,748099,2025-09-06,Home & Kitchen,Desk Lamp,1,47.01,25,47.01,5.9,7.05,48.21,Credit Card,Delayed,Standard,Website,,8,3
30788933,600680,2025-04-19,Electronics,Smart Watch,2,142.1,22,284.2,0.0,44.34,266.02,Credit Card,Delivered,Pickup,Mobile App,,2,5
36981993,225018,2025-10-07,Home & Kitchen,Cookware Set,2,168.17,10,336.34,0.0,60.54,363.25,Credit Card,Delivered,Standard,Website,,6,4
80925252,593958,2025-12-03,Beauty,Hair Dryer,1,64.81,4,64.81,5.9,12.44,80.56,PayPal,Delivered,Standard,Website,,5,4
61852709,746525,2025-11-29,Home & Kitchen,Blender,1,85.43,4,85.43,5.9,16.4,104.31,Credit Card,Delivered,Standard,Website,SAVE15,5,4
45243990,648698,2025-08-14,Electronics,Wireless Headphones,2,93.47,0,186.94,0.0,28.04,214.98,PayPal,Delivered,Standard,Marketplace,,2,5
80471578,767194,2025-07-15,Electronics,Smart Watch,1,137.12,22,137.12,12.9,16.04,135.89,Credit Card,Delivered,Express,Marketplace,VIP20,1,5
90187789,904949,2025-07-01,Sports,Cycling Helmet,2,82.03,2,164.06,12.9,24.12,0.0,Credit Card,Cancelled,Express,Mobile App,,,
17817385,645394,2025-09-15,Sports,Dumbbell Set,2,118.08,2,236.16,0.0,17.82,249.26,Bank Transfer,Delivered,Standard,Website,VIP20,5,5
79573093,830384,2025-02-03,Fashion,Cotton Hoodie,1,63.99,15,63.99,12.9,10.88,78.17,Google Pay,Delivered,Express,Marketplace,WELCOME10,1,4
87685041,272490,2025-04-08,Sports,Cycling Helmet,1,69.84,20,69.84,5.9,11.17,72.94,Credit Card,Delivered,Standard,Website,,4,2
79995205,921568,2025-07-26,Books & Office,Monitor Stand,1,43.34,6,43.34,5.9,8.15,54.79,Bank Transfer,Delivered,Standard,Marketplace,WELCOME10,3,3
28707636,287149,2025-05-20,Books & Office,Notebook Set,1,24.6,12,24.6,5.9,4.33,0.0,Credit Card,Cancelled,Standard,Website,,,
18673681,900924,2024-11-18,Home & Kitchen,Air Fryer,5,150.45,29,752.25,0.0,106.82,640.92,Credit Card,Delivered,Standard,Website,,5,5
39108768,241563,2025-12-25,Sports,Fitness Tracker,1,96.86,34,96.86,12.9,12.79,89.62,Google Pay,Delivered,Express,Website,WELCOME10,2,5
87909402,487033,2025-10-06,Electronics,Smart Watch,1,160.73,0,160.73,0.0,32.15,192.88,Credit Card,Returned,Standard,Website,,5,
89583462,136522,2025-05-28,Home & Kitchen,Desk Lamp,4,53.26,2,213.04,12.9,41.76,263.44,Credit Card,Delivered,Express,Website,,1,5
10707613,695508,2024-10-02,Home & Kitchen,Coffee Maker,2,91.11,29,182.22,0.0,25.88,155.26,Google Pay,Delivered,Standard,Website,,5,5
82797319,264538,2024-06-25,Fashion,Backpack,2,73.01,0,146.02,12.9,29.2,188.12,Google Pay,Delivered,Express,Website,,1,5
47171052,831444,2024-11-27,Sports,Resistance Bands,2,33.12,31,66.24,5.9,9.14,60.75,Credit Card,Delivered,Standard,Mobile App,,5,5
99631579,709841,2025-05-21,Fashion,Backpack,3,75.75,17,227.25,0.0,37.72,226.34,Credit Card,Delivered,Standard,Mobile App,,7,4
47783203,463147,2025-09-05,Beauty,Skin Care Set,1,79.79,5,79.79,0.0,15.16,90.96,Credit Card,Delivered,Pickup,Website,,1,3
37766756,921568,2025-06-08,Electronics,Smart Watch,5,143.95,9,719.75,12.9,130.99,798.86,Bank Transfer,Delivered,Express,Mobile App,WELCOME10,1,5
52439127,874948,2025-08-02,Fashion,Winter Jacket,2,184.2,22,368.4,12.9,57.47,357.72,PayPal,Delivered,Express,Website,,1,5
73803581,254665,2025-06-20,Home & Kitchen,Coffee Maker,1,106.07,5,106.07,12.9,20.15,133.82,PayPal,Delivered,Express,Marketplace,WELCOME10,2,4
41061035,553514,2025-11-29,Electronics,Wireless Headphones,3,85.92,19,257.76,0.0,31.32,240.11,Apple Pay,Delivered,Standard,Website,WELCOME10,4,4
67033334,770578,2025-11-26,Fashion,Cotton Hoodie,1,65.67,4,65.67,12.9,12.61,88.55,Apple Pay,Delivered,Express,Website,FREESHIP,1,
28635461,847964,2025-11-10,Fashion,Classic Jeans,1,67.83,4,67.83,5.9,13.02,84.04,Apple Pay,Delivered,Standard,Mobile App,FREESHIP,4,5
53714458,871400,2024-12-06,Sports,Yoga Mat,1,41.42,26,41.42,5.9,6.13,42.68,Apple Pay,Delivered,Standard,Marketplace,,5,4
14420463,651126,2025-11-05,Beauty,Perfume,2,95.58,14,191.16,12.9,32.88,210.18,PayPal,Delivered,Express,Website,,1,4
30540927,131819,2024-10-09,Books & Office,Ergonomic Mouse,1,45.02,2,45.02,5.9,8.82,58.84,Credit Card,Delivered,Standard,Website,,4,5
66750956,256405,2025-07-27,Fashion,Winter Jacket,1,177.43,14,177.43,0.0,30.52,183.11,Google Pay,Delivered,Pickup,Mobile App,,1,4
61820662,118311,2025-08-30,Sports,Fitness Tracker,1,92.52,17,92.52,0.0,15.36,92.15,Credit Card,Delivered,Pickup,Website,,1,5
36736187,250538,2024-12-17,Beauty,Perfume,1,109.48,11,109.48,5.9,19.49,122.83,Credit Card,Delivered,Standard,Website,,5,4
37929120,215222,2024-04-26,Fashion,Running Shoes,1,106.05,24,106.05,12.9,16.12,109.62,PayPal,Delivered,Express,Website,FREESHIP,1,
88520978,105502,2025-11-11,Electronics,Bluetooth Speaker,2,58.24,35,116.48,0.0,15.14,90.85,Credit Card,Delivered,Pickup,Mobile App,WELCOME10,1,3
79916178,503699,2025-04-08,Electronics,USB-C Hub,1,47.22,17,47.22,5.9,7.84,52.93,Bank Transfer,Delayed,Standard,Mobile App,VIP20,7,2
21109534,455270,2025-07-11,Electronics,Mechanical Keyboard,2,98.5,6,197.0,0.0,37.04,222.22,Credit Card,Delivered,Pickup,Mobile App,SAVE15,1,3
35721192,415734,2024-10-22,Fashion,Winter Jacket,2,161.75,10,323.5,12.9,58.23,362.28,Apple Pay,Delivered,Express,Mobile App,,3,4
80177921,990675,2025-06-25,Home & Kitchen,Blender,1,74.86,25,74.86,5.9,11.23,73.28,Credit Card,Delivered,Standard,Mobile App,,3,5
93007549,900924,2024-06-27,Electronics,Smart Watch,2,143.96,5,287.92,12.9,54.7,341.12,Bank Transfer,Delivered,Express,Website,,1,5
70706589,319377,2024-12-16,Electronics,Mechanical Keyboard,5,101.08,13,505.4,0.0,87.94,527.64,PayPal,Delivered,Standard,Mobile App,FREESHIP,4,5
36642101,650860,2025-12-13,Books & Office,Office Chair,1,182.97,24,182.97,0.0,27.81,166.87,Credit Card,Delivered,Pickup,Website,WELCOME10,1,3
54342133,481750,2025-12-04,Books & Office,Ergonomic Mouse,2,54.15,14,108.3,5.9,18.63,117.67,,Delivered,Standard,Marketplace,,4,3
26525459,105502,2025-12-19,Books & Office,Ergonomic Mouse,2,51.74,26,103.48,5.9,15.32,0.0,Credit Card,Cancelled,Standard,Marketplace,FREESHIP,,
77487261,159448,2025-11-13,Fashion,Backpack,1,70.92,4,70.92,5.9,13.62,87.6,Credit Card,Delivered,Standard,Website,FREESHIP,6,5
11549567,651126,2025-11-29,Electronics,Smart Watch,1,164.51,4,164.51,0.0,31.59,189.52,Credit Card,Delivered,Pickup,Marketplace,FREESHIP,1,3
52201559,476136,2025-09-26,Sports,Fitness Tracker,1,92.65,10,92.65,5.9,16.68,105.96,Apple Pay,Delivered,Standard,Mobile App,,4,4
51416277,648698,2025-04-25,Home & Kitchen,Coffee Maker,1,106.69,15,106.69,0.0,13.6,104.29,Credit Card,Delivered,Pickup,Website,,1,2
45786455,270734,2025-08-23,Beauty,Makeup Kit,1,57.14,17,57.14,12.9,9.49,69.82,Credit Card,Delivered,Express,Marketplace,FREESHIP,1,4
24344098,907651,2024-12-11,Electronics,Wireless Headphones,2,93.44,4,186.88,12.9,35.88,228.18,Credit Card,Delivered,Express,Website,,2,5
29185705,920398,2025-11-09,Books & Office,Data Analytics Book,3,40.41,29,121.23,0.0,17.21,103.28,Credit Card,Delayed,Standard,Mobile App,SAVE15,8,3
62150315,104428,2025-09-13,Electronics,USB-C Hub,3,42.3,2,126.9,12.9,24.87,162.13,Credit Card,Delivered,Express,Website,VIP20,1,5
37113197,225761,2024-07-31,Electronics,Bluetooth Speaker,1,67.97,16,67.97,5.9,11.42,74.41,Google Pay,Delivered,Standard,Mobile App,,5,5
80485304,215222,2024-06-14,Electronics,Mechanical Keyboard,4,105.37,24,421.48,0.0,64.06,384.38,Credit Card,Delivered,Standard,Website,WELCOME10,5,5
54590469,252422,2025-04-12,Electronics,Wireless Headphones,1,93.73,9,93.73,5.9,17.06,108.25,Credit Card,Delivered,Standard,Website,FREESHIP,3,4
17174971,606502,2025-11-17,Home & Kitchen,Air Fryer,1,134.14,11,134.14,0.0,23.88,143.26,Credit Card,Delivered,Standard,Website,SAVE15,5,3
43186415,969617,2025-06-25,Home & Kitchen,Desk Lamp,1,48.59,24,48.59,5.9,7.39,0.0,PayPal,Cancelled,Standard,Website,VIP20,,
57523286,927673,2025-07-21,Fashion,Classic Jeans,1,63.5,29,63.5,12.9,9.02,67.01,Apple Pay,Delivered,Express,Website,VIP20,4,3
35296608,597105,2025-08-04,Electronics,Mechanical Keyboard,1,86.8,12,86.8,5.9,15.28,97.56,Credit Card,Returned,Standard,Mobile App,SAVE15,7,
26425079,497108,2025-07-04,Books & Office,Data Analytics Book,4,41.92,12,167.68,0.0,29.51,177.07,Apple Pay,Returned,Standard,Mobile App,,5,
62161489,443824,2025-06-26,Home & Kitchen,Air Fryer,1,131.05,14,131.05,12.9,22.54,148.14,Credit Card,Delivered,Express,Mobile App,WELCOME10,2,4
60344519,535113,2025-11-22,Fashion,Running Shoes,1,107.68,4,107.68,5.9,20.67,129.94,Credit Card,Delivered,Standard,Website,,5,5
57683479,391759,2025-06-19,Home & Kitchen,Desk Lamp,1,44.05,17,44.05,5.9,5.48,47.94,Apple Pay,Delivered,Standard,Marketplace,,5,5
23131893,178261,2025-04-12,Electronics,Wireless Headphones,1,85.97,17,85.97,12.9,14.27,98.53,PayPal,Delayed,Express,Website,WELCOME10,3,3
79275024,587217,2024-07-16,Fashion,Classic Jeans,1,66.16,32,66.16,5.9,3.46,54.35,Credit Card,Delivered,Standard,Website,,5,5
58554233,892918,2024-11-16,Home & Kitchen,Blender,1,79.09,33,79.09,5.9,10.6,69.49,Credit Card,Returned,Standard,Website,SAVE15,5,
69492079,658241,2025-07-03,Electronics,Bluetooth Speaker,1,67.55,9,67.55,12.9,12.29,86.66,Credit Card,Delivered,Express,Website,WELCOME10,3,3
54025178,571089,2025-11-20,Electronics,Mechanical Keyboard,1,97.51,11,97.51,5.9,17.36,110.04,Credit Card,Delayed,Standard,Website,,8,3
68457948,450952,2025-04-07,Home & Kitchen,Blender,1,71.41,10,71.41,12.9,12.85,90.02,Apple Pay,Delivered,Express,Website,,3,4
68598900,243925,2025-08-11,Books & Office,Notebook Set,1,26.94,2,26.94,5.9,5.28,37.58,Google Pay,Delivered,Standard,Mobile App,VIP20,6,4
12181975,726493,2024-10-26,Home & Kitchen,Desk Lamp,3,50.18,17,150.54,0.0,9.62,134.57,Bank Transfer,Delivered,Pickup,Website,,1,4
47200252,913479,2025-03-20,Sports,Resistance Bands,1,34.17,10,34.17,5.9,6.15,42.8,Credit Card,Delivered,Standard,Mobile App,WELCOME10,4,5
12251883,657545,2025-11-17,Books & Office,Ergonomic Mouse,1,59.27,21,59.27,5.9,9.36,62.08,Credit Card,Delivered,Standard,Website,,6,4
28777231,504154,2025-05-29,Books & Office,Monitor Stand,1,48.01,22,48.01,5.9,5.62,48.97,Credit Card,Returned,Standard,Mobile App,,4,
30113393,847964,2025-12-01,Home & Kitchen,Coffee Maker,1,85.29,29,85.29,0.0,12.11,72.67,Credit Card,Delivered,Pickup,Mobile App,WELCOME10,2,4
52429702,686999,2025-10-11,Beauty,Hair Dryer,3,61.8,2,185.4,12.9,36.34,230.93,Credit Card,Delivered,Express,Mobile App,,1,5
81708282,220772,2024-06-09,Electronics,Bluetooth Speaker,2,75.15,10,150.3,0.0,10.42,145.69,Bank Transfer,Delivered,Standard,Mobile App,,6,4
74958613,180687,2025-01-29,Electronics,USB-C Hub,1,46.01,4,46.01,5.9,8.83,58.9,Google Pay,Returned,Standard,Mobile App,WELCOME10,5,
93972267,135253,2025-05-30,Electronics,Mechanical Keyboard,2,96.89,15,193.78,0.0,32.94,197.65,Credit Card,Delivered,Standard,Mobile App,WELCOME10,5,5
96724712,197705,2025-02-16,Home & Kitchen,Desk Lamp,4,48.02,12,192.08,0.0,33.81,202.84,Credit Card,Delivered,Standard,Website,,4,4
71965583,648698,2024-06-09,Fashion,Running Shoes,1,111.56,15,111.56,5.9,14.22,114.95,Bank Transfer,Delivered,Standard,Mobile App,,5,5
89189311,737650,2025-06-12,Books & Office,Office Chair,2,218.41,12,436.82,0.0,29.6,414.0,PayPal,Delivered,Standard,Website,FREESHIP,4,4
42210431,859385,2025-09-03,Electronics,USB-C Hub,2,41.39,0,82.78,12.9,16.56,112.24,Credit Card,Delivered,Express,Mobile App,,1,5
81249425,746011,2025-07-07,Electronics,Smart Watch,3,153.44,2,460.32,0.0,90.22,541.33,Credit Card,Delivered,Standard,Website,SAVE15,8,3
29643597,220772,2025-12-22,Electronics,Bluetooth Speaker,2,79.14,4,158.28,0.0,11.7,163.65,PayPal,Delivered,Standard,Mobile App,FREESHIP,5,4
55569949,443824,2025-08-15,Electronics,Mechanical Keyboard,2,88.31,9,176.62,0.0,32.14,192.86,Apple Pay,Delivered,Pickup,Website,FREESHIP,1,3
10270783,385226,2025-05-13,Electronics,Bluetooth Speaker,2,75.12,12,150.24,12.9,26.44,171.55,PayPal,Delayed,Express,Mobile App,VIP20,6,2
67388869,801451,2025-12-12,Home & Kitchen,Air Fryer,2,115.02,24,230.04,0.0,26.22,201.05,Google Pay,Delivered,Standard,Website,VIP20,4,5
22859126,487033,2024-08-16,Electronics,Mechanical Keyboard,1,90.19,0,90.19,5.9,18.04,114.13,Google Pay,Delivered,Standard,Mobile App,,5,5
75532179,812830,2025-12-19,Books & Office,Notebook Set,1,22.26,4,22.26,5.9,4.27,31.54,Credit Card,Returned,Standard,Website,,5,
65378561,799352,2025-12-31,Beauty,Hair Dryer,1,68.89,14,68.89,0.0,11.85,0.0,Bank Transfer,Cancelled,Pickup,Marketplace,FREESHIP,,
72926868,391759,2025-02-16,Sports,Dumbbell Set,4,122.07,7,488.28,0.0,68.11,0.0,Credit Card,Cancelled,Standard,Mobile App,,,
26754186,745605,2025-12-05,Beauty,Makeup Kit,1,56.76,29,56.76,5.9,8.06,54.26,Google Pay,Delivered,Standard,Mobile App,VIP20,6,3
42206658,334627,2025-08-19,Sports,Yoga Mat,1,35.91,10,35.91,5.9,6.46,44.68,Apple Pay,Delivered,Standard,Mobile App,,4,4
28523255,264538,2025-04-04,Sports,Fitness Tracker,3,98.56,10,295.68,0.0,53.22,319.33,Bank Transfer,Delivered,Standard,Mobile App,,5,4
86974413,866265,2024-10-09,Fashion,Running Shoes,2,120.17,7,240.34,0.0,44.7,268.22,PayPal,Delivered,Standard,Website,VIP20,6,5
39898941,511732,2025-12-25,Home & Kitchen,Coffee Maker,2,89.0,16,178.0,12.9,29.9,192.32,PayPal,Delivered,Express,Mobile App,SAVE15,1,5
84954206,319377,2025-09-27,Home & Kitchen,Air Fryer,1,122.05,34,122.05,0.0,16.11,96.66,Credit Card,Delivered,Standard,Website,SAVE15,4,5
59082826,178261,2025-12-23,Electronics,Mechanical Keyboard,1,109.28,6,109.28,12.9,20.54,136.16,PayPal,Delivered,Express,Mobile App,,1,4
55855763,648235,2024-12-15,Beauty,Skin Care Set,1,77.8,21,77.8,12.9,12.29,86.65,Bank Transfer,Delivered,Express,Website,SAVE15,1,5
90139946,497108,2025-08-15,Beauty,Skin Care Set,1,80.46,10,80.46,5.9,14.48,92.79,Apple Pay,Delayed,Standard,Website,SAVE15,9,3
21903834,100813,2025-06-29,Fashion,Winter Jacket,3,157.14,15,471.42,0.0,80.14,480.85,Credit Card,Delivered,Standard,Website,VIP20,5,4
85782538,422472,2025-11-23,Fashion,Cotton Hoodie,1,51.43,21,51.43,5.9,8.13,54.66,Apple Pay,Delivered,Standard,Website,,3,3
85823866,888971,2025-06-24,Electronics,Wireless Headphones,4,92.46,0,369.84,0.0,55.48,425.32,Credit Card,Delivered,Standard,Website,,5,4
48702058,368856,2025-11-04,Books & Office,Ergonomic Mouse,2,57.1,9,114.2,5.9,20.78,130.6,Credit Card,Delivered,Standard,Website,FREESHIP,5,5
22537524,773799,2024-04-26,Sports,Dumbbell Set,2,117.38,0,234.76,0.0,46.95,281.71,PayPal,Delivered,Standard,Website,,6,5
88191214,401774,2025-12-19,Books & Office,Office Chair,3,218.47,14,655.41,0.0,112.73,676.38,Bank Transfer,Delivered,Standard,Mobile App,WELCOME10,5,4
18839137,504154,2025-09-02,Fashion,Backpack,1,67.54,17,67.54,5.9,8.41,70.37,Google Pay,Delivered,Standard,Website,,5,5
66512196,260393,2025-03-07,Electronics,Mechanical Keyboard,2,80.68,10,161.36,0.0,29.04,174.26,Bank Transfer,Delivered,Pickup,Website,SAVE15,1,4
35429391,463147,2025-05-26,Electronics,Mechanical Keyboard,1,109.12,15,109.12,5.9,18.55,117.2,Apple Pay,Delivered,Standard,Website,VIP20,5,4
10727648,923517,2025-08-17,Electronics,Mechanical Keyboard,1,111.13,12,111.13,12.9,19.56,130.25,Bank Transfer,Returned,Express,Website,SAVE15,1,
38129107,478316,2025-10-24,Books & Office,Notebook Set,2,22.91,5,45.82,5.9,8.71,58.14,Apple Pay,Delivered,Standard,Marketplace,FREESHIP,6,4
37208090,455270,2025-07-15,Electronics,Smart Watch,1,157.23,11,157.23,0.0,27.99,167.92,Google Pay,Delivered,Standard,Mobile App,WELCOME10,6,4
25279110,633842,2025-08-22,Beauty,Makeup Kit,3,62.61,9,187.83,0.0,13.16,184.09,Credit Card,Delayed,Standard,Mobile App,SAVE15,10,3
96684194,608992,2025-08-03,Beauty,Perfume,2,81.13,0,162.26,0.0,32.45,194.71,Google Pay,Delivered,Standard,Website,,5,5
30165478,549554,2024-11-11,Books & Office,Ergonomic Mouse,1,49.11,8,49.11,5.9,9.04,60.12,PayPal,Delivered,Standard,Website,,4,5
24172857,617166,2025-08-21,Beauty,Perfume,1,94.16,5,94.16,5.9,17.89,113.24,Credit Card,Delivered,Standard,Mobile App,,5,4
49069882,287149,2025-08-28,Home & Kitchen,Air Fryer,2,117.98,7,235.96,12.9,43.89,276.23,PayPal,Delivered,Express,Mobile App,,1,4
66497587,633555,2025-05-31,Beauty,Perfume,1,101.62,0,101.62,0.0,20.32,121.94,PayPal,Returned,Pickup,Mobile App,,1,
45075400,481750,2025-12-23,Electronics,Smart Watch,2,124.91,14,249.82,12.9,42.97,270.72,Apple Pay,Delayed,Express,Mobile App,VIP20,4,3
22608436,780313,2024-09-28,Electronics,USB-C Hub,2,40.74,32,81.48,5.9,11.08,72.39,Credit Card,Delivered,Standard,Website,FREESHIP,4,5
55855506,744782,2024-09-26,Electronics,Mechanical Keyboard,1,98.12,10,98.12,5.9,17.66,111.87,Credit Card,Delivered,Standard,Website,VIP20,5,3
25135038,617166,2025-07-30,Home & Kitchen,Cookware Set,2,159.21,32,318.42,0.0,43.31,259.84,Credit Card,Delivered,Standard,Mobile App,WELCOME10,6,5
49573439,888971,2025-06-10,Electronics,USB-C Hub,2,49.14,10,98.28,5.9,13.27,107.62,PayPal,Delivered,Standard,Website,,5,3
32599881,908200,2025-06-29,Fashion,Classic Jeans,4,68.1,12,272.4,0.0,47.94,287.65,Credit Card,Delivered,Standard,Marketplace,,6,5
11271827,476136,2025-09-24,Home & Kitchen,Blender,1,75.72,0,75.72,0.0,15.14,90.86,Apple Pay,Delivered,Pickup,Website,,2,5
64002135,951634,2025-03-10,Fashion,Cotton Hoodie,5,56.67,34,283.35,0.0,37.4,224.41,Bank Transfer,Returned,Standard,Mobile App,WELCOME10,4,
21515755,860337,2025-12-26,Fashion,Running Shoes,2,106.89,4,213.78,0.0,41.05,246.28,Google Pay,Delivered,Standard,Mobile App,VIP20,4,3
47409264,782891,2025-10-10,Home & Kitchen,Coffee Maker,2,104.19,22,208.38,0.0,32.51,195.05,Bank Transfer,Delivered,Standard,Marketplace,VIP20,5,4
99317058,681390,2025-09-18,Fashion,Winter Jacket,2,180.17,0,360.34,0.0,72.07,432.41,Credit Card,Delivered,Standard,Mobile App,,4,4
82807998,703633,2025-02-07,Beauty,Hair Dryer,1,59.29,30,59.29,5.9,8.3,55.7,Apple Pay,Delayed,Standard,Mobile App,WELCOME10,8,3
74643065,167359,2024-11-25,Sports,Dumbbell Set,2,115.02,28,230.04,0.0,33.13,198.76,Credit Card,Delivered,Standard,Website,FREESHIP,6,4
